order_id,customer_id,customer_name,sales_rep,region,country,sales_channel,product_id,product_name,category,order_date,quantity,unit_price,discount,shipping_cost,payment_method,order_status,customer_rating,sales_target,customer_age,customer_segment,warehouse,is_priority,delivery_days,return_reason,gross_sales,discount_amount,net_sales,profit,completely_empty_column_1,completely_empty_column_2,mostly_empty_notes,blank_column_1,Unnamed: blank_column,system_audit_dummy,internal_notes
ORD-10450,CUST-1100,Isabela Nogueira,Emma Wilson,North,France,ONLINE,PROD-124,Desk,Electronics,2022/09/14,16,734.89,0.212,43.63,Bank Transfer,Completed,3.5,2644.01,27.0,Enterprise,WH-01,Yes,8.0,,11758.24,2492.74688,9265.49312,9221.86312,,,,,,,
ORD-10755,CUST-1011,Rafael Teixeira,Carla Davis,North,France,Retail,PROD-120,Tablet,Food,2024-03-15 00:00:00,ten,1158.59,0.038,2.82,Cash,Completed,1.5,1572.65,68.0,Consumer,WH-04,No,3.0,Wrong Item,5792.95,220.1321,5572.8179,5569.9979,,,,,,,
ORD-10531,CUST-1009,Rafael Costa,Daniel Brown,East,Germany,Wholesale,PROD-119,Chair,Office Supplies,2022-09-10 00:00:00,13,1930.07,0.222,104.55,Bank Transfer,Completed,1.3,8963.15,58.0,Corporate,WH-04,Yes,13.0,Wrong Item,25090.91,5570.18202,19520.72798,19416.17798,,,,,,,
ORD-10377,CUST-1094,Camila Oliveira,Emma Wilson,South,UK,Online,PROD-134,Headphones,Office Supplies,2023-01-11 00:00:00,13,541.73,0.268,17.31,Debit Card,Completed,3.1,9895.93,61.0,Consumer,WH-03,No,6.0,Late Delivery,7042.49,1887.38732,5155.10268,5137.79268,,,,,,,
ORD-10998,CUST-1191,Larissa Monteiro,Grace Taylor,South,UK,Online,PROD-140,Tablet,Food,2022-08-29 00:00:00,6,1100.83,0.035,63.32,Debit Card,Cancelled,2.8,5475.63,24.0,Small Business,WH-03,No,10.0,Customer Changed Mind,6604.98,231.1743,6373.8057,6310.4857,,,,,,,
ORD-10313,CUST-1098,Laura Vieira,Grace Taylor,South,Canada,Online,PROD-139,Headphones,Electronics,2024-08-15 00:00:00,14,2346.21,0.104,104.13,Credit Card,Completed,2.6,2231.98,,Small Business,WH-03,No,11.0,Wrong Item,32846.94,3416.08176,29430.85824,29326.72824,,,,,,,
ORD-10962,CUST-1336,Renata Castro,Frank Miller,North,Australia,Direct,PROD-114,Laptop,Clothing,2025-04-09 00:00:00,10,2410.04,0.008,111.51,Bank Transfer,Returned,2.1,4864.69,33.0,Consumer,WH-01,No,2.0,Wrong Item,24100.4,192.8032,23907.596800000003,23796.086800000005,,,,,,,
ORD-10547,CUST-1335,camila santos,Alice Johnson,East,France,Wholesale,PROD-145,Mouse,Furniture,2023-03-23 00:00:00,19,1408.47,0.128,56.72,Debit Card,Completed,4.7,5514.8,56.0,Corporate,WH-02,Yes,7.0,Damaged,26760.93,3425.39904,23335.53096,23278.81096,,,,,,,
ORD-11140,CUST-1327,Clara Vieira,Carla Davis,South,Germany,Direct,PROD-128,Monitor,Food,2023-12-09 00:00:00,10,1252.44,0.046,145.23,Cash,Completed,2.4,1697.5,38.0,Enterprise,WH-04,Yes,5.0,,12524.4,576.1224000000001,11948.2776,11803.047600000002,,,,,,,
ORD-10598,CUST-1226,Priscila Cardoso,  Daniel Brown ,Central,Australia,Retail,PROD-115,Tablet,Furniture,2023-08-14 00:00:00,17,1339.59,0.104,89.08,Bank Transfer,Completed,2.7,9680.17,54.0,Enterprise,WH-02,Yes,2.0,,22773.03,2368.39512,20404.63488,20315.55488,,,,,,,
ORD-10096,CUST-1251,Ramon Azevedo,Grace Taylor,East,Australia,Direct,PROD-100,Phone,Food,2022-11-11 00:00:00,15,2402.75,,97.68,PayPal,Completed,,6581.25,65.0,Enterprise,WH-02,No,9.0,Wrong Item,36041.25,7893.03375,28148.21625,28050.53625,,,,,,,
ORD-10562,CUST-1322,Henrique Costa,Carla Davis,South,Australia,Wholesale,PROD-101,Laptop,Clothing,2024-04-18 00:00:00,18,1340.13,0.184,14.29,Cash,Completed,2.3,4935.76,69.0,Consumer,WH-02,No,7.0,Customer Changed Mind,24122.340000000004,4438.510560000001,19683.82944,19669.53944,,,,,,,
ORD-10779,CUST-1211,Beatriz Oliveira,Bob Smith,North,France,Wholesale,PROD-140,Chair,Clothing,2022-02-07 00:00:00,15,815.03,0.148,9.08,Credit Card,Completed,3.0,3296.7,41.0,Consumer,WH-01,Yes,7.0,Customer Changed Mind,12225.45,1809.3666,10416.0834,10407.0034,,,,,,,
ORD-10340,CUST-1237,Thiago Souza,Frank Miller,North,Brazil,Direct,PROD-109,Desk,Food,2025-08-29 00:00:00,13,373.63,0.19,71.02,Bank Transfer,Completed,2.6,6130.31,18.0,Enterprise,WH-01,No,7.0,,4857.19,922.8661,3934.3239,3863.3039,,,,,,,
ORD-10376,CUST-1180,Diego Ramos,Bob Smith,West,Brazil,Direct,PROD-133,Tablet,Office Supplies,2022-02-26 00:00:00,3,669.07,0.021,74.02,PayPal,Completed,1.4,897.7,19.0,Small Business,WH-01,Yes,13.0,Wrong Item,2007.21,42.151410000000006,1965.05859,1891.03859,,,,,,,
ORD-10538,CUST-1393,Lucas Pereira,Alice Johnson,West,France,Wholesale,PROD-103,Monitor,CLOTHING,2022-10-26 00:00:00,10,2000.2,0.014,142.34,Debit Card,Cancelled,,9535.53,69.0,Small Business,WH-03,No,1.0,Damaged,20002.0,280.028,19721.972,19579.632,,,,,,,
ORD-10650,CUST-1056,Bruno Pereira,Emma Wilson,West,Brazil,Retail,PROD-137,Chair,Electronics,2023-12-11 00:00:00,16,1975.76,0.193,104.93,Credit Card,Completed,1.8,3052.41,20.0,Consumer,WH-01,No,10.0,Wrong Item,31612.16,6101.14688,25511.01312,25406.08312,,,,,,,
ORD-10452,CUST-1052,Daniel Ramos,Carla Davis,South,Germany,Retail,PROD-140,Phone,Office Supplies,2025-09-30 00:00:00,10,1988.02,0.085,114.38,Cash,Completed,3.3,5539.97,51.0,Corporate,WH-03,No,14.0,Wrong Item,19880.2,1689.8170000000002,18190.383,18076.003,,,,,,,
ORD-10958,CUST-1106,Matheus Nogueira,Daniel Brown,West,UK,Direct,PROD-122,Headphones,Electronics,2022-09-14 00:00:00,18,2447.43,0.219,48.53,Credit Card,Completed,2.3,5752.26,27.0,Corporate,WH-03,No,7.0,Late Delivery,44053.74,9647.76906,34405.97094,34357.44094,,,,,,,
ORD-10383,CUST-1160,Pedro Gomes,,East,Canada,Online,PROD-121,Printer,Clothing,2022-03-17 00:00:00,15,429.48,0.143,144.65,Debit Card,Completed,2.2,2934.97,48.0,Enterprise,WH-01,No,9.0,Late Delivery,6442.200000000001,921.2346,5520.965400000001,5376.315400000001,,,,,,,
ORD-10644,CUST-1395,Felipe Santos,Bob Smith,West,Brazil,Direct,PROD-110,Coffee Maker,Office Supplies,2024-09-17 00:00:00,10,14.4,0.022,119.84,Bank Transfer,Completed,3.3,7861.22,37.0,Enterprise,WH-03,No,7.0,Late Delivery,144.0,3.168,140.832,20.99199999999999,,,,,,,
ORD-10751,CUST-1053,Rodrigo Silva,Alice Johnson,Central,Canada,Online,PROD-124,Monitor,Electronics,2022-07-17 00:00:00,18,628.44,0.282,24.64,Debit Card,Completed,1.7,501.67,65.0,Small Business,WH-01,No,9.0,Customer Changed Mind,11311.920000000002,3189.96144,8121.958560000002,8097.3185600000015,,,Manual review,,,,
ORD-10992,CUST-1238,Lucas Rocha,,Central,France,Online,PROD-102,Chair,Electronics,2025-12-11 00:00:00,5,2097.55,0.28,23.67,,Completed,1.6,9860.9,23.0,Consumer,WH-04,No,4.0,,10487.75,2936.57,7551.18,7527.51,,,,,,,
ORD-10305,CUST-1115,Mariana Cardoso,Bob Smith,east,UK,Retail,PROD-113,Tablet,electronics,2025-07-15 00:00:00,18,"2,292.43",0.101,36.88,Cash,Completed,1.1,3349.46,61.0,Small Business,WH-01,No,2.0,Damaged,41263.74,4167.63774,37096.10226,37059.22226,,,,,,,
ORD-11167,CUST-1124,Henrique Azevedo,Emma Wilson,Central,Germany,Direct,PROD-148,Monitor,Office Supplies,2024-10-31 00:00:00,4,1817.83,0.017,34.46,Bank Transfer,Completed,2.2,7074.71,61.0,Small Business,WH-03,No,12.0,Damaged,7271.32,123.61244,7147.70756,7113.24756,,,,,,,
ORD-10100,CUST-1156,Leonardo Ribeiro,Bob Smith,East,USA,Direct,PROD-116,  Mouse ,Food,2023-07-14 00:00:00,15,68.55,0.086,33.67,Cash,Returned,3.6,7803.19,25.0,Consumer,WH-01,Yes,14.0,Customer Changed Mind,1028.25,88.42949999999999,939.8205,906.1505,,,,,,,
ORD-10620,CUST-1083,Laura Ferreira,Alice Johnson,South,Brazil,Wholesale,PROD-117,Coffee Maker,Electronics,2022-10-26 00:00:00,16,2460.68,0.171,78.83,Cash,Cancelled,4.0,3038.25,48.0,Enterprise,WH-03,Yes,12.0,Damaged,39370.88,6732.42048,32638.45952,32559.629519999995,,,,,,,
ORD-10449,CUST-1053,Daniel Azevedo,Daniel Brown,North,France,Retail,PROD-101,Notebook,   ,01/14/2022,15,1498.6,0.05,89.18, ,Completed,1.8,9620.31,48.0,Consumer,WH-03,No,6.0,Damaged,22479.0,1123.95,21355.05,21265.87,,,,,,,
ORD-10569,CUST-1396,Bianca Cardoso,Daniel Brown,West,,Online,PROD-128,Desk,Food,2025-06-11 00:00:00,1,1984.28,0.234,82.02,,Completed,3.4,8196.46,52.0,Small Business,WH-03,Yes,8.0,Late Delivery,1984.28,464.32152,1519.95848,1437.93848,,,,,,,
ORD-10849,CUST-1249,Gabriel Moreira,Carla Davis,North,Germany,Retail,PROD-149,Headphones,Clothing,2024-03-24 00:00:00,6,358.17,0.273,116.0,Cash,Completed,1.0,7158.83,30.0,Corporate,WH-04,Yes,12.0,Customer Changed Mind,2149.02,586.68246,1562.33754,1446.33754,,,,,,,
ORD-11149,CUST-1164,Juliana Azevedo,Alice Johnson,South,UK,Wholesale,PROD-113,Phone,Furniture,2022-09-21 00:00:00,17,188.59,2.4%,63.68,Credit Card,Completed,1.9,2459.17,37.0,Small Business,WH-02,No,12.0,Late Delivery,3206.03,76.94472,3129.08528,3065.4052800000004,,,,,,,
ORD-10720,CUST-1189,Matheus Dias,Frank Miller,East,Canada,Wholesale,PROD-146,Desk,Food,2024-10-04 00:00:00,8,1568.08,0.16,67.04,Debit Card,Completed,1.3,5884.78,31.0,Small Business,WH-01,No,8.0,Customer Changed Mind,12544.64,2007.1424,10537.4976,10470.457599999998,,,,,,,
ORD-10728,CUST-1172,Larissa Gomes,  Frank Miller ,East,Brazil,Wholesale,PROD-129,Mouse,Furniture,16/08/2024,15,49.5,0.224,17.62,Cash,Completed,4.5,6354.4,35.0,Small Business,WH-01,No,6.0,Wrong Item,742.5,166.32,576.1800000000001,558.5600000000001,,,,,,,
ORD-10918,CUST-1387,Natalia Souza,Carla Davis,South,Brazil,Wholesale,PROD-135,Monitor,furniture,2023-09-08 00:00:00,13,11.74,0.068,143.81,Bank Transfer,Completed,2.6,7618.68,73.0,Corporate,WH-02,Yes,10.0,Late Delivery,152.62,10.37816,142.24184,-1.568160000000006,,,,,,,
ORD-10831,CUST-1082,Larissa Teixeira,Carla Davis,West,France,Retail,PROD-114,Chair,Food,2023/09/29,7,992.36,0.169,117.03,Bank Transfer,Pending,3.1,1766.75,34.0,Corporate,WH-02,No,4.0,Late Delivery,6946.52,1173.96188,5772.558120000001,5655.528120000001,,,,,,,
ORD-10323,CUST-1168,Manuela Freitas,Henry Moore,Central,UK,Direct,PROD-125,Chair,Furniture,2023-08-27 00:00:00,,440.75,0.104,71.26,,Completed,4.5,3583.7,26.0,Consumer,WH-04,No,2.0,Wrong Item,7052.0,733.408,6318.592,6247.331999999999,,,,,,,
ORD-10955,CUST-1238,Renata Mendes,Frank Miller,South,UK,Online,PROD-144,  Phone ,Electronics,2022-11-07 00:00:00,1,$715.10,0.08,15.36,Credit Card,Completed,2.4,9282.7,25.0,Consumer,WH-03,No,2.0,,715.1,57.208000000000006,657.892,642.532,,,,,,,
ORD-10908,CUST-1370,Matheus Pereira,Carla Davis,South,Australia,Wholesale,PROD-100,Mouse,Food,2025-05-13 00:00:00,10,993.91,0.212,132.97,Debit Card,Pending,1.5,1922.39,67.0,Enterprise,WH-03,No,14.0,,9939.1,2107.0892,7832.0108,7699.0408,,,,,,,
ORD-10196,CUST-1258,Fernanda Mendes,Carla Davis,West,Australia,Retail,PROD-110,Laptop,Office Supplies,2023-02-25 00:00:00,19,1478.0,0.109,52.5,Cash,Completed,4.0,4543.4,35.0,Corporate,WH-04,No,10.0,,28082.0,3060.938,25021.062,24968.562,,,,,,,
,,Fernanda Dias,,,,,,,,,,,,,,,,,,,,,,,,,,,,,,,,,
ORD-10548,CUST-1246,Sofia Castro,Alice Johnson,Central,Canada,Wholesale,PROD-108,Headphones,Office Supplies,2022-04-19 00:00:00,14,1008.32,0.166,120.59,Credit Card,Completed,2.6,6145.41,73.0,Consumer,WH-02,No,7.0,Damaged,14116.48,2343.33568,11773.14432,11652.55432,,,,,,,
ORD-10544,CUST-1003,Patricia Santos,Emma Wilson,Central,Brazil,Wholesale,PROD-107,Phone,Food,2024-05-23 00:00:00,10,601.07,twenty percent,54.22,Credit Card,Completed,2.3,4671.0,42.0,Small Business,WH-03,No,5.0,Wrong Item,6010.700000000001,348.6206000000001,5662.0794000000005,5607.8594,,,,,,,
ORD-11051,CUST-1151,Beatriz Lima,Daniel Brown,South,Canada,Online,PROD-123,Desk,Electronics,2023-04-12 00:00:00,16,1060.57,0.2,49.35,Debit Card,RETURNED,4.2,2712.67,29.0,Enterprise,WH-02,Yes,5.0,,16969.12,3393.824,13575.295999999998,13525.945999999998,,,,,,,
ORD-10756,CUST-1329,Lucas Moraes,Grace Taylor,NORTH,Brazil,Wholesale,PROD-121,Phone,Food,2024-05-08 00:00:00,14,190.46,0.248,146.09,Cash,Completed,2.9,6980.91,36.0,Enterprise,WH-04,No,12.0,Customer Changed Mind,2666.44,661.27712,2005.16288,1859.07288,,,,,,,
ORD-10877,CUST-1097,Priscila Gomes,Carla Davis,West,France,Wholesale,PROD-110,Keyboard,  Food ,2022-12-02 00:00:00,12,1505.29,0.206,93.91,Debit Card,Completed,3.2,8536.05,47.0,Corporate,WH-01,No,3.0,Wrong Item,18063.48,3721.07688,14342.40312,14248.49312,,,,,,,
ORD-10224,CUST-1186,Camila Lima,  Carla Davis ,South,USA,Retail,PROD-122,Printer,Office Supplies,2025-12-08 00:00:00,7,1570.75,0.146,9.43,Bank Transfer,Pending,1.6,1469.59,29.0,Consumer,WH-02,Yes,1.0,Late Delivery,10995.25,1605.3065,9389.9435,9380.5135,,,,,,,
ORD-10752,CUST-1373,Isabela Moraes,Carla Davis,East,Germany,Wholesale,PROD-129,Mouse,Office Supplies,2022-07-24 00:00:00,N/A,,0.18,112.99,,Completed,4.2,2044.76,30.0,Corporate,WH-04,no,5.0,,7712.3,1388.214,6324.086,6211.0960000000005,,,,,,,follow up
ORD-10977,CUST-1027,Rafael Nogueira,Bob Smith, ,UK,Online,PROD-115,Headphones,Clothing,2023-08-09 00:00:00,19,988.0,0.006,26.01,credit card,Completed,2.1,9250.9,34.0,Enterprise,WH-02,No,11.0,Damaged,18772.0,112.632,18659.368,18633.358,,,,,,,
ORD-11040,CUST-1149,Vinicius Pereira,Bob Smith,Central,USA,Online,PROD-136,Chair,Clothing,2025-02-09 00:00:00,9,385.67,0.162,118.74,Bank Transfer,Completed,2.3,9832.42,68.0,Consumer,WH-02,Yes,8.0,Late Delivery,3471.03,562.30686,2908.72314,2789.9831400000003,,,,,,,
ORD-10656,CUST-1397,Lucas Dias,Carla Davis,East,Canada,Retail,PROD-129,Notebook,Furniture,2025-03-15 00:00:00,19,1131.26,0.088,85.95,PayPal,completed,3.7,2694.15,18.0,Consumer,WH-02,No,3.0,,21493.94,1891.46672,19602.47328,19516.52328,,,,,,,
ORD-10055,CUST-1264,Aline Lima,Frank Miller,Central,UK,Retail,PROD-124,Monitor,Electronics,2024-04-29 00:00:00,3,1592.89,0.298,105.93,Cash,Completed,1.5,1739.95,34.0,Enterprise,WH-04,No,8.0,Customer Changed Mind,4778.67,1424.04366,3354.62634,3248.69634,,,,,,,
ORD-10523,CUST-1038,Gustavo Silva,Frank Miller,East,Germany,Retail,PROD-125,Mouse,Furniture,not a date,16,259.68,0.265,145.22,BANK TRANSFER,Completed,1.8,3838.23,50.0,Enterprise,WH-03,No,5.0,Late Delivery,4154.88,1101.0432,3053.8368,2908.6168,,,Check address,,,,
ORD-10036,CUST-1189,  Priscila Santos,Henry Moore,East,USA,Online,PROD-112,Laptop,Electronics,2024-09-20 00:00:00,8,1221.86,0.129,81.72,Credit Card,Completed,2.2,1219.53,21.0,Corporate,WH-04,No,14.0,Damaged,9774.88,1260.95952,8513.920479999999,8432.20048,,,,,,,
ORD-11083,CUST-1323,Rafael Monteiro,Daniel Brown,South,France,Wholesale,PROD-148,  Phone ,Office Supplies,2023-07-20 00:00:00,15,2386.23,0.257,78.48,PayPal,Completed,2.6,4450.96,38.0,Enterprise,WH-02,No,11.0,,35793.45,9198.91665,26594.53335,26516.05335,,,,,,,
ORD-10528,CUST-1356,Natalia Freitas,Alice Johnson,West,Germany,Direct,PROD-134,Printer,Clothing,2024-12-17 00:00:00,14,2277.64,0.163,73.46,,Completed,3.4,3946.17,73.0,Consumer,WH-01,No,8.0,,31886.96,5197.57448,26689.38552,26615.92552,,,,,,,
ORD-11098,CUST-1138,Leonardo Freitas,Grace Taylor,East,France,Wholesale,PROD-136,Laptop,Clothing,2022-01-12 00:00:00,4,1032.93,0.062,60.21,Debit Card,Completed,1.8,8969.73,18.0,Enterprise,WH-01,No,12.0,Customer Changed Mind,4131.72,256.16664000000003,3875.55336,3815.34336,,,,,,,
ORD-10199,CUST-1136,Camila Santos,Frank Miller,West,Germany,ONLINE,PROD-103,Mouse,Clothing,2023-03-15 00:00:00,2,,0.053,9.73,Credit Card,Completed,4.6,4458.83,73.0,Small Business,WH-03,No,4.0,Late Delivery,1312.54,69.56461999999999,1242.97538,1233.2453799999998,,,,,,,
ORD-10866,CUST-1228,Murilo Gomes,Daniel Brown,South,Brazil,Retail,PROD-148,Chair,Office Supplies,2022-01-17 00:00:00,2,661.36,0.254,110.96,N/A,Returned,,7765.96,34.0,Small Business,WH-04,No,13.0,,1322.72,335.97088,986.74912,875.7891199999999,,,,,,,
ORD-10324,CUST-1160,Lucas Azevedo,Daniel Brown,Central,Brazil,Wholesale,PROD-107,Keyboard,Clothing,2023-08-29 00:00:00,18," 2,122.73 ",0.146,33.59,Debit Card,Completed,1.2,4481.05,63.0,Corporate,WH-03,Yes,3.0,Late Delivery,38209.14,5578.534439999999,32630.60556,32597.01556,,,,,,,
ORD-11111,CUST-1167,Rafael Santana,Carla Davis,West,Australia,Direct,PROD-101,Laptop,Clothing,2023-04-26 00:00:00,3,817.64,0.024,4.86,Bank Transfer,Completed,4.6,6384.5,33.0,Consumer,WH-04,No,4.0,Damaged,2452.92,58.87008,2394.04992,2389.18992,,,,,,,
ORD-10319,CUST-1193,Sofia Mendes,Alice Johnson,West,BRAZIL,Direct,PROD-145,Headphones,Electronics,2024-08-12 00:00:00,2,1074.95,0.019,7.11,PayPal,Completed,4.5,8796.97,48.0,Small Business,WH-01,Yes,8.0,Late Delivery,2149.9,40.8481,2109.0519,2101.9419,,,,,,,
ORD-11154,CUST-1061,Aline Dias,Henry Moore,Central,Australia,Direct,PROD-106,Headphones,Furniture,2023-09-25 00:00:00,15,-50,0.003,23.14,PayPal,Cancelled,3.6,7368.5,N/A,Small Business,WH-03,No,5.0,,29231.55,87.69465,29143.85535,29120.71535,,,,,,,
ORD-10437,CUST-1062,Pedro Costa,Alice Johnson,West,France,Online,PROD-139,Headphones,Food,2023-03-19 00:00:00,1,1332.67,0.217,94.43,Debit Card,Completed,3.1,5456.99,67.0,Consumer,WH-02,Yes,4.0,Late Delivery,1332.67,289.18939,1043.48061,949.05061,,,,,,,
ORD-10477,CUST-1091,Juliana Oliveira,,North,Germany,Wholesale,PROD-142,Mouse,Furniture,2022-04-03 00:00:00,7,1227.12,0.039,105.8,Credit Card,N/A,2.2,2929.46,39.0,Consumer,WH-04,yes,2.0,Damaged,8589.84,335.00376,8254.83624,8149.03624,,,,,,,
ORD-10141,CUST-1254,Luana Freitas  ,Grace Taylor,North,France,Direct,PROD-110,Headphones,Office Supplies,2024-04-21 00:00:00,1,1596.07,0.111,77.92,PayPal,Completed,2.0,6708.65,60.0,Small Business,WH-04,No,12.0,Customer Changed Mind,1596.07,177.16377,1418.90623,1340.98623,,,,,,,
ORD-10470,CUST-1105,Ramon Ferreira,Bob Smith,West,UK,Online,PROD-144,Phone,Office Supplies,2023-05-12 00:00:00,6,1587.06,0.005,135.11,Cash,Pending,4.3,4335.12,21.0,Small Business,WH-01,No,10.0,Late Delivery,9522.36,47.6118,9474.7482,9339.6382,,,,,,,
ORD-10777,CUST-1144,Juliana  Silva,Bob Smith,North,France,Direct,PROD-119,Headphones,Clothing,2023-07-31 00:00:00,13,,0.198,24.34,PayPal,Completed,3.8,7185.66,68.0,Consumer,WH-01,No,7.0,Customer Changed Mind,19662.37,3893.14926,15769.22074,15744.88074,,,Follow up,,,,
ORD-10132,CUST-1359,LARISSA FREITAS,Bob Smith,East,Brazil,Retail,PROD-145,Printer, ,2025-04-04 00:00:00,11,877.88,0.124,10.79,Bank Transfer,pending,3.7,9865.14,33.0,Corporate,WH-01,No,7.0,Damaged,9656.68,1197.42832,8459.251680000001,8448.46168,,,,,,,
ORD-10626,CUST-1018,Pedro Teixeira,Henry Moore,North,UK,Online,PROD-144,Monitor,Office Supplies,2025-05-19 00:00:00,4,519.03,0.254,113.84,Credit Card,Completed,2.4,9875.19,47.0,Corporate,WH-01,No,2.0,Damaged,2076.12,527.33448,1548.78552,1434.94552,,,,,,,
ORD-10856,CUST-1053,Luana Freitas,Frank Miller,West,Brazil,Wholesale,PROD-146,Mouse,Furniture,2023-07-12 00:00:00,12,80.7,0.119,120.89,Cash,Completed,1.7,3027.75,68.0,Enterprise,WH-04,No,11.0,Late Delivery,968.4,115.2396,853.1604000000001,732.2704000000001,,,,,,,
ORD-11089,CUST-1139,Patricia Correia,Grace Taylor,North,Australia,Direct,PROD-146,Phone,Furniture,2024-07-05 00:00:00,13,"$2,294.05",0.153,33.95,Bank Transfer,Completed,3.8,9080.48,19.0,Small Business,WH-02,Yes,3.0,Customer Changed Mind,29822.65,4562.86545,25259.78455,25225.83455,,,,,,,
ORD-10580,CUST-1263,Beatriz Freitas,Frank Miller,West,Australia,Retail,PROD-144,Headphones,Clothing,2022/06/29,19,2086.17,0.148,129.78,Cash,Completed,4.6,3260.5,33.0,Consumer,WH-01,No,6.0,Damaged,39637.23,5866.31004,33770.91996,33641.13996,,,,,,,
ORD-10705,CUST-1038,Eduardo Rocha,Emma Wilson,Central,UK,DIRECT,PROD-122,Printer,Electronics,2022-07-27 00:00:00,11,196.14,0.063,59.52,Credit Card,COMPLETED,2.8,3584.15,48.0,Consumer,WH-03,No,3.0,Damaged,2157.54,135.92502,2021.61498,1962.09498,,,,,,,
ORD-10640,CUST-1143,Juliana Cardoso,Emma Wilson,North,Usa,Online,PROD-124,Notebook,Electronics,2025-10-04 00:00:00,8,941.57,0.053,13.16,Credit Card,Returned,3.2,3105.66,35.0,Enterprise,WH-01,No,12.0,,7532.56,399.22568,7133.33432,7120.17432,,,,,,,
ORD-10791,CUST-1302,Leticia Moreira,Henry Moore,North,UK,Direct,PROD-121,Mouse,  Electronics ,2024-02-30,3,475.61,0.1,77.59,Debit Card,Completed,4.7,4358.18,42.0,Enterprise,WH-04,Yes,3.0,Customer Changed Mind,1426.83,142.683,1284.147,1206.557,,,Follow up,,,,
ORD-10942,CUST-1011,Diego Gomes,Alice Johnson,West,Germany,Retail,PROD-136,Laptop,Office Supplies,2023-07-20 00:00:00,16,2396.57,0.095,128.49,BANK TRANSFER,Completed,,6016.14,29.0,Enterprise,WH-02,No,6.0,,38345.12,3642.7864,34702.333600000005,34573.84360000001,,,,,,,
ORD-10900,CUST-1033,Caio Silva,Emma Wilson,West,Brazil,Wholesale,PROD-134,Keyboard,Office Supplies,2024-06-30 00:00:00,4,2089.09,0.124,105.22,Debit Card,Completed,3.3,6293.77,67.0,Consumer,WH-04,No,7.0,Wrong Item,8356.36,1036.18864,7320.17136,7214.95136,,,,,,,
ORD-10079,CUST-1201,Juliana Rocha,Carla Davis,West,France,Retail,PROD-122,Laptop,Office Supplies,2023-06-24 00:00:00,17,1473.52,0.187,115.91,,Completed,2.4,8874.78,56.0,Consumer,WH-01,No,13.0,Customer Changed Mind,25049.84,4684.32008,20365.51992,20249.60992,,,,,,,
ORD-10766,CUST-1089,Natalia Santana,Daniel Brown,West,Brazil,Online,PROD-103,Desk,Office Supplies,2024-12-23 00:00:00,12,925.8,0.239,120.79,Credit Card,Completed,1.4,5208.81,,Enterprise,WH-04,No,14.0,,11109.6,2655.1943999999994,8454.405599999998,8333.615599999997,,,,,,,
ORD-10326,CUST-1288,Amanda Azevedo  ,Daniel Brown,West,Australia,Online,PROD-115,Coffee Maker,Food,2025-05-07 00:00:00,13,1498.42,0.29,38.11,Bank Transfer,Completed,4.1,3857.28,19.0,Consumer,WH-03,No,3.0,Wrong Item,19479.46,5649.0434,13830.4166,13792.3066,,,,,,,
ORD-11169,CUST-1022,Henrique Ramos,Daniel Brown,South,UK,Retail,PROD-125,Headphones,Clothing,2022-06-15 00:00:00,16,1556.8,0.257,120.68,PayPal,Pending,4.3,3887.47,22.0,Corporate,WH-03,No,1.0,Customer Changed Mind,24908.8,6401.5616,18507.2384,18386.5584,,,,,,,
ORD-10394,CUST-1173,Ramon Ribeiro,Henry Moore,West,Germany,Online,PROD-125,Phone,Furniture,2023-04-14 00:00:00,6,1638.14,0.123,28.86,Bank Transfer,Completed,4.7,1794.63,26.0,Small Business,WH-04,No,4.0,Damaged,9828.84,1208.94732,8619.89268,8591.03268,,,,,,,
,,Diego Rocha,,,,,,,,,,,,,,,,,,,,,,,,,,,,,,,,,
ORD-10332,CUST-1134,Juliana Moraes,Henry Moore,Central,Germany,Direct,PROD-112,Headphones,Furniture,2024-07-30 00:00:00,15,399.53,0.182,17.46,Debit Card,Completed,3.2,3212.35,39.0,Consumer,WH-04,No,8.0,Late Delivery,5992.95,1090.7169,4902.2331,4884.773099999999,,,,,,,
ORD-11133,CUST-1034,Diego Ribeiro,Alice Johnson,West,Australia,Wholesale,PROD-100,Mouse,Office Supplies,2024-11-09 00:00:00,5,1268.39,0.161,4.35,PayPal,Completed,1.0,4252.12,26.0,Corporate,WH-03,No,11.0,Late Delivery,6341.950000000001,1021.05395,5320.89605,5316.54605,,,,,,,
ORD-10717,CUST-1000,Henrique Rocha,Grace Taylor,South,Germany,Retail,PROD-107,Headphones,Office Supplies,2024-06-29 00:00:00,1,1610.98,0.031,17.76,Credit Card,Completed,2.5,8820.29,32.0,Enterprise,WH-02,Yes,11.0,Customer Changed Mind,1610.98,49.94038,1561.03962,1543.27962,,,,,,,
ORD-10187,CUST-1230,Isabela Santos,  Carla Davis ,West,UK,Direct,PROD-106,Phone,Office Supplies,2024-04-06 00:00:00,2,537.34,0.096,26.77,Bank Transfer,Completed,2.3,9517.25,48.0,Corporate,WH-04,No,6.0,Damaged,1074.68,103.16928,971.51072,944.74072,,,,,,,
ORD-10541,CUST-1095,Diego Cardoso,Emma Wilson,North,France,Online,PROD-109,Printer,Office Supplies,2022-11-28 00:00:00,10,667.7,0.125,93.18,Credit Card,Returned,2.9,5645.84,51.0,Consumer,WH-03,Yes,6.0,Wrong Item,6677.0,834.625,5842.375,5749.195,,,,,,,
ORD-10139,CUST-1004,Eduardo Freitas,Bob Smith,West,Australia,Online,PROD-129,Chair,Office Supplies,2024-04-29 00:00:00,16,USD 1686.78,0.189,3.62,PayPal,Returned,2.4,7951.46,53.0,Consumer,WH-01,No,7.0,Damaged,26988.48,5100.82272,21887.65728,21884.03728,,,,,,,
,,Rafael Costa,,,,,,,,,,,0.10,,,,,,,,,,,,,,,,,,,,,,
ORD-10783,CUST-1045,Diego Gomes,Henry Moore,Central,Brazil,Direct,PROD-104,Desk,Office Supplies,2024-09-14 00:00:00,15,574.88,0.14,64.4,Cash,Cancelled,3.6,6211.04,24.0,Consumer,WH-04,No,14.0,Customer Changed Mind,8623.2,1207.2480000000005,7415.952,7351.552000000001,,,,,,,
ORD-11148,CUST-1212,Gustavo Santos,Emma Wilson,West,Brazil,Online,PROD-140,Chair,Furniture,2024-01-10 00:00:00,3,1836.07,0.018,112.94,Cash,Completed,4.6,3258.05,41.0,Consumer,WH-03,No,12.0,,5508.21,99.14778,5409.06222,5296.12222,,,,,,,
ORD-10893,CUST-1387,Priscila Dias,Daniel Brown,North,Brazil,Direct,PROD-114,Monitor,Clothing,2025-09-07 00:00:00,8,1123.33,0.219,106.12,Debit Card,Completed,2.7,1718.68,70.0,Enterprise,WH-04,Y,8.0,Damaged,8986.64,1968.07416,7018.565839999999,6912.445839999999,,,,,,,
ORD-10743,CUST-1019,Daniel Nogueira,Emma Wilson,East,UK,Online,PROD-137,Printer,Clothing,2023-06-17 00:00:00,16,1783.37,0.05,80.54,Cash,Completed,1.5,9082.72,27.0,Small Business,WH-02,Yes,12.0,Wrong Item,28533.92,1426.696,27107.224,27026.684,,,,,,,
ORD-11121,CUST-1037,Aline  Dias,Bob Smith,East,Germany,Online,PROD-142,Keyboard,Food,2023-02-20 00:00:00,18,690.6,0.077,111.82,Debit Card,Pending,3.6,7959.55,24.0,Consumer,WH-04,No,1.0,,12430.8,957.1716,11473.6284,11361.808400000002,,,,,,,
ORD-10287,CUST-1001,Isabela Castro,Emma Wilson,Central,France,Retail,PROD-124,Desk,Clothing,2025-03-12 00:00:00,1,2486.43,0.102,85.54, PayPal ,Completed,2.0,7646.56,63.0,Enterprise,WH-01,No,4.0,,2486.43,253.61586,2232.81414,2147.27414,,,,,,,
ORD-10165,CUST-1035,Rafael Santana,Henry Moore,West,USA,Online,PROD-136,Mouse,Office Supplies,2023-10-28 00:00:00,2,2443.68,0.286,141.02, ,completed,1.6,6705.7,33.0,Corporate,WH-01,No,10.0,Customer Changed Mind,4887.36,1397.7849599999995,3489.57504,3348.55504,,,,,,,
ORD-10044,CUST-1306,Mariana Pereira,Emma Wilson,East,Australia,Direct,PROD-110,Printer,Food,2024-11-17 00:00:00,12,1431.23,0.025,59.29,Credit Card,Completed,1.5,1706.7,64.0,Consumer,WH-02,No,7.0,Late Delivery,17174.760000000002,429.3690000000001,16745.391000000003,16686.101000000002,,,,,,,
ORD-10317,CUST-1365,Diego Vieira,Grace Taylor,Central,Canada,Online,PROD-132,Phone,Clothing,2025-06-23 00:00:00,3,23.15,,8.01,Credit Card,Completed,4.4,950.12,53.0,Corporate,WH-01,No,11.0,Damaged,69.44999999999999,0.3472499999999999,69.10274999999999,61.09274999999999,,,,,,,
ORD-10105,CUST-1326,Larissa Pereira,Grace Taylor,Central,France,Direct,PROD-100,Desk,Office Supplies,2022-12-22 00:00:00,4,90.48,0.052,66.56,Bank Transfer,Completed,3.4,9718.65,46.0,Corporate,WH-01,No,2.0,Damaged,361.92,18.81984,343.10016,276.54016,,,,,,,
ORD-11105,CUST-1009,Patricia Souza,Frank Miller,West,UK,Direct,PROD-145,Mouse,Electronics,2023/11/22,2,1063.49,0.223,71.51,Credit Card,pending,1.8,7020.9,18.0,Enterprise,WH-02,No,2.0,Damaged,2126.98,474.31654,1652.66346,1581.15346,,,,,,,
ORD-11199,CUST-1004,Priscila Moreira,Emma Wilson,West,France,Wholesale,PROD-101,Chair,Clothing,2023-06-02 00:00:00,11,1889.8,0.028,66.99,N/A,Completed,2.6,2859.03,19.0,Consumer,WH-04,No,2.0,Customer Changed Mind,20787.8,582.0584,20205.7416,20138.7516,,,,,,,
ORD-10020,CUST-1343,Larissa Cardoso,Frank Miller,South,Australia,Online,PROD-146,Desk,Electronics,2025-05-23 00:00:00,16,1347.11,0.0,38.06,Credit Card,Pending,1.0,9005.34,22.0,Small Business,WH-04,No,7.0,Customer Changed Mind,21553.76,0.0,21553.76,21515.7,,,,,,,
ORD-10499,CUST-1372,Mariana Moraes,Henry Moore,South,France,Online,PROD-124,Mouse,Furniture,2024-11-04 00:00:00,20,2326.26,0.016,96.75,Cash,Completed,3.9,8072.3,45.0,Small Business,WH-03,No,8.0,Damaged,46525.2,744.4032000000001,45780.7968,45684.0468,,,,,,,
ORD-11129,CUST-1372,Andre Barbosa,Emma Wilson,South,Australia,Online,PROD-145,Desk,Electronics,2023-04-18 00:00:00, 5 , 290.69 ,0.04,134.99,Credit Card,Returned,1.4,5740.08,49.0,Small Business,WH-03,No,2.0,Customer Changed Mind,5232.42,209.2968,5023.1232,4888.1332,,,,,,,
ORD-10241,CUST-1246,Isabela Oliveira,Emma Wilson,West,Brazil,Retail,PROD-105,Phone,Electronics,2025-07-23 00:00:00,13,1668.2,0.229,149.69,Credit Card,,4.5,9383.33,22.0,Consumer,WH-04,Yes,3.0,,21686.6,4966.231400000001,16720.3686,16570.678600000003,,,,,,,
ORD-11015,CUST-1066,Sofia Pereira,Daniel Brown,North,Australia,Direct,PROD-141,Phone,Furniture,2023-08-23 00:00:00,3,387.78,0.108,60.23,Credit Card,Completed,3.9,9239.38,31.0,Small Business,WH-04,No,12.0,Damaged,1163.34,125.64072,1037.6992799999998,977.4692799999998,,,VIP customer,,,,
ORD-11005,CUST-1085,Pedro Ramos,Henry Moore,South,Australia,Retail,PROD-106,Coffee Maker,Electronics,2023-03-28 00:00:00,4,1719.99,0.267,126.23,Credit Card,Pending,1.9,4327.51,24.0,Corporate,WH-03,No,10.0,Late Delivery,6879.96,1836.94932,5043.010679999999,4916.78068,,,,,,,
ORD-10042,CUST-1319,Gabriel Freitas,Emma Wilson,East,UK,Online,PROD-106,Tablet,Furniture,2025-12-14 00:00:00,,826.62,0.198,36.1,Credit Card,Pending,4.0,6344.66,51.0,Corporate,WH-04,No,10.0,,826.62,163.67076,662.94924,626.84924,,,,,,,
ORD-10896,CUST-1329,Laura Santos,Henry Moore,East,Germany,Wholesale,PROD-102,Tablet,Electronics,2023-04-06 00:00:00,5,650.41,0.127,148.3,Bank Transfer,Completed,4.8,2058.21,25.0,Small Business,WH-03,No,6.0,Wrong Item,3252.05,413.01035,2839.03965,2690.7396499999995,,,,,,,
ORD-10703,CUST-1345,Bruno Silva,Bob Smith,West,USA,Retail,PROD-116,Laptop,Electronics,2024-12-05 00:00:00,4,1897.23,0.252,112.22,Credit Card,Completed,1.7,7084.21,39.0,Consumer,WH-03,Yes,6.0,Customer Changed Mind,7588.92,1912.40784,5676.51216,5564.29216,,,,,,,
ORD-10301,CUST-1151,Bianca Nogueira,Bob Smith,west,UK,Retail,PROD-124,Monitor,FOOD,2025-06-01 00:00:00,12,1595.29,0.246,79.93,Credit Card,Completed,2.4,2896.77,65.0,Corporate,WH-03,Yes,12.0,Damaged,19143.48,4709.29608,14434.18392,14354.25392,,,,,,,
ORD-10920,CUST-1387,Sofia Nogueira,Daniel Brown,North,UK,Retail,PROD-142,Chair,Office Supplies,2023-08-22 00:00:00,1,1260.64,0.093,96.68,Debit Card,Cancelled,4.8,1286.02,33.0,Enterprise,WH-01,No,5.0,Late Delivery,1260.64,117.23952,1143.40048,1046.72048,,,,,,,
ORD-10738,CUST-1251,Beatriz Silva,Alice Johnson,South,Australia,Wholesale,PROD-117,Mouse,Electronics,2022-07-06 00:00:00,17,1236.36,0.265,89.16,Debit Card,Completed,3.4,1787.68,68.0,Enterprise,WH-01,No,6.0,Wrong Item,21018.12,5569.8018,15448.318199999998,15359.158199999998,,,,,,,
ORD-10239,CUST-1159,Rodrigo Cardoso,Daniel Brown,West,France,Online,PROD-114,Notebook,Food,2024-07-05 00:00:00,3,1307.23,0.111,17.98, ,,3.4,5710.5,,Consumer,WH-04,No,10.0,Late Delivery,3921.69,435.30759,3486.38241,3468.40241,,,,,,,
ORD-11069,CUST-1117,Murilo Pereira,Frank Miller,EAST,France,Direct,PROD-123,Tablet,Clothing,2025-01-25 00:00:00,15,1509.49,0.119,112.87,Credit Card,Completed,4.2,7906.66,34.0,Enterprise,WH-03,No,13.0,Wrong Item,22642.35,2694.43965,19947.91035,19835.04035,,,,,,,
ORD-10245,CUST-1122,Joao Gomes,Emma Wilson,West,Germany,Retail,PROD-112,Printer,Office Supplies,2023-12-16 00:00:00,8,1552.62,0.01,125.23,PayPal,COMPLETED,1.5,8768.41,59.0,Consumer,WH-02,No,8.0,Customer Changed Mind,12420.96,124.2096,12296.7504,12171.5204,,,,,,,
ORD-10480,CUST-1228,Beatriz Oliveira,Daniel Brown,East,UK,Wholesale,PROD-115,Printer,Office Supplies,2023-01-19 00:00:00,7,2479.29,0.252,58.98,Bank Transfer,Completed,3.7,1141.52,51.0,Consumer,WH-04,Yes,7.0,Wrong Item,17355.03,4373.46756,12981.562439999998,12922.582439999998,,,,,,,
ORD-10508,CUST-1075,Daniel Almeida,Daniel Brown,East,Canada,Retail,PROD-138,Chair,Food,2024-11-06 00:00:00,18,1310.53,0.015,148.2,PayPal,Pending,1.9,8294.74,25.0,Small Business,WH-01,No,8.0,Late Delivery,23589.54,353.8431,23235.696900000003,23087.4969,,,,,,,
ORD-11117,CUST-1328,Caio Carvalho,  Henry Moore ,Central,Germany,Wholesale,PROD-132,Headphones,Furniture,2024-03-25 00:00:00,6,1158.58,,8.08,Bank Transfer,Completed,4.6,4948.57,23.0,Consumer,WH-04,No,14.0,Late Delivery,6951.48,1577.98596,5373.49404,5365.41404,,,,,,,
ORD-10177,CUST-1133,Gustavo Monteiro,Grace Taylor,West,Canada,Wholesale,PROD-111,Mouse,Furniture,2023-10-30 00:00:00,16,1545.57,0.128,22.1,Cash,Pending,3.8,959.98,66.0,Corporate,WH-03,No,14.0,Late Delivery,24729.12,3165.32736,21563.79264,21541.69264,,,,,,,
ORD-10056,CUST-1345,Eduardo Rocha,Daniel Brown,East,USA,Wholesale,PROD-128,Headphones,Furniture,2025-02-03 00:00:00,ten,2086.11,0.294,5.1,Debit Card,Completed,1.3,6569.98,24.0,Corporate,WH-04,Yes,12.0,Late Delivery,10430.55,3066.5817,7363.9683,7358.8683,,,,,,,
ORD-10793,CUST-1311,Mariana Carvalho,Alice Johnson,West,Canada,Online,PROD-128,  Keyboard ,  Furniture ,2025-12-25 00:00:00,18,1368.97,0.057,122.49,Credit Card,Completed,3.8,9862.27,67.0,Small Business,WH-04,No,13.0,Damaged,24641.46,1404.56322,23236.89678,23114.40678,,,,,,,
ORD-10917,CUST-1007,Daniel Costa,Henry Moore,Central,Germany,Retail,PROD-100,Monitor,Food,2023-07-20 00:00:00,12,210.46,,143.77,Credit Card,Completed,4.2,8256.26,,Enterprise,WH-01,No,6.0,Damaged,2525.52,292.96032,2232.55968,2088.78968,,,,,,,
ORD-10863,CUST-1254,Matheus Moraes,Grace Taylor,Central,Brazil,Direct,PROD-137,Phone, ,2022-04-22 00:00:00,12,888.84,0.122,69.27,Credit Card,Completed,4.2,5304.94,67.0,Corporate,WH-02,No,6.0,,10666.08,1301.26176,9364.81824,9295.54824,,,,,,,
ORD-10692,CUST-1300,Henrique Monteiro,Alice Johnson,South,UK,Wholesale,PROD-147,Monitor,Clothing,2022-11-23 00:00:00,15,1931.79,0.138,80.77,PayPal,completed,1.8,7954.96,33.0,Small Business,WH-04,No,3.0,Damaged,28976.85,3998.8053,24978.0447,24897.2747,,,,,,,
ORD-10948,CUST-1300,Matheus Oliveira,Emma Wilson,South,USA,Online,PROD-119,Tablet,Clothing,2025-04-02 00:00:00,2,1607.56,0.285,7.2,Bank Transfer, Completed ,4.3,3987.29,63.0,Enterprise,WH-03,Yes,6.0,Customer Changed Mind,3215.12,916.3092,2298.8108,2291.6108000000004,,,,,,,
ORD-10820,CUST-1310,Juliana Ferreira,  Alice Johnson ,North,France,Wholesale,PROD-123,Laptop,Clothing,2025-08-09 00:00:00,10,851.13,,34.27,BANK TRANSFER,Completed,2.9,4095.51,20.0,Corporate,WH-01,No,9.0,Damaged,8511.3,2238.4719,6272.828099999999,6238.558099999998,,,,,,,
ORD-10047,CUST-1328,Juliana Vieira,Alice Johnson,South,Germany,Retail,PROD-122,Keyboard,Furniture,2023-12-17 00:00:00,18,2452.92,0.229,78.27,Bank Transfer,Completed,2.0,6738.78,73.0,Small Business,WH-01,No,11.0,Late Delivery,44152.56,10110.93624,34041.62376,33963.353760000005,,,,,,,
ORD-10441,CUST-1313,Bruno Nogueira,  Frank Miller ,West,USA,Wholesale,PROD-148,Tablet,Office Supplies,2022-05-27 00:00:00,5,1902.9,0.152,44.54,Cash,Completed,2.6,8316.07,67.0,Small Business,WH-04,No,9.0,Wrong Item,9514.5,1446.204,8068.296,8023.756,,,,,,,
ORD-10438,CUST-1189,Caio Cardoso,Henry Moore,South,UK,Wholesale,PROD-147,Coffee Maker,FURNITURE,2024-04-16 00:00:00,ten,1008.76,0.193,73.31,PayPal,Cancelled,2.2,5445.7,32.0,Small Business,WH-03,Yes,13.0,Late Delivery,20175.2,3893.8136,16281.3864,16208.0764,,,,,,,
ORD-10800,CUST-1288,Leonardo Gomes,Emma Wilson,East,Canada,Retail,PROD-132,Mouse,Clothing,2022-09-14 00:00:00,5,1539.99,0.093,143.38,Credit Card,Completed,3.6,5312.69,29.0,Consumer,WH-02,No,13.0,Late Delivery,7699.95,716.0953499999999,6983.85465,6840.47465,,,,,,,
ORD-10794,CUST-1285,Beatriz Santana,Bob Smith,East,France,Retail,PROD-137,Printer,Clothing,2022-02-25 00:00:00,18,1774.7,0.282,130.28,Cash,Completed,1.9,4928.35,67.0,Small Business,WH-03,No,5.0,,31944.6,9008.3772,22936.222800000003,22805.942800000004,,,,,,,
ORD-10148,CUST-1345,Henrique Moraes,Frank Miller,West,Brazil,Direct,PROD-125,Coffee Maker,Furniture,31/02/2025,14,83.89,0.284,60.49,PayPal,Completed,4.0,5261.5,45.0,Corporate,WH-03,No,13.0,Customer Changed Mind,1174.46,333.54664,840.91336,780.42336,,,,,,,
ORD-10567,CUST-1043,Larissa Lima,  Daniel Brown ,Central,Australia,Online,PROD-120,Chair,Furniture,2025-08-04 00:00:00,7,1990.8,0.275,52.93,Cash,Cancelled,3.0,3507.65,50.0,Small Business,WH-02,No,13.0,Wrong Item,13935.6,3832.29,10103.31,10050.38,,,,,,,
ORD-11160,CUST-1295,Amanda Almeida,Frank Miller,West,Germany,Wholesale,PROD-103,Laptop,Electronics,09/12/2024,1,331.54,0.069,31.04,Debit Card,Completed,2.4,8113.8,42.0,Corporate,WH-03,Yes,13.0,Late Delivery,331.54,22.87626,308.66374,277.62374,,,,,,,
ORD-11066,CUST-1003,Diego Barbosa,  Daniel Brown ,West,UK,Online,PROD-120,Coffee Maker,Furniture,2022-11-08 00:00:00,17,692.51,0.239,7.32,Cash,Completed,2.6,7125.18,69.0,Consumer,WH-01,No,3.0,Damaged,11772.67,2813.66813,8959.00187,8951.68187,,,Check address,,,,
ORD-11178,CUST-1038,Aline Dias,Frank Miller,West,Germany,Direct,PROD-120,Coffee Maker,ELECTRONICS,2022-11-16 00:00:00,11,1677.45,0.105,143.63,Bank Transfer,Completed,4.4,4084.61,36.0,Corporate,WH-04,Y,2.0,Damaged,18451.95,1937.45475,16514.49525,16370.86525,,,,,,,
ORD-10231,CUST-1223,Matheus Vieira,Alice Johnson,East,Canada,Direct,PROD-106,Coffee Maker,Furniture,2022-01-03 00:00:00,16,1911.99,0.206,76.86,Credit Card,Completed,3.6,7462.03,66.0,Corporate,WH-01,N,13.0,Late Delivery,30591.84,6301.91904,24289.92096,24213.06096,,,,,,,
ORD-10460,CUST-1371,Rafael Teixeira,Frank Miller,East,Brazil,Retail,PROD-101,Laptop,Furniture,2025-05-29 00:00:00,12,317.07,0.125,55.49,Credit Card,Completed,1.5,6899.52,74.0,Corporate,WH-04,No,10.0,Late Delivery,3804.84,475.605,3329.235,3273.7450000000003,,,,,,,
ORD-10667,CUST-1075,Gabriel Costa,Bob Smith,East,UK,Retail,PROD-107,Notebook,Electronics,2025-09-24 00:00:00,4,389.38,0.22,128.47,Credit Card,Returned,4.6,9541.85,33.0,Consumer,WH-04,No,12.0,,1557.52,342.6544,1214.8656,1086.3956,,,Check address,,,,
ORD-10880,CUST-1334,Manuela Ferreira,Frank Miller,East,Canada,Wholesale,PROD-140,Keyboard,Furniture,2022-05-02 00:00:00,19,381.54,0.295,138.71,Credit Card,Completed,3.2,8445.76,54.0,Consumer,WH-04,No,11.0,Customer Changed Mind,7249.26,2138.5317,5110.728300000001,4972.018300000001,,,,,,,
ORD-10910,CUST-1248,Leticia Mendes,Grace Taylor,West,France,Retail,PROD-120,Keyboard,Furniture,2022-07-14 00:00:00,4,937.22,0.285,20.77,Bank Transfer,Cancelled,3.6,6087.05,64.0,Small Business,WH-03,No,4.0,Damaged,3748.88,1068.4308,2680.4492,2659.6792,,,,,,,
ORD-10320,CUST-1309,Ramon Nogueira,Bob Smith,East,France,Direct,PROD-133,Chair,Furniture,2025-09-17 00:00:00,15,1001.32,0.032,91.91,Debit Card,Returned,1.8,4854.79,72.0,Enterprise,WH-03,No,13.0,Wrong Item,15019.8,480.63360000000006,14539.166400000002,14447.256400000002,,,,,,,
ORD-10409,CUST-1038,Vinicius Moraes,Bob Smith,East,Canada,Online,PROD-142,Laptop,Clothing,2022-07-15 00:00:00,15,1719.99,0.141,106.2,Cash,Completed,3.7,7308.0,70.0,Consumer,WH-04,No,3.0,Wrong Item,25799.85,3637.7788499999992,22162.07115,22055.87115,,,,,,,
ORD-10185,CUST-1127,Felipe Monteiro,Daniel Brown,West,Australia,Wholesale,PROD-117,Coffee Maker,Office Supplies,2023-04-27 00:00:00,8,"2,081.08",0.239,35.94,Bank Transfer,Pending,1.9,870.42,50.0,Corporate,WH-04,No,11.0,Damaged,16648.64,3979.02496,12669.61504,12633.67504,,,,,,,
ORD-10513,CUST-1284,Carolina Ferreira,Daniel Brown,West,Brazil,Direct,PROD-117,Keyboard,Office Supplies,2025-05-18 00:00:00,16,1987.73,0.137,39.46,Debit Card,Completed,1.9,5813.82,22.0,Small Business,WH-02,No,11.0,Damaged,31803.68,4357.104160000001,27446.57584,27407.11584,,,,,,,
ORD-11165,CUST-1287,Renata Santos,Bob Smith,East,France,Online,PROD-143,Keyboard,Clothing,2023-01-16 00:00:00,8,2097.57,0.126,131.81,Bank Transfer,Returned,2.2,3025.85,43.0,Enterprise,WH-03,No,7.0,,16780.56,2114.3505600000003,14666.20944,14534.39944,,,,,,,
ORD-10337,CUST-1370,Murilo Martins,Emma Wilson,East,Brazil,Online,PROD-146,Desk,Furniture,2024-01-05 00:00:00,-1,2180.31,0.102,44.34,Debit Card,Completed,4.1,2052.83,61.0,Enterprise,WH-01,No,3.0,,4360.62,444.78324,3915.83676,3871.49676,,,,,,,
ORD-10128,CUST-1215,Isabela Carvalho,Bob Smith,West,Brazil,Direct,PROD-136,Laptop,Food,2025-09-15 00:00:00,10,162.59,0.172,88.28,PayPal,Completed,4.5,532.04,38.0,Enterprise,WH-04,No,1.0,Wrong Item,1625.9,279.6548,1346.2452,1257.9652,,,,,,,
ORD-10770,CUST-1177,Sofia Santana,Henry Moore,East,Canada,Wholesale,PROD-129,Headphones,Furniture,2023-12-15 00:00:00,16,1739.71,0.178,139.37,Cash,Completed,1.4,2324.09,52.0,Enterprise,WH-04,No,13.0,Customer Changed Mind,27835.36,4954.69408,22880.66592,22741.29592,,,,,,,
ORD-10160,CUST-1230,Rodrigo Carvalho,Bob Smith,North,Germany,online,PROD-121,Headphones,Electronics,2025-12-08 00:00:00,14,1645.01,0.233,76.25,Debit Card,Completed,1.7,830.46,32.0,Enterprise,WH-04,No,4.0,Late Delivery,23030.14,5366.02262,17664.11738,17587.86738,,,,,,,
ORD-10249,CUST-1324,Larissa Ramos,Grace Taylor,   ,Brazil,Retail,PROD-107,Desk,Food,2023-11-15 00:00:00,8,788.54,0.129,64.11,Debit Card,Completed,2.2,6382.01,37.0,Small Business,WH-01,Yes,14.0,,6308.32,813.77328,5494.546719999999,5430.43672,,,,,,,
ORD-10147,CUST-1014,Rafael Moraes,Alice Johnson,South,Australia,Wholesale,PROD-117,Printer,Electronics,2024-01-29 00:00:00,14,164.35,0.079,122.36,Debit Card,Completed,4.0,613.41,72.0,Consumer,WH-04,No,11.0,,2300.9,181.7711,2119.1289,1996.7689000000005,,,,,,,
ORD-10904,CUST-1125,Isabela Cardoso,Henry Moore,North,Brazil,Direct,PROD-128,Laptop,Clothing,2022-03-13 00:00:00,6,425.91,0.022,70.18,Bank Transfer,Completed,3.7,9244.19,21.0,Consumer,WH-01,No,14.0,Customer Changed Mind,2555.46,56.22012,2499.23988,2429.05988,,,,,,,
ORD-10497,CUST-1088,Sofia Oliveira,Daniel Brown,North,Germany,Online,PROD-117,Notebook,Clothing,2022-07-06 00:00:00,3,2062.58,0.286,102.5,Cash,Completed,3.4,7423.22,47.0,Consumer,WH-03,No,11.0,Wrong Item,6187.74,1769.6936399999995,4418.04636,4315.54636,,,,,,,
ORD-10686,CUST-1364,Isabela Souza,Daniel Brown,East,France,Retail,PROD-149,Chair,Food,2023-11-12 00:00:00,19,2018.94,0.087,64.4,Debit Card,Completed,1.2,6570.08,55.0,Consumer,WH-04,No,4.0,Late Delivery,38359.86,3337.30782,35022.55218,34958.15218,,,,,,,
ORD-10658,CUST-1121,Larissa Pereira,Carla Davis,North,Canada,Retail,PROD-119,Coffee Maker,Clothing,2025-04-27 00:00:00,7,1304.47,0.224,41.56,PayPal,Completed,4.1,6135.32,41.0,Consumer,WH-03,No,6.0,Customer Changed Mind,9131.29,2045.40896,7085.88104,7044.32104,,,,,,,
ORD-10790,CUST-1196,Pedro Ribeiro,Daniel Brown,West,Germany,Direct,PROD-121,Phone,Food,2024-12-07 00:00:00,18,1838.88,0.171,141.64,Cash,Returned,1.5,6400.78,19.0,Enterprise,WH-04,No,8.0,Late Delivery,33099.840000000004,5660.072640000001,27439.76736,27298.12736,,,,,,,
ORD-10142,CUST-1397,Larissa Santos,Henry Moore,West,Brazil,Retail,PROD-101,Notebook,Furniture,2025-10-09 00:00:00,20,1267.68,0.006,70.02,Debit Card,Completed,3.5,3264.27,55.0,Small Business,WH-01,No,3.0,Customer Changed Mind,25353.6,152.12160000000003,25201.478400000004,25131.458400000003,,,,,,,
ORD-10709,CUST-1241,Priscila Monteiro,Henry Moore,Central,Germany,Direct,PROD-149,  Notebook ,Furniture,2025-04-25 00:00:00,2,698.28,0.15,86.81,Credit Card,Completed,1.4,6516.61,19.0,Consumer,WH-02,No,5.0,,1396.56,209.484,1187.076,1100.266,,,,,,,check
ORD-11077,CUST-1025,Diego Freitas,Grace Taylor,North,UK,Online,PROD-136,Phone,food,2022-05-01 00:00:00,12,1043.79,0.04,109.6,Credit Card,Completed,4.6,3284.83,22.0,Small Business,WH-03,No,8.0,Late Delivery,12525.48,501.0192,12024.4608,11914.8608,,,,,,,
ORD-10789,CUST-1255,Andre Dias,Bob Smith,Central,France,Retail,PROD-121,Phone,Food,2025-12-27 00:00:00,4,453.12,0.006,12.69,Cash,Completed,1.5,609.23,69.0,Enterprise,WH-01,No,5.0,Damaged,1812.48,10.87488,1801.60512,1788.91512,,,,,,,
,,,,,,,,,,,,,,,,,,,,,,,,,,,,,,,,,,,
ORD-11125,CUST-1068,Diego Moraes,Daniel Brown,Central,UK,Wholesale,PROD-107,Chair,Food,2023-04-13 00:00:00,7,1919.11,0.144,111.08,PayPal,Completed,2.4,9588.03,37.0,Small Business,WH-01,Yes,12.0,Late Delivery,13433.77,1934.46288,11499.30712,11388.22712,,,,,,,
ORD-10688,CUST-1341,Felipe Santos,Daniel Brown,South,Australia,Online,PROD-136,Keyboard,Office Supplies,2022-07-22 00:00:00,6,895.56,0.043,25.28,PayPal,completed,4.9,9638.29, 42 ,Consumer,WH-04,No,5.0,,5373.36,231.05448,5142.30552,5117.02552,,,,,,,
ORD-10819,CUST-1384,Rafael Moreira,Daniel Brown,East,France,Wholesale,PROD-141,Coffee Maker,Food,2025-04-16 00:00:00,19,1663.68,0.067,98.96,PayPal,Cancelled,5.0,3636.72,72.0,Consumer,WH-01,No,7.0,Wrong Item,31609.92,2117.86464,29492.05536,29393.095360000003,,,,,,,
ORD-10000,CUST-1102,Rafael Martins,  Alice Johnson ,South,Australia,Direct,PROD-113,Mouse,Furniture,2022-02-06 00:00:00,9,509.2,,108.25,Debit Card,Completed,4.2,7783.39,68.0,Consumer,WH-02,No,5.0,Late Delivery,4582.8,366.624,4216.176,4107.926,,,,,,,
ORD-10307,CUST-1112,Mariana Silva,,East,USA,Direct,PROD-117,Chair,Office Supplies,2024-11-05 00:00:00,6,388.8,0.157,65.44, Cash ,Completed,,3601.72,43.0,Corporate,WH-04,No,13.0,Late Delivery,2332.8,366.2496,1966.5504,1901.1104,,,,,,,
ORD-10123,CUST-1327,Luana Carvalho,Frank Miller,West,Germany,Online,PROD-115,Coffee Maker,Food,2023-03-08 00:00:00,11,1977.8,0.297,110.17,Cash,Pending,3.8,4057.27,29.0,Consumer,WH-01,Yes,5.0,Damaged,21755.8,6461.472599999999,15294.3274,15184.1574,,,,,,,
,,Murilo Moreira,,,,,,,,,,,,,,,,,,,,,,,,,,,,,,,,,
ORD-11177,CUST-1103,Leticia Monteiro,Frank Miller,Central,USA,Wholesale,PROD-125,Notebook,Office Supplies,2022-07-11 00:00:00,13,876.16,0.248,23.44,Debit Card,Completed,4.9,5302.64,55.0,Consumer,WH-01,No,1.0,Customer Changed Mind,11390.08,2824.73984,8565.34016,8541.90016,,,,,,,
ORD-10322,CUST-1207,Amanda Moreira,Bob Smith,South,Brazil,Wholesale,PROD-102,Keyboard,,2025-07-02 00:00:00,19,991.72,0.094,135.7,Bank Transfer,Completed,1.3,8387.7,41.0,Small Business,WH-04,No,10.0,,18842.68,1771.21192,17071.46808,16935.768079999998,,,,,,,
ORD-10631,CUST-1075,Vinicius Silva,Grace Taylor,Central,USA,Online,PROD-133,Tablet,Electronics,2023-01-11 00:00:00,11,1035.94,0.086,138.4,Bank Transfer,Completed,,8021.32,33.0,Corporate,WH-01,Yes,8.0,,11395.34,979.99924,10415.34076,10276.94076,,,,,,,
ORD-10363,CUST-1171,Lucas Costa,Henry Moore,South,Canada,Direct,PROD-122,Tablet,Furniture,2023-05-10 00:00:00,17,1819.13,0.032,103.33,Bank Transfer,Completed,5.0,3621.39,56.0,Small Business,WH-01,No,9.0,,30925.210000000003,989.60672,29935.603280000003,29832.27328,,,Check address,,,,
ORD-10558,CUST-1032,Henrique Cardoso,Grace Taylor,Central,Brazil,Retail,PROD-136,Desk,Food,2023-07-23 00:00:00,19,1464.56,0.244,37.87,Cash,Returned,1.5,7157.0,28.0,Enterprise,WH-02,No,4.0,Damaged,27826.64,6789.700159999999,21036.93984,20999.06984,,,,,,,
ORD-10903,CUST-1204,Amanda Gomes,Henry Moore,East,Germany,Direct,PROD-120,Notebook,Office Supplies,2022-12-30 00:00:00,15,306.89,0.218,71.12,PayPal,Completed,4.9,1983.57,,Small Business,WH-04,No,1.0,,4603.349999999999,1003.5303,3599.8197,3528.6997,,,,,,,
ORD-10439,CUST-1124,Juliana Freitas,Alice Johnson,South,UK,Retail,PROD-144,Desk,Electronics,2023-01-24 00:00:00,14,408.19,0.219,133.49,Cash,Pending,2.8,1200.24,72.0,Enterprise,WH-04,Yes,13.0,Late Delivery,5714.66,1251.51054,4463.14946,4329.65946,,,,,,,
ORD-11173,CUST-1144,Matheus Costa,Carla Davis,East,France,Online,PROD-113,Monitor,Electronics,2024-09-06 00:00:00,12,1146.37,0.097,67.83,Credit Card,Cancelled,4.2,2241.29,44.0,Enterprise,WH-01,No,4.0,Damaged,13756.44,1334.37468,12422.065319999998,12354.235319999998,,,,,,,
ORD-10537,CUST-1222,Bruno Costa,Daniel Brown,West,France,WHOLESALE,PROD-112,Laptop,Furniture,2024-12-26 00:00:00,6,2326.67,0.001,16.39,Bank Transfer,Completed,1.8,6317.83,58.0,Enterprise,WH-02,No,6.0,Wrong Item,13960.02,13.96002,13946.05998,13929.66998,,,,,,,
ORD-11103,CUST-1389,Joao Nogueira,Henry Moore,South,Brazil,Online,PROD-125,Headphones,Food,2025-05-26 00:00:00,1,1715.84,0.3,62.69,Cash,Completed,4.6,6354.92,35.0,Enterprise,WH-01,No,9.0,Damaged,1715.84,514.752,1201.088,1138.398,,,,,,,
ORD-11145,CUST-1315,Andre Freitas,Alice Johnson,South,UK,Wholesale,PROD-119,Coffee Maker,Office Supplies,2022-11-03 00:00:00,8,371.27,0.076,134.34,Debit Card,Completed,2.2,1052.88,34.0,Enterprise,WH-03,Yes,4.0,Customer Changed Mind,2970.16,225.73216,2744.42784,2610.08784,,,,,,,
ORD-11135,CUST-1295,Camila Silva,Alice Johnson,East,USA,Online,PROD-124,Mouse,Food,2022-11-22 00:00:00,19,2279.49,0.148,64.69,PayPal,Completed,2.3,8470.63,31.0,Consumer,WH-03,No,7.0,,43310.31,6409.92588,36900.38412,36835.69411999999,,,,,,,
ORD-11007,CUST-1299,Juliana Nogueira,Bob Smith,Central,France,Direct,PROD-133,Notebook,Clothing,2025-06-06 00:00:00,12,1783.98,0.2,60.2,Bank Transfer,Completed,3.1,5356.46,71.0,Enterprise,WH-02,No,13.0,Wrong Item,21407.76,4281.552000000001,17126.208000000002,17066.008,,,,,,,
ORD-10075,CUST-1190,Gabriel Carvalho,Carla Davis,North,USA,Direct,PROD-137,Desk,Office Supplies,2022-11-29 00:00:00,11,1385.96,0.204,141.36,Bank Transfer,Completed,2.4,3700.38,47.0,Small Business,WH-04,No,4.0,Damaged,15245.56,3110.09424,12135.46576,11994.10576,,,,,,,
ORD-10887,CUST-1246,Luana Carvalho,Grace Taylor,West,Brazil,Retail,PROD-117,  Tablet ,Furniture,2023-10-30 00:00:00,18,1684.64,0.054,61.1,Credit Card,Completed,5.0,2590.09,31.0,Small Business,WH-04,No,12.0,,30323.52,1637.47008,28686.04992,28624.949920000003,,,,,,,
ORD-10216,CUST-1267,Natalia Costa,Alice Johnson,North,UK,Direct,PROD-131,Monitor,Food,2025-07-17 00:00:00,18,1133.42,0.182,48.87,Bank Transfer,Completed,2.1,7574.55,68.0,Consumer,WH-03,No,3.0,Late Delivery,20401.56,3713.08392,16688.47608,16639.60608,,,,,,,
ORD-10264,CUST-1251,Leticia Ferreira,Grace Taylor,East,France,Wholesale,PROD-113,Chair,Office Supplies,2025-01-04 00:00:00,6,25.62,0.185,125.2,Credit Card,Completed,,7254.72,64.0,Small Business,WH-04,No,12.0,Late Delivery,153.72,28.4382,125.2818,0.0818000000000012,,,,,,,
ORD-11102,CUST-1160,Clara Azevedo,Frank Miller,NORTH,France,Retail,PROD-124,Monitor,Furniture,2025-02-12 00:00:00,8,"1,290.14",0.218,10.24,Bank Transfer,Returned,1.7,6251.16,63.0,Consumer,WH-03,No,6.0,,10321.12,2250.00416,8071.11584,8060.875840000001,,,,,,,
ORD-10788,CUST-1370,Fernanda Lima,Alice Johnson,North,USA,Retail,PROD-135,Printer,Office Supplies,2023-07-23 00:00:00,5,1466.81,0.213,49.9,PayPal,Pending,4.2,2087.48,31.0,Consumer,WH-02,No,3.0,,7334.049999999999,1562.1526499999998,5771.897349999999,5721.99735,,,,,,,
ORD-11085,CUST-1211,Camila Gomes,Emma Wilson,North,Australia,Retail,PROD-130,Monitor,Office Supplies,2025-03-30 00:00:00,13,1749.27,0.135,108.99,Debit Card,Completed,3.2,1855.11,34.0,Corporate,WH-03,No,1.0,Damaged,22740.51,3069.96885,19670.54115,19561.55115,,,,,,,
ORD-10088,CUST-1212,Bianca Carvalho,Carla Davis,South,UK,Online,PROD-109,Headphones,Office Supplies,2022-05-03 00:00:00,9,2243.0,0.145,63.34,Credit Card,returned,4.2,9043.89,18.0,Corporate,WH-03,No,6.0,Damaged,20187.0,2927.115,17259.885000000002,17196.545000000002,,,,,,,
ORD-10175,CUST-1044,Henrique Ribeiro,Emma Wilson,South,USA,Online,PROD-108,Desk,Electronics,2023-12-30 00:00:00,8,1836.51,0.024,12.64,,Completed,3.3,7676.89,41.0,Consumer,WH-02,no,9.0,,14692.08,352.60992,14339.47008,14326.83008,,,,,,,
ORD-10618,CUST-1368,Vinicius Oliveira,Carla Davis,South,Brazil,Retail,PROD-139,Laptop,Office Supplies,2025-06-30 00:00:00,16,571.08,0.043,50.27,Bank Transfer,Completed,2.0,5617.65,73.0,Corporate,WH-04,No,2.0,Late Delivery,9137.28,392.90304,8744.376960000001,8694.106960000001,,,,,,,
ORD-11082,CUST-1117,Murilo Ramos,Daniel Brown,Central,Canada,Direct,PROD-113,Keyboard,Office Supplies,2024-11-28 00:00:00,7,1280.69,0.148,96.14,Cash,Completed,4.5,9560.81,47.0,Small Business,WH-04,No,4.0,Customer Changed Mind,8964.83,1326.79484,7638.035159999999,7541.895159999999,,,,,,,
ORD-10623,CUST-1341,Vinicius Vieira,Emma Wilson,Central,Germany,Wholesale,PROD-118,Monitor,Furniture,2024-02-26 00:00:00,6,1388.72,0.243,48.13,Cash,Completed,4.6,6027.67,65.0,Enterprise,WH-02,No,4.0,Damaged,8332.32,2024.75376,6307.56624,6259.43624,,,,,,,
ORD-10684,CUST-1338,Ramon Almeida,Henry Moore,South,Brazil,Retail,PROD-141,Chair,Furniture,2022-01-06 00:00:00,10,2192.33,0.264,142.67,Credit Card,Completed,1.9,2065.34,71.0,Small Business,WH-01,No,6.0,Wrong Item,21923.3,5787.7512,16135.5488,15992.8788,,,,,,,
ORD-11063,CUST-1321,Rafael Moraes,Grace Taylor,South,Germany,Wholesale,PROD-139,Phone,Clothing,,8,"$1,722.49",0.018,4.52,Credit Card,Completed,1.4,3857.65,56.0,Small Business,WH-03,Yes,12.0,Late Delivery,13779.92,248.03856,13531.88144,13527.36144,,,,,,,
ORD-10781,CUST-1239,Rodrigo Moreira,Alice Johnson,North,USA,Direct,PROD-139,Keyboard,  FOOD ,14/02/2023,3,1019.53,0.115,107.28,Credit Card,Completed,4.9,9298.65,unknown,Corporate,WH-04,No,13.0,Late Delivery,3058.59,351.73785000000004,2706.85215,2599.57215,,,,,,,
ORD-11041,CUST-1276,Caio Moreira,Bob Smith,East,Canada,Direct,PROD-147,Desk,Clothing,2023-07-12 00:00:00,10,2148.68,0.233,17.29,Cash,Completed,,6707.25,59.0,Consumer,WH-02,Yes,11.0,,21486.8,5006.4244,16480.3756,16463.0856,,,,,,,
ORD-10520,CUST-1399,Leticia Costa,Emma Wilson,North,Australia,Direct,PROD-108,Headphones,Clothing,2024-08-31 00:00:00,11,108.23,0.2,141.49,PayPal,Cancelled,2.0,1306.74,49.0,Small Business,WH-03,No,6.0,Wrong Item,1190.53,238.106,952.424,810.934,,,,,,,
ORD-11122,CUST-1093,Beatriz Moraes,Frank Miller,East,USA,Retail,PROD-148,Laptop,Office Supplies,N/A,11,277.95,0.053,95.13,Bank Transfer,Completed,3.1,5370.78,70.0,Enterprise,WH-04,No,6.0,Damaged,3057.45,162.04485,2895.40515,2800.2751499999995,,,,,,,
ORD-10420,CUST-1172,Laura Souza,Daniel Brown,East,Brazil,Online,PROD-117,Mouse,Furniture,2022-08-17 00:00:00,9,1283.89,0.127,147.13,Cash,Completed,4.8,4177.74,24.0,Corporate,WH-01,No,12.0,Damaged,11555.01,1467.48627,10087.52373,9940.393730000002,,,,,,,
ORD-10515,CUST-1068,Leonardo Teixeira,Henry Moore,South,USA,Wholesale,PROD-108,Desk,Electronics,2025-08-10 00:00:00,4,1105.58,0.2,81.33,Debit Card,Completed,4.0,9380.93,39.0,Small Business,WH-01,No,4.0,,4422.32,884.4639999999999,3537.856,3456.526,,,,,,,
ORD-10192,CUST-1282,Pedro Nogueira,Alice Johnson,Central,Australia,Direct,PROD-136,Monitor,Electronics,2024-08-07 00:00:00,14,288.34,0.236,86.92,Debit Card,Returned,4.4,6949.6,55.0,Corporate,WH-02,Yes,1.0,Customer Changed Mind,4036.76,952.6753599999998,3084.08464,2997.16464,,,,,,,
ORD-10090,CUST-1236,Priscila Lima,  Bob Smith ,Central,Germany,Wholesale,PROD-106,Printer,Furniture,2024-03-09 00:00:00,19,2383.54,0.046,55.84,Bank Transfer,Completed,2.0,6800.36,53.0,Corporate,WH-04,Yes,5.0,,45287.26,2083.21396,43204.04604,43148.206040000005,,,,,,,
ORD-10384,CUST-1255,Eduardo Santana,Grace Taylor,East,France,Wholesale,PROD-115,Printer,Furniture,2025-03-27 00:00:00,5,1905.91,0.148,60.61,PayPal,Cancelled,4.2,9748.32,36.0,Enterprise,WH-02,Y,6.0,Damaged,9529.55,1410.3734000000002,8119.176600000001,8058.566600000001,,,,,,,
ORD-11178,CUST-1038,Gabriel Martins,Frank Miller,West,Germany,Direct,PROD-120,Coffee Maker,ELECTRONICS,2022-11-16 00:00:00,11,1677.45,0.105,143.63,Bank Transfer,Completed,4.4,4084.61,36.0,Corporate,WH-04,Y,2.0,Damaged,18451.95,1937.45475,16514.49525,16370.86525,,,,,,,
ORD-10402,CUST-1385,Eduardo Oliveira,Frank Miller,North,USA,Online,PROD-122,Laptop,Electronics,2025-11-26 00:00:00,19,1697.66,0.006,86.66,PayPal,Cancelled,2.2,2438.65,27.0,Enterprise,WH-03,Yes,10.0,Customer Changed Mind,32255.54,193.53324,32062.00676,31975.34676,,,,,,,
ORD-10490,CUST-1000,Joao Ramos,Henry Moore,West,USA,Wholesale,PROD-141,Laptop,Electronics,2024-10-16 00:00:00,17,742.62,0.064,84.14,Credit Card,Completed,3.6,5839.14,22.0,Small Business,WH-01,Yes,9.0,Customer Changed Mind,12624.54,807.9705600000001,11816.56944,11732.429440000002,,,,,,,
ORD-10406,CUST-1298,Felipe Souza,Carla Davis,North,Canada,Retail,PROD-131,Monitor,Electronics,2023-10-15 00:00:00,1,424.74,0.258,40.9,Debit Card,Completed,4.0,1266.87,74.0,Small Business,WH-04,No,4.0,Wrong Item,424.74,109.58292,315.15708,274.25708000000003,,,,,,,
ORD-11192,CUST-1096,Leticia Vieira,Carla Davis,West,France,Direct,PROD-101,Mouse,Furniture,2022-09-30 00:00:00,11,9.82,0.118,60.46,PayPal,Completed,3.7,1216.61,68.0,Consumer,WH-03,No,14.0,Damaged,108.02,12.74636,95.27364,34.813640000000014,,,,,,,
ORD-11071,CUST-1093,Larissa Mendes,Bob Smith,South,France,Direct,PROD-144,Keyboard,Electronics,2025-02-10 00:00:00,19,1980.28,0.012,29.52,PayPal,returned,2.8,1927.96,23.0,Consumer,WH-04,No,8.0,Wrong Item,37625.32,451.50384,37173.81616,37144.296160000005,,,,,,,
ORD-10713,CUST-1147,Vinicius Nogueira,Carla Davis,West,usa,Online,PROD-126,Chair,Clothing,2024-06-04 00:00:00,15,2064.18,0.076,29.75,PayPal,Completed,4.2,4429.36,25.0,Small Business,WH-02,No,14.0,Late Delivery,30962.7,2353.1652,28609.5348,28579.7848,,,,,,,
ORD-10166,CUST-1012,Leticia Mendes,Frank Miller,East,France,Online,PROD-129,  Printer ,Office Supplies,2023-07-22 00:00:00,13,707.79,0.116,57.35,Cash,Completed,4.6,2130.42,47.0,Corporate,WH-01,No,11.0,Wrong Item,9201.27,1067.34732,8133.922680000001,8076.57268,,,,,,,
ORD-10641,CUST-1372,Gustavo Martins,,West,Australia,Wholesale,PROD-116,Mouse,Clothing,2023-12-09 00:00:00,11,607.75,0.259,125.76,Cash,Returned,1.8,9904.48,60.0,Consumer,WH-03,No,14.0,Customer Changed Mind,6685.25,1731.47975,4953.77025,4828.010249999999,,,,,,,
ORD-11093,CUST-1141,Beatriz Souza,Carla Davis,East,Australia,Wholesale,PROD-112,Tablet,Furniture,2025-01-15 00:00:00,8,2176.64,0.035,31.25,Credit Card,Completed,1.1,6163.83,51.0,Small Business,WH-03,No,9.0,,17413.12,609.4592,16803.660799999998,16772.410799999998,,,,,,,
ORD-10284,CUST-1111,Mariana Mendes,Emma Wilson,North,Germany,Retail,PROD-124,Coffee Maker,Food,2024-06-11 00:00:00,1,364.7,0.14,86.95,PayPal,Completed,2.0,6507.07,49.0,Corporate,WH-04,No,8.0,,364.7,51.058,313.642,226.692,,,,,,,
ORD-10662,CUST-1220,Aline Moraes,Bob Smith,East,Australia,Retail,PROD-106,Monitor,Clothing,19/03/2024,16,250.85,0.267,42.24,Debit Card,Pending,1.2,1543.88,24.0,Consumer,WH-02,No,8.0,Late Delivery,4013.6,1071.6312,2941.9688,2899.7288,,,,,,,
ORD-10238,CUST-1217,Luana Almeida,Frank Miller,East,France,Online,PROD-128,Desk,Electronics,2023-12-03 00:00:00,14,550.89,0.282,38.41,PayPal,Completed,4.4,8852.22,43.0,Consumer,WH-04,Yes,5.0,Damaged,7712.46,2174.91372,5537.5462800000005,5499.136280000001,,,,,,,
ORD-10510,CUST-1143,Luana Oliveira,Henry Moore,East,,Direct,PROD-141,Keyboard,Furniture,2025-12-22 00:00:00,2,2333.94,0.24,86.26,PayPal,Completed,,8480.27,28.0,Consumer,WH-01,Yes,7.0,Late Delivery,4667.88,1120.2912,3547.5888000000004,3461.3288,,,,,,,
ORD-10311,CUST-1226,Patricia Pereira,Daniel Brown,West,Germany,Online,PROD-146,Notebook,Furniture,2022-06-26 00:00:00,5,2044.44,0.273,10.37,Cash,Completed,2.1,8072.1,20.0,Enterprise,WH-03,Yes,6.0,Wrong Item,10222.2,2790.6606000000006,7431.5394,7421.1694,,,,,,,
ORD-10436,CUST-1185,Rodrigo Barbosa,Carla Davis,North,Brazil,Direct,PROD-125,Notebook,Furniture,2022-10-08 00:00:00,8,1400.17,0.289,127.14,,Completed,3.1,7299.57,69.0,Enterprise,WH-03,No,8.0,Wrong Item,11201.36,3237.19304,7964.16696,7837.02696,,,,,,,
ORD-10004,CUST-1071,Camila Moreira,Emma Wilson,West,Australia,Direct,PROD-126,Chair,Furniture,2023-12-07 00:00:00,17,500.63,0.056,23.81,Cash,Completed,2.0,4968.87,32.0,Corporate,WH-03,No,13.0,Customer Changed Mind,8510.71,476.59976,8034.110239999999,8010.300239999999,,,,,,,
ORD-10982,CUST-1153,Aline Ferreira,Henry Moore,North,Canada,Retail,PROD-114,Mouse,Food,2022-10-18 00:00:00,19,1761.34,0.217,102.58,Debit Card,Completed,2.9,8437.96,59.0,Enterprise,WH-04,No,3.0,Damaged,33465.46,7262.00482,26203.45518,26100.875179999995,,,,,,,
ORD-10038,CUST-1050,Priscila Oliveira,Daniel Brown,Central,Canada,Direct,PROD-103,Desk,Furniture,2024-12-21 00:00:00,12,203.4,0.077,130.45,Cash,Completed,4.1,6283.62,20.0,Enterprise,WH-02,No,13.0,Wrong Item,2440.8,187.9416,2252.8584,2122.4084000000003,,,,,,,
ORD-10389,CUST-1222,Natalia Barbosa,  Emma Wilson ,Central,Brazil,Wholesale,PROD-145,Monitor,Furniture,10/07/2024,3,539.57,0.13,145.2,Debit Card,Completed,2.3,7036.39,49.0,Corporate,WH-04,Yes,11.0,Wrong Item,1618.71,210.4323,1408.2777,1263.0777,,,,,,,
ORD-10214,CUST-1317,Juliana Silva,Alice Johnson,West,canada,Retail,PROD-138,Headphones,Office Supplies,2022-01-20 00:00:00,18,413.07,0.132,85.36,Debit Card,Completed,2.4,4759.95,19.0,Enterprise,WH-01,No,2.0,Wrong Item,7435.26,981.45432,6453.80568,6368.445680000001,,,,,,,
,,Rodrigo Nogueira,,,,,,,,,,,,,,,,,,,,,,,,,,,,,,,,,
,,,,,,,,,,,,,,,,,,,,,,,,,,,,,,,,,,,
ORD-10727,CUST-1043,Rodrigo Correia,Emma Wilson,Central,Germany,Wholesale,PROD-131,Keyboard,Office Supplies,16/06/2022,11,1576.65,0.153,25.21,Cash,Completed,1.7,5741.24,36.0,Corporate,WH-01,No,10.0,Wrong Item,17343.15,2653.5019500000003,14689.648050000002,14664.438050000002,,,,,,,
ORD-10468,CUST-1369,Joao Nogueira,Grace Taylor,West,USA,Direct,PROD-148,Laptop,Furniture,2022-03-15 00:00:00,15,1444.92,0.104,63.93,Cash,Completed,3.0,8289.21,33.0,Enterprise,WH-01,No,7.0,Wrong Item,21673.800000000003,2254.0752,19419.724800000004,19355.794800000003,,,,,,,
ORD-10186,CUST-1347,Rodrigo Nogueira,Frank Miller,North,Australia,Direct,PROD-102,Desk,Furniture,2023-04-01 00:00:00,9,906.36,0.133,93.21,Debit Card,Cancelled,3.6,7631.55,34.0,Enterprise,WH-02,Yes,10.0,Customer Changed Mind,8157.24,1084.91292,7072.32708,6979.11708,,,,,,,
ORD-10265,CUST-1345,Bianca Dias,Carla Davis,East,Australia,Direct,PROD-112,Laptop,Electronics,2022-03-18 00:00:00,6,1951.0,0.281,83.76,Credit Card,Completed,4.9,4128.72,62.0,Enterprise,WH-02,No,4.0,Customer Changed Mind,11706.0,3289.3860000000004,8416.614,8332.854,,,,,,,
ORD-10551,CUST-1159,Sofia Rocha,Carla Davis,East,UK,Online,PROD-134,Monitor,Furniture,2025-12-29 00:00:00,20,630.2,0.127,60.48,Bank Transfer,COMPLETED,1.8,5914.88,74.0,Corporate,WH-03,No,8.0,Damaged,12604.0,1600.708,11003.292,10942.812,,,,,,,
ORD-10774,CUST-1040,Pedro Moraes,Daniel Brown,South,Canada,Online,PROD-124,Printer,Electronics,2022-03-01 00:00:00,10,1182.93,0.051,46.58,PayPal,Returned,3.6,7945.36,71.0,Consumer,WH-04,No,10.0,Wrong Item,11829.3,603.2943,11226.005700000002,11179.425700000002,,,,,,,
ORD-10209,CUST-1159,Gabriel Costa,Grace Taylor,East,Germany,Direct,PROD-124,Laptop,Furniture,2023-03-26 00:00:00,9,700.03,,41.06,Debit Card,Completed,4.4,3812.81,65.0,Enterprise,WH-03,Yes,4.0,Damaged,6300.27,743.4318599999999,5556.83814,5515.778139999999,,,,,,,
ORD-10851,CUST-1117,Beatriz Lima,Carla Davis,NORTH,Brazil,Direct,PROD-128,Desk,Electronics,2022-02-01 00:00:00,19,25.32,0.149,13.86,Cash,Completed,2.6,3711.85,34.0,Small Business,WH-03,No,3.0,Late Delivery,481.08,71.68092,409.39908,395.53908,,,,,,,
ORD-10046,CUST-1020,Joao Moreira,Emma Wilson,Central,Brazil,Direct,PROD-140,Printer,Furniture,2025-05-16 00:00:00,9,989.24,0.263,129.1,PayPal,Completed,4.9,5911.78,59.0,Consumer,WH-01,No,7.0,Late Delivery,8903.16,2341.53108,6561.628919999999,6432.528919999999,,,,,,,
ORD-10179,CUST-1027,Thiago Almeida,Carla Davis,East,,Retail,PROD-132,Keyboard,Food,2023-11-12 00:00:00,17,1204.41,0.274,2.13,Bank Transfer,Completed,2.8,2247.15,19.0,Small Business,WH-03,No,11.0,Damaged,20474.97,5610.141780000001,14864.82822,14862.69822,,,,,,,
ORD-10782,CUST-1396,Caio Silva,Alice Johnson,South,Australia,Online,PROD-108,Printer,Electronics,2023-04-06 00:00:00,10,1404.23,0.163,5.5,Cash,Completed,2.4,1469.28,53.0,Enterprise,WH-02,YES,10.0,Wrong Item,14042.3,2288.8949,11753.4051,11747.9051,,,,,,,
ORD-10092,CUST-1366,Beatriz Barbosa,Bob Smith,North,USA,Wholesale,PROD-149,  Tablet ,Food,2023-06-06 00:00:00,2,2434.58,0.11,37.74,Credit Card,Completed,2.8,4449.62,63.0,Consumer,WH-02,No,9.0,Wrong Item,4869.16,535.6075999999999,4333.5524,4295.8124,,,,,,,
ORD-11046,CUST-1349,Diego Nogueira,Frank Miller,East,Brazil,Retail,PROD-123,Laptop,Electronics,2023-08-12 00:00:00,14,2126.42,0.285,39.52,Cash,Completed,4.1,7197.7,52.0,Enterprise,WH-03,No,13.0,Wrong Item,29769.88,8484.415799999999,21285.4642,21245.9442,,,Manual review,,,,
ORD-10189,CUST-1224,Luana Nogueira,Bob Smith,South,Germany,Retail,PROD-117,Mouse,,2025-02-09 00:00:00,6,1850.32,0.24,7.14,PayPal,Completed,3.6,2207.6,23.0,Corporate,WH-01,No,12.0,Late Delivery,11101.92,2664.4608,8437.459200000001,8430.319200000002,,,,,,,
ORD-10068,CUST-1387,Lucas Martins,Emma Wilson,North,Australia,Retail,PROD-145,Monitor,Furniture,2022-04-20 00:00:00,17,2367.87,0.237,94.57,Credit Card,Completed,3.2,5548.28,34.0,Consumer,WH-01,No,3.0,Customer Changed Mind,40253.79,9540.14823,30713.64177,30619.07177,,,,,,,
ORD-10583,CUST-1114,Pedro Dias,Carla Davis,North,Germany,Retail,PROD-112,Monitor,Clothing,2024-02-13 00:00:00,1,1587.65,0.085,126.3,Debit Card,Completed,3.6,1560.17,59.0,Enterprise,WH-03,Yes,2.0,Wrong Item,1587.65,134.95025,1452.69975,1326.39975,,,,,,,
ORD-10665,CUST-1145,Fernanda Martins,,South,Australia,Online,PROD-100,Coffee Maker,Office Supplies,2023-07-04 00:00:00,7,143.9,0.297,104.88,PayPal,Completed,4.3,1672.37,53.0,Enterprise,WH-01,No,1.0,Late Delivery,1007.3,299.1681,708.1319000000001,603.2519000000001,,,,,,,
ORD-10680,CUST-1193,Fernanda Santana,Frank Miller,East,Canada,Wholesale,PROD-143,Notebook,  Electronics ,2024-01-13 00:00:00,4,1338.29,0.014,42.93,Cash,Completed,3.7,6279.14,,Corporate,WH-01,Yes,7.0,Customer Changed Mind,5353.16,74.94424,5278.21576,5235.28576,,,,,,,
ORD-10512,CUST-1184,Caio Carvalho,Emma Wilson,West,Australia,Online,PROD-129,Laptop,Electronics,2024-09-15 00:00:00,3,1865.93,0.299,62.67,Cash,Completed,2.2,4637.59,58.0,Enterprise,WH-03,No,8.0,Late Delivery,5597.79,1673.73921,3924.05079,3861.38079,,,,,,,
ORD-10260,CUST-1325,Beatriz Santana,Carla Davis,Central,Germany,Wholesale,PROD-112,Coffee Maker,Food,2023-10-13 00:00:00,3,2105.62,0.061,95.47,Credit Card,Pending,2.9,3771.53,30.0,Corporate,WH-01,No,4.0,,6316.86,385.32846,5931.53154,5836.06154,,,,,,,
ORD-10312,CUST-1111,Beatriz Vieira,Bob Smith,West,France,Direct,PROD-108,Printer,Food,2022-03-04 00:00:00,17,2333.4,0.006,22.1,PayPal,Completed,3.0,1389.56,55.0,Consumer,WH-01,Yes,9.0,Late Delivery,39667.8,238.00680000000003,39429.7932,39407.6932,,,,,,,
ORD-10162,CUST-1142,Fernanda Ribeiro,Daniel Brown,West,Germany,Wholesale,PROD-136,Notebook,Furniture,2025-02-01 00:00:00,16,,0.17,129.92,Bank Transfer,Completed,2.5,6160.89,63.0,Enterprise,WH-03,No,4.0,Late Delivery,6186.24,1051.6608,5134.5792,5004.6592,,,,,,,
ORD-10331,CUST-1391,Gustavo Costa,Daniel Brown,Central,UK,Wholesale,PROD-144,Mouse,Electronics,2025-06-07 00:00:00,7,816.02,0.16,52.15,Bank Transfer,Cancelled,2.2,3235.4,24.0,Corporate,WH-01,No,7.0,,5712.139999999999,913.9424,4798.1976,4746.0476,,,,,,,
ORD-10848,CUST-1153,Gabriel Correia,Grace Taylor,West,Brazil,Retail,PROD-148,Monitor,Electronics,2022-01-12 00:00:00,7,1926.48,0.064,51.43,Debit Card,Cancelled,1.4,4166.25,57.0,Enterprise,WH-04,Yes,12.0,Damaged,13485.36,863.06304,12622.29696,12570.86696,,,,,,,
ORD-11048,CUST-1317,Mariana Freitas,Bob Smith,South,Canada,Direct,PROD-145,Laptop,Food,2023-07-18 00:00:00,16,729.75,0.047,39.64,Debit Card,Completed,1.9,1048.78,22.0,Consumer,WH-01,No,2.0,Late Delivery,11676.0,548.772,11127.228,11087.588,,,,,,,
ORD-10416,CUST-1315,Joao Carvalho,Alice Johnson,Central,Canada,Direct,PROD-122,Phone,Food,2025-10-20 00:00:00,1,936.93,0.1,52.47,Cash,completed,3.8,3452.52,51.0,Corporate,WH-04,No,5.0,Late Delivery,936.93,93.693,843.237,790.7669999999999,,,,,,,
ORD-10387,CUST-1017,Juliana Castro,Frank Miller,North,Brazil,Online,PROD-134,Keyboard,Office Supplies,2022-02-10 00:00:00,17,71.37,0.077,19.1,Cash,Completed,1.4,7190.77,20.0,Consumer,WH-03,Yes,9.0,Wrong Item,1213.29,93.42333,1119.86667,1100.76667,,,,,,,
ORD-11141,CUST-1266,Matheus Ramos,,East,Canada,Online,PROD-138,Chair,Office Supplies,2022-12-16 00:00:00,16,356.56,0.054,143.12,cash,Completed,4.0,2731.16,65.0,Consumer,WH-02,No,7.0,,5704.96,308.06784,5396.89216,5253.77216,,,,,,,
ORD-10125,CUST-1032,Carolina Azevedo,Grace Taylor,South,France,Direct,PROD-146,Notebook,Electronics,2022-02-22 00:00:00,6,736.42,0.224,31.71,PayPal,Completed,,3370.76,51.0,Corporate,WH-01,No,12.0,Late Delivery,4418.52,989.74848,3428.77152,3397.06152,,,,,,,
ORD-11053,CUST-1136,Rodrigo Santana,Henry Moore,North,Brazil,Retail,PROD-101,Headphones,Food,2024-09-18 00:00:00,7,1179.95,,101.36,,Completed,1.9,2541.04,26.0,Enterprise,WH-02,No,13.0,Late Delivery,8259.65,1007.6773,7251.972699999999,7150.6127,,,,,,,
ORD-10995,CUST-1226,Renata Cardoso,Grace Taylor,North,UK,Online,PROD-117,Headphones,Electronics,N/A,14,1654.78,0.076,134.72,Bank Transfer,Completed,1.7,8558.8,71.0,Consumer,WH-04,No,12.0,Late Delivery,23166.92,1760.68592,21406.23408,21271.51408,,,,,,,
ORD-10250,CUST-1371,Beatriz Dias,Daniel Brown,North,USA,Direct,PROD-107,Tablet,Electronics,2024-05-19 00:00:00,7,1151.7,0.29,139.77,Credit Card,Completed,4.4,8298.01,37.0,Corporate,WH-03,No,3.0,Customer Changed Mind,8061.900000000001,2337.951,5723.9490000000005,5584.179,,,,,,,
ORD-10950,CUST-1281,Amanda Almeida,Emma Wilson,Central,Canada,Online,PROD-146,Monitor,  Electronics ,2022-08-04 00:00:00,9,547.53,0.11,36.43,Cash,Pending,3.5,8107.85,37.0,Corporate,WH-04,Yes,1.0,Late Delivery,4927.77,542.0546999999999,4385.7153,4349.2853,,,,,,,
ORD-10829,CUST-1164,Diego Ramos,Alice Johnson,East,France,Direct,PROD-141,Notebook,Clothing,2022-08-18 00:00:00,14,326.95,0.204,100.97,Paypal,Completed,1.7,1660.07,,Corporate,WH-01,Yes,14.0,Wrong Item,4577.3,933.7692,3643.530800000001,3542.5608000000007,,,,,,,check
ORD-10007,CUST-1102,Rafael Ferreira,Alice Johnson,North,France,Online,PROD-133,Monitor,Electronics,2025-05-09 00:00:00,19,673.69,0.154,134.07,Debit Card,Completed,1.1,8082.92,57.0,Small Business,WH-04,No,3.0,Damaged,12800.11,1971.21694,10828.89306,10694.82306,,,,,,,
ORD-10939,CUST-1000,Henrique Souza,Frank Miller,North,Brazil,Online,PROD-109,Printer,Food,2024-04-28 00:00:00,11,103.33,0.218,34.13,Bank Transfer,Pending,3.6,6365.79,23.0,Consumer,WH-04,No,10.0,,1136.63,247.78534,888.84466,854.71466,,,,,,,
ORD-10522,CUST-1340,Gabriel Teixeira,Frank Miller,West,Australia,Direct,PROD-108,Notebook,Food,2025-10-30 00:00:00,20,91.62,0.197,103.42,Bank Transfer,Pending,4.5,8879.81,62.0,Consumer,WH-02,No,4.0,Customer Changed Mind,1832.4,360.98280000000005,1471.4172,1367.9972,,,,,,,
ORD-10990,CUST-1237,Leonardo Vieira,Henry Moore,North,Canada,Wholesale,PROD-122,Chair,Food,2022-10-12 00:00:00,8,1966.8,0.014,54.02,Cash,Completed,1.1,2800.72,55.0,Consumer,WH-04,No,12.0,Damaged,15734.4,220.2816,15514.1184,15460.0984,,,,,,,
ORD-10346,CUST-1263,Mariana Carvalho,Alice Johnson,South,Germany,Retail,PROD-112,Monitor,Clothing,2022-03-14 00:00:00,10,2077.57,0.076,125.74,Bank Transfer,Pending,1.5,5536.66,31.0,Small Business,WH-04,No,14.0,Wrong Item,20775.7,1578.9532,19196.7468,19071.0068,,,,,,,
,,,,,,,,,,,,,,,,,,,,,,,,,,,,,,,,,,,
ORD-10734,CUST-1079,Caio Mendes,Bob Smith,West,France,Online,PROD-143,Printer,Food,2024-01-17 00:00:00,7,854.93,0.16,83.54,Bank Transfer,Completed,3.2,8135.2,19.0,Corporate,WH-04,No,7.0,Customer Changed Mind,5984.509999999999,957.5216,5026.988399999999,4943.448399999999,,,,,,,
ORD-11127,CUST-1235,Thiago Freitas,Carla Davis,North,Australia,Retail,PROD-106,  Tablet ,Furniture,2024-03-20 00:00:00,12,2251.09,0.091,51.79,Cash,Completed,3.7,2125.85,19.0,Consumer,WH-03,No,14.0,,27013.08,2458.1902800000003,24554.889720000003,24503.09972,,,,,,,
ORD-10607,CUST-1036,Rafael Santos  ,Alice Johnson,Central,Australia,Online,PROD-148,Tablet,Office Supplies,2024-05-18 00:00:00,9,1367.39,0.19,19.17,PayPal,Completed,3.7,7890.06,40.0,Consumer,WH-04,No,14.0,Customer Changed Mind,12306.51,2338.2369,9968.2731,9949.1031,,,,,,,
ORD-10914,CUST-1094,Joao Santana,Grace Taylor,South,Germany,Wholesale,PROD-125,Phone,Furniture,2022-01-07 00:00:00,18,24.42,0.043,70.7,Credit Card,Completed,1.6,8810.24,34.0,Small Business,WH-03,No,14.0,,439.56000000000006,18.90108,420.6589200000001,349.9589200000001,,,,,,,
ORD-10803,CUST-1145,Juliana Rocha,Grace Taylor,West,Australia,Retail,PROD-103,Monitor,Furniture,2024-01-16 00:00:00,3,2157.88,0.138,144.68,Credit Card,Completed,3.0,3454.53,56.0,Enterprise,WH-01,No,11.0,Wrong Item,6473.64,893.3623200000001,5580.27768,5435.59768,,,,,,,
ORD-10668,CUST-1008,Mariana Silva,Emma Wilson,West,USA,Wholesale,PROD-103,Monitor,Food,2023-07-22 00:00:00,13,1564.74,0.117,104.16,Bank Transfer,Pending,3.8,7136.51,22.0,Consumer,WH-01,Yes,3.0,Damaged,20341.62,2379.96954,17961.650459999997,17857.490459999997,,,,,,,
ORD-10117,CUST-1260,Manuela Monteiro,Emma Wilson,West,USA,Wholesale,PROD-126,Phone,Furniture,2025-02-27 00:00:00,15,1044.4,0.111,70.54,,returned,1.1,4891.19,52.0,Corporate,WH-04,Yes,9.0,Wrong Item,15666.000000000002,1738.9260000000002,13927.074000000002,13856.534,,,,,,,
ORD-10309,CUST-1339,Leticia Vieira,Grace Taylor,West,UK,Retail,PROD-126,Desk,Clothing,2024-12-18 00:00:00,1,2287.75,0.173,36.69,Cash,Completed,2.2,4226.49,69.0,Corporate,WH-03,No,7.0,Damaged,2287.75,395.78075,1891.96925,1855.27925,,,,,,,
ORD-10572,CUST-1301,Laura Lima,Bob Smith,North,USA,direct,PROD-104,Printer,Clothing,2022-12-31 00:00:00,19,"$1,337.15",0.222,67.8,Credit Card,Completed,2.0,2653.15,29.0,Corporate,WH-04,Yes,3.0,Wrong Item,25405.85,5640.0987000000005,19765.751300000004,19697.951300000004,,,,,,,
ORD-10339,CUST-1021,Joao Correia,Frank Miller,South,USA,Online,PROD-101,Headphones,Electronics,2025/01/16,16,283.4,0.203,148.15,Credit Card,Completed,1.6,5839.61,42.0,Enterprise,WH-03,Yes,13.0,,4534.4,920.4832,3613.9168,3465.7667999999994,,,,,,,
ORD-10986,CUST-1370,Laura Martins, ,North,,Online,PROD-133,Notebook,Clothing,2023-05-07 00:00:00,9,624.93,0.226,126.74,Credit Card,Completed,,4985.87,52.0,Enterprise,WH-01,No,14.0,Late Delivery,5624.37,1271.10762,4353.26238,4226.52238,,,,,,,
ORD-10639,CUST-1366,Murilo Oliveira,Daniel Brown,central,France,Wholesale,PROD-128,Mouse,Clothing,2022-05-03 00:00:00,14,2317.38,0.013,19.28,Bank Transfer,Pending,2.9,825.42,60.0,Corporate,WH-01,Yes,1.0,Late Delivery,32443.32,421.76316,32021.55684,32002.27684,,,Manual review,,,,
ORD-10748,CUST-1142,Eduardo Monteiro,Emma Wilson,North,France,Direct,PROD-116,Monitor,Furniture,2022-03-11 00:00:00,6,1965.45,0.167,20.2,debit card,Completed,1.4,3476.58,23.0,Corporate,WH-03,No,9.0,,11792.7,1969.3809000000003,9823.3191,9803.1191,,,,,,,
ORD-10129,CUST-1292,Laura Monteiro,Alice Johnson,North,Brazil,Online,PROD-116,Keyboard,,2025-09-10 00:00:00,19,2284.21,0.066,1.66,PayPal,Completed,3.2,2411.91,65.0,Enterprise,WH-04,No,3.0,Late Delivery,43399.99,2864.39934,40535.59066,40533.93066,,,,,,,
ORD-10034,CUST-1187,Andre Souza,Alice Johnson,South,France,Direct,PROD-123,Keyboard,Electronics,2023-08-05 00:00:00,5,2059.06,0.14,75.89,Debit Card,Completed,4.7,5286.28,36.0,Enterprise,WH-02,No,1.0,Customer Changed Mind,10295.3,1441.342,8853.957999999999,8778.068,,,,,,,
ORD-10555,CUST-1177,Henrique Ramos,Bob Smith,East,USA,Retail,PROD-135,Desk,Furniture,2023-11-04 00:00:00,11,2402.46,0.236,106.88,Credit Card,Cancelled,3.2,8563.49,74.0,Small Business,WH-03,No,2.0,Late Delivery,26427.06,6236.78616,20190.27384,20083.39384,,,,,,,
ORD-10681,CUST-1004,Rodrigo Castro,Frank Miller,Central,Germany,Wholesale,PROD-122,Notebook,Food,2024-11-12 00:00:00,9,2082.36,0.0,37.82,PayPal,Completed,3.9,3670.98,58.0,Small Business,WH-03,No,11.0,Damaged,18741.24,0.0,18741.24,18703.42,,,,,,,
ORD-11119,CUST-1264,Thiago Costa,Daniel Brown,West,USA,Direct,PROD-148,Headphones,Electronics,2022-07-22 00:00:00,17,644.83,0.07,66.08,Debit Card,Completed,3.3,6403.58,59.0,Enterprise,WH-04,No,1.0,,10962.11,767.3477000000001,10194.7623,10128.6823,,,,,,,
ORD-10826,CUST-1258,Matheus Pereira,Alice Johnson,Central,UK,Retail,PROD-136,Chair,Office Supplies,2022-05-19 00:00:00,9,719.48,0.005,67.44,Bank Transfer,Completed,4.1,9193.84,20.0,Corporate,WH-02,No,14.0,,6475.32,32.3766,6442.9434,6375.5034000000005,,,,,,,
ORD-10666,CUST-1238,Manuela Ribeiro,Carla Davis,West,UK,Online,PROD-128,Coffee Maker,Office Supplies,2025-02-11 00:00:00,9,1994.81,0.198,3.37,   ,Completed,3.5,5296.46,37.0,Corporate,WH-01,No,3.0,Customer Changed Mind,17953.29,3554.7514200000005,14398.53858,14395.16858,,,,,,,
ORD-10821,CUST-1005,Beatriz Dias,Grace Taylor,south,Germany,Online,PROD-148,Printer,Office Supplies,2022-02-15 00:00:00,7,180.91,0.145,63.46,PayPal,Completed,4.2,9478.62,67.0,Consumer,WH-01,Yes,5.0,Damaged,1266.37,183.62365,1082.74635,1019.28635,,,,,,,
ORD-10350,CUST-1276,Leticia Castro,Bob Smith,East,Australia,Online,PROD-118,Monitor,Office Supplies,2024-12-14 00:00:00,10,1838.78,0.287,95.99,Bank Transfer,Completed,3.3,4012.68,64.0,Consumer,WH-02,No,8.0,Damaged,18387.8,5277.298599999999,13110.5014,13014.5114,,,,,,,
ORD-11174,CUST-1224,Laura Freitas,Emma Wilson,South,UK,Online,PROD-123,Mouse, Furniture ,2025-04-22 00:00:00,12,1296.61,0.29,116.18,Credit Card,Completed,1.9,8128.68,72.0,Enterprise,WH-04,Yes,10.0,,15559.32,4512.2028,11047.1172,10930.9372,,,,,,,
ORD-10488,CUST-1057,Matheus Teixeira,,North,France,Direct,PROD-108,Chair,Clothing,2023-12-20 00:00:00,11,2354.37,0.268,34.58,PayPal,Completed,4.5,791.27,70.0,Consumer,WH-01,No,10.0,Damaged,25898.07,6940.682760000001,18957.38724,18922.80724,,,,,,,
ORD-10996,CUST-1370,Bruno Ramos,Emma Wilson,East,Brazil,Wholesale,PROD-142,Headphones,Clothing,2024-06-08 00:00:00,7,1776.21,0.078,118.96,PayPal,Returned,4.9,5510.56,61.0,Small Business,WH-03,No,13.0,Customer Changed Mind,12433.47,969.81066,11463.659340000002,11344.699340000005,,,,,,,
ORD-10587,CUST-1313,Henrique Martins,Frank Miller,Central,Germany,Direct,PROD-105,Keyboard,Office Supplies,2022-12-19 00:00:00,4,1642.0,0.187,33.41,Credit Card,Completed,2.4,4516.82,37.0,Enterprise,WH-03,No,6.0,Wrong Item,6568.0,1228.216,5339.784,5306.374,,,,,,,
ORD-10585,CUST-1390,Vinicius Oliveira,Grace Taylor,Central,Canada,Direct,PROD-127,Printer,Furniture,2022-12-31 00:00:00,6,1603.93,0.141,114.16,debit card,Completed,4.3,3408.51,30.0,Corporate,WH-01,No,10.0,Damaged,9623.58,1356.9247799999998,8266.65522,8152.495220000001,,,,,,,
ORD-11190,CUST-1156,Lucas Ferreira,Frank Miller,Central,France,Online,PROD-116,Laptop,Food,2022-01-09 00:00:00,9,1601.88,0.249,125.78,Cash,Returned,3.4,2374.74,35.0,Small Business,WH-02,No,5.0,,14416.920000000002,3589.8130800000004,10827.106920000002,10701.32692,,,,,,,
ORD-10578,CUST-1336,Juliana Moraes,  Henry Moore ,North,Brazil,Online,PROD-143,Monitor,Clothing,2024-02-28 00:00:00,8,1272.87,0.068,6.45,Cash,Completed,3.1,2010.74,54.0,Small Business,WH-04,False,12.0,Late Delivery,10182.96,692.44128,9490.51872,9484.06872,,,,,,,
ORD-11096,CUST-1292,Patricia Martins,Henry Moore,Central,UK,Online,PROD-114,Coffee Maker,Electronics,2024-03-09 00:00:00,14,USD 299.55,0.245,4.77,Bank Transfer,Completed,4.8,2168.62,18.0,Small Business,WH-01,No,9.0,,4193.7,1027.4565,3166.2435,3161.4735,,,,,,,
ORD-10057,CUST-1052,Luana Vieira,Carla Davis,South,USA,Wholesale,PROD-118,Phone,Food,2024-02-08 00:00:00,14,2000.41,0.265,126.37,Debit Card,Cancelled,3.7,5031.0,43.0,Consumer,WH-01,Yes,10.0,,28005.74,7421.521100000001,20584.2189,20457.8489,,,,,,,
ORD-10006,CUST-1020,Leonardo Monteiro,Grace Taylor,East,Canada,Direct,PROD-137,Chair,Electronics,31/11/2022,1,2498.29,0.16,0.4,PayPal,Completed,2.8,7523.02,40.0,Small Business,WH-04,No,6.0,Customer Changed Mind,2498.29,399.7264,2098.5636,2098.1636,,,,,,,
ORD-10899,CUST-1068,Patricia Nogueira,Emma Wilson,North,Brazil,Retail,PROD-133,Laptop,Furniture,2023-04-09 00:00:00,12,709.58,0.021,108.99,Bank Transfer,Completed,2.3,4148.45,28.0,Consumer,WH-03,No,8.0,Wrong Item,8514.960000000001,178.81416000000004,8336.145840000001,8227.155840000001,,,,,,,
ORD-10540,CUST-1146,Patricia Barbosa,Bob Smith,West,USA,Wholesale,PROD-144,Keyboard,Electronics,2024-12-15 00:00:00,10,1235.23,N/A,75.42,Cash,Completed,1.3,8755.24,42.0,Small Business,WH-04,No,9.0,Late Delivery,12352.3,2396.3462,9955.9538,9880.5338,,,,,,,
ORD-10411,CUST-1246,Camila Ramos,Bob Smith,North,Canada,Online,PROD-122,Notebook,Food,2023-10-26 00:00:00,11,659.71,0.134,57.52,Debit Card,Completed,3.3,2306.69,35.0,Consumer,WH-04,No,8.0,,7256.81,972.41254,6284.39746,6226.87746,,,,,,,
ORD-10222,CUST-1112,Larissa Gomes,Bob Smith,East,UK,Direct,PROD-131,Keyboard,Furniture,2025-02-25 00:00:00,13,2411.73,0.175,125.16,PayPal,Pending,2.4,9153.31,50.0,Consumer,WH-04,No,1.0,Customer Changed Mind,31352.49,5486.68575,25865.80425,25740.64425,,,,,,,
ORD-10776,CUST-1191,Caio Ribeiro,Frank Miller,East,Canada,Online,PROD-104,Laptop,Furniture,2022-09-14 00:00:00,7,631.64,0.096,5.75,Bank Transfer,Completed,1.8,8708.91,66.0,Enterprise,WH-01,No,14.0,Late Delivery,4421.48,424.46208,3997.01792,3991.26792,,,,,,,
ORD-11088,CUST-1112,Aline Moraes,Grace Taylor,East,Australia,Direct,PROD-119,Headphones,Clothing,2023-06-12 00:00:00,4,2255.79,0.229,60.66,Bank Transfer,Completed,2.9,7297.03,46.0,Small Business,WH-01,Yes,4.0,Late Delivery,9023.16,2066.30364,6956.85636,6896.19636,,,,,,,
ORD-10519,CUST-1203,Aline Ribeiro,Frank Miller,Central,Germany,Wholesale,PROD-139,Keyboard,Clothing,2024-12-12 00:00:00,10,2007.14,0.287,86.04,Credit Card,Returned,3.1,2560.87,21.0,Enterprise,WH-03,No,8.0,Customer Changed Mind,20071.4,5760.4918,14310.908200000002,14224.8682,,,,,,,
ORD-10091,CUST-1337,Gabriel Castro,Alice Johnson,South,Australia,Direct,PROD-147,Phone,Furniture,2023-04-02 00:00:00,16,1215.4,0.12,16.22,Cash,Completed,4.3,2442.85,53.0,Enterprise,WH-03,No,11.0,Damaged,19446.4,2333.568,17112.832000000002,17096.612,,,,,,,
ORD-11044,CUST-1111,Andre Souza,Alice Johnson,North,brazil,Wholesale,PROD-140,Printer,Office Supplies,2023-04-17 00:00:00,1,1126.46,0.077,33.71,PayPal,Completed,1.9,4133.22,74.0,Corporate,WH-03,No,3.0,Late Delivery,1126.46,86.73742,1039.72258,1006.01258,,,,,,,
ORD-11036,CUST-1364,Priscila Moreira,Daniel Brown,South,Germany,Direct,PROD-132,Monitor,Furniture,2022-11-21 00:00:00,20,898.93,0.197,15.98,Cash,Cancelled,1.1,8598.97,23.0,Small Business,WH-01,No,13.0,Wrong Item,17978.6,3541.7842,14436.815799999998,14420.8358,,,,,,,
ORD-10094,CUST-1279,Clara Mendes,Alice Johnson,South,Brazil,Direct,PROD-126,Desk,Clothing,2024-07-05 00:00:00,16,2247.54,0.2,108.1,PayPal,Completed,4.9,5984.41,62.0,Consumer,WH-03,No,2.0,Late Delivery,35960.64,7192.128000000001,28768.512,28660.412,,,,,,,
ORD-10638,CUST-1338,Isabela Cardoso,Henry Moore,West,Brazil,Retail,PROD-105,Coffee Maker,Food,2024-10-01 00:00:00,12,1753.54,0.17,140.66,Debit Card,Completed,3.3,3804.36,41.0,Small Business,WH-02,No,7.0,Wrong Item,21042.48,3577.2216000000003,17465.2584,17324.5984,,,,,,,
ORD-10170,CUST-1242,Ramon Pereira,Alice Johnson,North,UK,Direct,PROD-136,Laptop,Food,2025-12-20 00:00:00,19,1068.16,0.247,54.68,Cash,Completed,2.2,2709.51,47.0,Enterprise,WH-03,No,13.0,Wrong Item,20295.04,5012.87488,15282.16512,15227.48512,,,,,,,
ORD-10184,CUST-1330,Sofia Rocha,Frank Miller,North,France,Online,PROD-143,Printer,Office Supplies,2023-11-25 00:00:00,11,1944.35,0.106,65.03,Credit Card,Returned,3.4,5924.29,68.0,Corporate,WH-01,No,2.0,Damaged,21387.85,2267.1121,19120.7379,19055.7079,,,,,,,
ORD-11146,CUST-1285,Matheus Correia,Daniel Brown,Central,UK,Direct,PROD-115,Notebook,Furniture,2025-03-23 00:00:00,7,1200.09,0.186,35.47,Debit Card,Completed,3.5,8794.47,36.0,Enterprise,WH-01,No,6.0,Wrong Item,8400.63,1562.5171799999998,6838.112819999999,6802.642819999999,,,,,,,
ORD-10300,CUST-1130,Beatriz Dias,Bob Smith,North,Germany,Direct,PROD-142,Monitor,Office Supplies,2023-12-22 00:00:00,11,1731.16,0.27,132.23,Debit Card,Completed,1.5,4393.87,51.0,Corporate,WH-04,No,14.0,Damaged,19042.76,5141.5452000000005,13901.214800000002,13768.984800000002,,,,,,,
ORD-11171,CUST-1142,Larissa Oliveira,Bob Smith,SOUTH,France,Direct,PROD-132,Tablet,Clothing,2022-12-08 00:00:00,15,1921.68,0.001,15.13,PayPal,Completed,1.2,6451.68,59.0,Consumer,WH-01,No,6.0,,28825.2,28.8252,28796.3748,28781.2448,,,,,,,
ORD-11110,CUST-1012,Caio Ramos,Daniel Brown,South,Australia,Online,PROD-102,Coffee Maker,Food,2025-06-03 00:00:00,9,1193.84,0.289,100.67,Debit Card,Cancelled,2.5,8436.57,67.0,Small Business,WH-03,No,5.0,,10744.56,3105.17784,7639.382159999999,7538.712159999999,,,,,,,
ORD-10760,CUST-1155,Eduardo Vieira,Grace Taylor,West,Canada,Wholesale,PROD-149,Keyboard,Food,2025-12-25 00:00:00,7,2261.99,0.26,39.67,PayPal,Completed,2.9,8536.89,19.0,Corporate,WH-04,No,2.0,,15833.929999999998,4116.8218,11717.1082,11677.4382,,,,,,,
ORD-10478,CUST-1057,Sofia Moreira,Henry Moore,North,Australia,Wholesale,PROD-133,Monitor,Furniture,2025-09-06 00:00:00,4,1295.99,0.225,62.62,PayPal,Completed,4.7,2850.07,34.0,Enterprise,WH-04,No,6.0,Late Delivery,5183.96,1166.391,4017.569,3954.949,,,,,,,
ORD-10677,CUST-1392,Joao Lima,Emma Wilson,North,UK,Online,PROD-115,Keyboard,Electronics,2025-05-07 00:00:00,5,"$1,122.70",0.077,57.43,Credit Card,Cancelled,1.9,9411.75,50.0,Enterprise,WH-01,No,7.0,Late Delivery,5613.5,432.2395,5181.2605,5123.8305,,,,,,,
ORD-10111,CUST-1138,Daniel Monteiro,Bob Smith,West,Australia,Wholesale,PROD-107,Mouse,Office Supplies,2024-09-08 00:00:00,8,2261.48,0.172,9.18,Bank Transfer, Completed ,4.4,7314.43,36.0,Corporate,WH-01,No,4.0,Customer Changed Mind,18091.84,3111.79648,14980.04352,14970.86352,,,,,,,
ORD-10724,CUST-1116,Caio Barbosa,Bob Smith,Central,Germany,Direct,PROD-123,Printer,Food,2024-09-24 00:00:00,8,1436.26,0.18,129.72,Cash,Completed,2.1,1285.95,54.0,Consumer,WH-03,Yes,9.0,Wrong Item,11490.08,2068.2144,9421.8656,9292.145600000002,,,,,,,
ORD-10095,CUST-1216,Felipe Freitas,Grace Taylor,South,Canada,Retail,PROD-132,Mouse,Clothing,2023-12-18 00:00:00,5,2328.15,0.293,7.28,Credit Card,Completed,4.3,6223.86,45.0,Small Business,WH-04,No,2.0,Wrong Item,11640.75,3410.73975,8230.01025,8222.730249999999,,,,,,,
ORD-10568,CUST-1284,Rafael Ferreira,Bob Smith,East,France,Wholesale,PROD-122,Headphones,Electronics,2022-03-27 00:00:00,17,1190.32,0.299,96.8,Debit Card,Completed,3.7,9648.89,,Small Business,WH-01,No,9.0,Late Delivery,20235.44,6050.396559999999,14185.04344,14088.24344,,,,,,,
ORD-10978,CUST-1077,Gabriel Lima,Grace Taylor,West,France,Wholesale,PROD-113,Phone,Food,2024-09-28 00:00:00,14,1043.9,25.0%,14.76,Cash,Completed,2.3,8899.06,32.0,Consumer,WH-02,No,1.0,Late Delivery,14614.600000000002,3653.650000000001,10960.95,10946.19,,,,,,,
ORD-10685,CUST-1135,Isabela Ramos,Henry Moore,Central,France,Direct,PROD-132,  Monitor ,Food,2023-07-04 00:00:00,10,544.67,,114.32,Bank Transfer,Completed,1.3,7209.74,44.0,Consumer,WH-03,No,10.0,,5446.7,533.7766,4912.9234,4798.6034,,,,,,,
ORD-10936,CUST-1316,Beatriz Barbosa,Carla Davis,North,France,Retail,PROD-131,Chair,Furniture,2022-05-03 00:00:00,12,2375.42,0.111,143.6,PayPal,Completed,2.9,5295.62,59.0,Corporate,WH-03,Yes,4.0,,28505.04,3164.05944,25340.98056,25197.38056,,,,,,,
ORD-10103,CUST-1064,Pedro Moreira,Frank Miller,East,UK,Online,PROD-125,  Chair ,Electronics,2025-08-09 00:00:00,11,1283.54,0.214,144.9,Bank Transfer,Cancelled,3.1,2413.72,69.0,Consumer,WH-01,No,2.0,Late Delivery,14118.94,3021.45316,11097.48684,10952.58684,,,,,,,
ORD-10040,CUST-1054,Camila Correia,Alice Johnson,South,USA,Online,PROD-131,Desk,Food,2022-01-14 00:00:00,3,391.27,0.005,149.05,,Completed,3.3,4113.6,27.0,Enterprise,WH-03,No,13.0,Wrong Item,1173.81,5.86905,1167.94095,1018.89095,,,,,,,
ORD-10325,CUST-1067,Beatriz Souza,Daniel Brown,Central,Germany,Retail,PROD-105,Phone,Clothing,2024-04-09 00:00:00,7,N/A,0.294,127.97,Credit Card,Cancelled,3.2,6983.53,60.0,Enterprise,WH-01,No,14.0,Late Delivery,5243.0,1541.442,3701.558,3573.588,,,,,,,
ORD-10390,CUST-1053,Clara Freitas,Grace Taylor,North,,Retail,PROD-107,Notebook,Food,2023-10-04 00:00:00,20,855.5,,48.01,,Completed,3.6,3700.82,,Corporate,WH-01,No,4.0,,17110.0,667.29,16442.71,16394.7,,,,,,,
ORD-11106,CUST-1260,Caio Azevedo,Bob Smith,Central,France,Wholesale,PROD-127,Mouse,Furniture,2023-06-12 00:00:00,4,1065.36,0.222,138.07,Credit Card,Completed,1.9,4797.34,70.0,Enterprise,WH-01,No,2.0,,4261.44,946.03968,3315.40032,3177.33032,,,,,,,
ORD-11092,CUST-1089,Camila Costa,Frank Miller,North,Canada,Direct,PROD-108,Notebook,Furniture,2025-05-26 00:00:00,7,1003.89,0.138,31.86,Cash,Completed,4.3,6391.04,53.0,Small Business,WH-01,No,3.0,,7027.23,969.75774,6057.47226,6025.61226,,,,,,,
ORD-10172,CUST-1283,Natalia Santana,Henry Moore,Central,Germany,Wholesale,PROD-129,Monitor,Furniture,01/23/2022,8,405.0,0.06,18.23,Cash,Completed,2.9,5608.46,52.0,Consumer,WH-04,No,7.0,,3240.0,194.4,3045.6,3027.37,,,,,,,
ORD-10630,CUST-1232,Thiago Costa,Alice Johnson,East,USA,Retail,PROD-109,Headphones,Furniture,2025-06-15 00:00:00,6,1266.44,0.188,38.65,Bank Transfer,Completed,3.1,833.18,37.0,Corporate,WH-03,Yes,10.0,Damaged,7598.64,1428.54432,6170.09568,6131.445680000001,,,,,,,
ORD-10130,CUST-1098,Gabriel Monteiro,Grace Taylor,East,UK,Wholesale,PROD-138,Monitor,clothing,2025-02-11 00:00:00,3,1042.12,0.259,8.96,Debit Card,Completed,2.5,6109.24,25.0,Small Business,WH-04,No,11.0,Customer Changed Mind,3126.36,809.7272399999999,2316.6327599999995,2307.6727599999995,,,,,,,
ORD-10839,CUST-1204,Priscila Vieira, ,Central,Canada,Retail,PROD-117,Coffee Maker,Furniture,2025-05-12 00:00:00,9,140.41,10%,107.32,Credit Card,Completed,1.8,1799.36,52.0,Enterprise,WH-03,No,12.0,Wrong Item,1263.69,8.845830000000001,1254.84417,1147.52417,,,,,,,
ORD-10712,CUST-1057,Natalia Silva,Grace Taylor,North,UK,Direct,PROD-105,Mouse,Food,2024-06-17 00:00:00,17,1285.88,0.224,133.05,Bank Transfer,Completed,1.8,6231.29,44.0,Corporate,WH-02,No,10.0,,21859.960000000003,4896.631040000001,16963.328960000003,16830.278960000003,,,,,,,
ORD-10173,CUST-1065,Manuela Moraes,Emma Wilson,Central,France,direct,PROD-126,Monitor,Food,2024-12-06 00:00:00,16,708.98,0.024,17.46,Debit Card,Completed,2.7,8642.3,18.0,Enterprise,WH-02,No,4.0,Customer Changed Mind,11343.68,272.24832000000004,11071.43168,11053.97168,,,,,,,
ORD-10878,CUST-1337,Aline Vieira,Alice Johnson,Central,Australia,Direct,PROD-119,Notebook,Office Supplies,2024-07-10 00:00:00,6,1408.77,0.141,4.59,Bank Transfer,COMPLETED,2.7,4363.03,36.0,Enterprise,WH-02,Yes,2.0,Customer Changed Mind,8452.619999999999,1191.8194199999998,7260.800579999999,7256.210579999999,,,,,,,
ORD-10574,CUST-1252,Daniel Lima,Bob Smith,Central,USA,Online,PROD-124,Mouse,Furniture,2025-07-16 00:00:00,5,83.25,13.7%,10.96,Debit Card,Completed,1.1,5754.19,29.0,Corporate,WH-04,No,11.0,,416.25,57.026250000000005,359.22375,348.26375,,,,,,,
,,,,,,,,,,,,,,,,,,,,,,,,,,,,,,,,,,,
ORD-10715,CUST-1382,Rodrigo Ferreira,Frank Miller,South,Canada,Wholesale,PROD-149,Desk,Food,2023-03-18 00:00:00,19,2337.32,0.025,42.33,Cash,Completed,3.8,5863.55,71.0,Enterprise,WH-02,No,10.0,Customer Changed Mind,44409.08,1110.227,43298.853,43256.523,,,,,,,
ORD-10277,CUST-1150,Priscila Barbosa,Daniel Brown,South,Germany,Wholesale,PROD-100,Notebook,Office Supplies,2023-06-24 00:00:00,18,467.6,0.035,47.61,Credit Card,Completed,3.6,2227.87,29.0,Enterprise,WH-03,Yes,4.0,Late Delivery,8416.800000000001,294.5880000000001,8122.212000000001,8074.602000000002,,,,,,,
ORD-11002,CUST-1038,Felipe Cardoso,Henry Moore,South,USA,Online,PROD-105,Laptop,Office Supplies,2024-05-02 00:00:00,12,2180.14,0.149,101.88,Credit Card,Completed,3.7,9215.88,42.0,Small Business,WH-04,No,8.0,,26161.68,3898.09032,22263.58968,22161.70968,,,,,,,
ORD-11033,CUST-1319,Fernanda Oliveira,Henry Moore,South,UK,Direct,PROD-122,Monitor,  Office Supplies ,12/17/2025,13,1970.91,0.158,102.0,Credit Card,Completed,4.6,1418.75,,Enterprise,WH-01,No,12.0,Damaged,25621.83,4048.24914,21573.58086,21471.58086,,,,,,,
ORD-10446,CUST-1169,Luana Souza,Alice Johnson,East,Canada,Direct,PROD-116,Phone,  Clothing ,2022-05-24 00:00:00,19,229.83,0.293,13.18,Bank Transfer,Completed,2.6,8957.97,29.0,Consumer,WH-01,No,5.0,Customer Changed Mind,4366.77,1279.46361,3087.3063900000006,3074.126390000001,,,,,,,
ORD-10399,CUST-1150,Leticia Monteiro,Emma Wilson,North,USA,Direct,PROD-100,Mouse,Furniture,2024-07-11 00:00:00,3,471.02,0.134,38.08,Cash,Completed,2.6,2144.3,28.0,Enterprise,WH-01,No,1.0,,1413.06,189.35004,1223.70996,1185.62996,,,,,,,
ORD-10956,CUST-1055,Vinicius Azevedo,Grace Taylor,North,USA,Direct,PROD-132,Tablet,Electronics,2023-07-11 00:00:00,20,,0.255,110.6,Bank Transfer,Completed,2.7,5937.37,19.0,Small Business,WH-01,No,7.0,,18232.4,4649.262000000001,13583.138,13472.538,,,,,,,
ORD-10391,CUST-1057,Vinicius Teixeira,Carla Davis,North,Canada,Wholesale,PROD-143,Printer,Food,2024-11-12 00:00:00,13,1963.46,0.137,5.58,Bank Transfer,Cancelled,4.7,1561.41,41.0,Consumer,WH-04,No,7.0,Customer Changed Mind,25524.98,3496.9222600000003,22028.05774,22022.47774,,,,,,,
ORD-10087,CUST-1295,Beatriz Ferreira,Carla Davis,North,USA,Wholesale,PROD-140,Coffee Maker,Furniture,2022-11-13 00:00:00,17,1200.03,0.261,67.4,Bank Transfer,Completed,2.6,4346.68,28.0,Enterprise,WH-02,Yes,3.0,,20400.51,5324.533109999999,15075.976889999998,15008.576889999998,,,,,,,
ORD-10924,CUST-1351,Gustavo Dias,Frank Miller,North,USA,Retail,PROD-143,Mouse,Food,2025-05-11 00:00:00,12,427.48,0.067,9.65,PayPal,Completed,3.5,8511.38,64.0,Corporate,WH-02,Yes,6.0,Damaged,5129.76,343.69392000000005,4786.0660800000005,4776.416080000001,,,,,,,
ORD-10554,CUST-1395,Amanda Gomes,Grace Taylor,South,Canada,Retail,PROD-112,Laptop,Furniture,2025-05-30 00:00:00,6,,0.127,120.6,Credit Card,Completed,2.2,4579.15,27.0,Small Business,WH-01,No,6.0,,13207.32,1677.32964,11529.99036,11409.39036,,,,,,,
ORD-10678,CUST-1282,Andre Moraes,Alice Johnson,East,Germany,Retail,PROD-137,Coffee Maker,Electronics,2022-07-30 00:00:00,20,476.23,0.184,78.96,Credit Card,Completed,4.7,7997.22,37.0,Corporate,WH-02,No,10.0,,9524.6,1752.5264,7772.073600000001,7693.113600000001,,,,,,,
ORD-10315,CUST-1348,Eduardo Silva,Grace Taylor,Central,France,Online,PROD-119,Desk,Clothing,2023-07-15 00:00:00,3,1368.32,0.23,95.06,Cash,Completed,1.8,5306.21,34.0,Consumer,WH-03,No,1.0,Wrong Item,4104.96,944.1408,3160.8192,3065.7592,,,,,,,
ORD-10193,CUST-1120,Mariana Monteiro,Grace Taylor,West,Australia,Retail,PROD-132,Phone,Clothing,2023-11-11 00:00:00,16,2016.0,0.231,135.33,PayPal,Pending,2.3,6315.04,54.0,Small Business,WH-03,No,14.0,,32256.0,7451.136,24804.864,24669.534,,,Follow up,,,,
ORD-11163,CUST-1103,Daniel Azevedo,Grace Taylor,Central,USA,Online,PROD-101,Notebook,   ,N/A,6,2105.85,0.089,47.66,Debit Card,Completed,3.8,9304.53,45.0,Small Business,WH-01,Yes,9.0,Wrong Item,12635.1,1124.5239,11510.576099999998,11462.9161,,,,,,,
ORD-10949,CUST-1072,Natalia Azevedo,Frank Miller,West,France,Retail,PROD-100,Desk,Furniture,2024-04-05 00:00:00,6,693.83,0.174,85.06,Debit Card,Completed,2.3,4974.09,44.0,Consumer,WH-01,No,3.0,,4162.9800000000005,724.35852,3438.6214800000007,3353.5614800000008,,,,,,,
ORD-10527,CUST-1221,Ramon Silva,Henry Moore,South,Australia,Direct,PROD-114,Desk,Clothing,2025-03-04 00:00:00,2,1130.47,0.235,144.77,PayPal,Cancelled,3.9,9081.8,58.0,Enterprise,WH-01,No,7.0,Customer Changed Mind,2260.94,531.3208999999999,1729.6191,1584.8491,,,,,,,
ORD-10410,CUST-1169,Luana Oliveira,Carla Davis,East,Germany,Wholesale,PROD-117,Coffee Maker,Food,2023-02-21 00:00:00,16,934.46,0.132,130.27,PayPal,Completed,1.2,4546.74,45.0,Enterprise,WH-02,No,2.0,Late Delivery,14951.36,1973.57952,12977.78048,12847.51048,,,,,,,
ORD-10975,CUST-1213,Clara Castro,Daniel Brown,East,UK,Direct,PROD-122,Monitor,Electronics,2024-02-24 00:00:00,,402.68,0.024,112.71,Debit Card,Completed,3.2,5755.18,67.0,Enterprise,WH-04,No,7.0,,5234.84,125.63616,5109.20384,4996.49384,,,,,,,
ORD-10919,CUST-1359,Larissa Dias,Frank Miller,East,Germany,Online,PROD-109,Coffee Maker,Electronics,2023-07-27 00:00:00,16,1084.34,0.254,66.29,Credit Card,Completed,2.6,4303.09,33.0,Enterprise,WH-01,No,9.0,Wrong Item,17349.44,4406.75776,12942.682239999998,12876.392239999996,,,,,,,
ORD-11008,CUST-1024,Diego Moraes,Henry Moore,east,Brazil,Retail,PROD-129,Desk,Furniture,2025-04-09 00:00:00,15,398.47,0.242,4.25,Bank Transfer,Completed,3.1,2335.44,20.0,Corporate,WH-02,No,14.0,Customer Changed Mind,5977.05,1446.4461,4530.6039,4526.3539,,,,,,,
ORD-10742,CUST-1146,Priscila Souza,Bob Smith,East,Canada,Direct,PROD-124,Mouse,Furniture,2022-08-28 00:00:00,17,872.26,0.242,2.38,PayPal,Cancelled,3.0,2695.42,44.0,Corporate,WH-02,No,9.0,Late Delivery,14828.42,3588.47764,11239.94236,11237.562360000002,,,,,,,
ORD-11014,CUST-1393,Laura Castro,Alice Johnson,North,Germany,Online,PROD-146,Tablet,Food,2022-10-21 00:00:00,9,40.43,0.095,85.93,Bank Transfer,Returned,2.1,7510.87,25.0,Enterprise,WH-04,No,9.0,Wrong Item,363.87,34.56765,329.30235,243.37235,,,,,,,
ORD-10801,CUST-1373,Eduardo Moreira,  Daniel Brown ,South,Australia,Online,PROD-100,Headphones,Electronics,2023-11-03 00:00:00,5,1110.73,0.075,77.15,PayPal,Completed,2.5,8959.43,52.0,Small Business,WH-04,No,11.0,Customer Changed Mind,5553.65,416.52375,5137.126249999999,5059.97625,,,,,,,
ORD-10859,CUST-1221,Gustavo Carvalho,Henry Moore,North,Australia,Online,PROD-105,Phone,Office Supplies,2023-10-09 00:00:00,18,1398.97,0.017,36.5,Cash,Returned,4.7,2838.95,39.0,Corporate,WH-04,No,9.0,Wrong Item,25181.46,428.08482,24753.37518,24716.87518,,,,,,,
ORD-10031,CUST-1048,Patricia Almeida,Henry Moore,West,Brazil,Retail,PROD-142,Desk,Food,2024-06-11 00:00:00,16,8.38,0.071,88.22,CASH,Cancelled,1.8,6521.79,thirty-two,Enterprise,WH-03,No,13.0,Wrong Item,134.08,9.51968,124.56032000000002,36.34032000000002,,,,,,,
ORD-10584,CUST-1104,Larissa Cardoso,Henry Moore,North,Canada,Wholesale,PROD-138,Laptop,Furniture,2023-05-25 00:00:00,19,2046.7,0.23,69.58,Cash,Completed,4.7,7015.24,27.0,Corporate,WH-02,No,14.0,,38887.3,8944.079000000002,29943.221,29873.641,,,,,,,
ORD-11049,CUST-1349,Bianca Ferreira,Emma Wilson,South,Australia,Direct,PROD-132,Tablet,Electronics,2025-12-27 00:00:00,14,,0.217,136.49,PayPal,Completed,1.5,924.86,66.0,Enterprise,WH-02,No,12.0,Late Delivery,5839.54,1267.18018,4572.35982,4435.86982,,,,,,,
ORD-10203,CUST-1306,Daniel Ferreira,Emma Wilson,South,Australia,Retail,PROD-123,Desk,Clothing,2024-07-31 00:00:00,10,1228.66,0.249,31.58,PayPal,Completed,3.3,1954.91,56.0,Small Business,WH-01,No,12.0,Wrong Item,12286.6,3059.3634,9227.2366,9195.6566,,,,,,,
,,,,,,,,,,,,,,,,,,,,,,,,,,,,,,,,,,,
ORD-10204,CUST-1233,Daniel Castro,Grace Taylor,West,Canada,Wholesale,PROD-121,  Keyboard ,Food,2024-04-22 00:00:00,1,97.44,0.28,50.81,Bank Transfer,Completed,2.8,9864.85,38.0,Corporate,WH-02,No,3.0,Customer Changed Mind,97.44,27.2832,70.1568,19.3468,,,,,,,
ORD-10881,CUST-1346,Murilo Correia,Daniel Brown,East,USA,Wholesale,PROD-141,Printer,Clothing,2022-03-22 00:00:00,16,1982.73,0.118,140.29,bank transfer,Completed,2.6,4816.83,20.0,Consumer,WH-01,No,2.0,Customer Changed Mind,31723.68,3743.39424,27980.28576,27839.99576,,,,,,,
ORD-10424,CUST-1399,Beatriz Cardoso,Bob Smith,Central,Canada,Online,PROD-141,Desk,Office Supplies,2024-10-31 00:00:00,6,1399.03,0.204,148.59,PayPal,Completed,4.3,3284.56,67.0,Corporate,WH-04,Yes,11.0,Late Delivery,8394.18,1712.41272,6681.76728,6533.17728,,,,,,,
ORD-10529,CUST-1022,Andre Pereira,Emma Wilson,East,USA,Online,PROD-104,Notebook,Electronics,2022-04-15 00:00:00,4,"$2,036.68",0.046,16.75,Credit Card,Completed,2.4,1687.6,61.0,Corporate,WH-01,No,12.0,,8146.72,374.74912,7771.97088,7755.22088,,,,,,,
ORD-10916,CUST-1399,Lucas Vieira,Alice Johnson,East,Brazil,Wholesale,PROD-127,Headphones,Food,2024-09-05 00:00:00,16,270.39,0.031,127.45,Bank Transfer,Completed,4.0,5483.17,69.0,Enterprise,WH-02,Yes,8.0,Wrong Item,4326.24,134.11344,4192.12656,4064.67656,,,,,,,
ORD-10671,CUST-1229,Leticia Dias,Grace Taylor,North,Canada,Retail,PROD-144,Coffee Maker,Furniture,2025-09-19 00:00:00,2,1039.13,0.247,18.41,Credit Card,Returned,,2205.62,47.0,Enterprise,WH-01,No,11.0,,2078.26,513.33022,1564.9297800000002,1546.51978,,,,,,,
ORD-10657,CUST-1222,Fernanda Monteiro,,East,Brazil,Retail,PROD-107,Headphones,Food,2022-09-14 00:00:00,2,1256.11,0.104,68.76,PayPal,Completed,4.8,4292.22,69.0,Small Business,WH-04,No,3.0,Damaged,2512.22,261.27088,2250.94912,2182.1891199999995,,,,,,,
ORD-10536,CUST-1179,Leonardo Santos,Frank Miller,South,Canada,Wholesale,PROD-128,Headphones,  Electronics ,2023-09-23 00:00:00,2,$880.55,21.4%,53.29,Credit Card,Completed,2.1,7240.52,45.0,Corporate,WH-02,Yes,10.0,Damaged,1761.1,376.8754,1384.2246,1330.9346,,,,,,,
ORD-11001,CUST-1201,Renata Castro,Alice Johnson,Central,France,Retail,PROD-131,Keyboard,Clothing,2023-01-22 00:00:00,18,781.88,0.3,36.91,PayPal,Completed,1.6,7094.02,40.0,Small Business,WH-01,No,8.0,Late Delivery,14073.84,4222.152,9851.688,9814.778,,,,,,,
ORD-10465,CUST-1307,Ramon Ferreira,Frank Miller,East,Brazil,Direct,PROD-123,Desk,Clothing,2022-03-13 00:00:00,4,59.24,0.136,144.44,Debit Card,Returned,2.2,8408.87,65.0,Corporate,WH-02,Yes,12.0,Damaged,236.96,32.226560000000006,204.73344,60.29344,,,,,,,
ORD-10693,CUST-1131,Henrique Souza,Emma Wilson,North,UK,Wholesale,PROD-104,Desk,Electronics,2024-09-13 00:00:00,19,1089.47,0.006,133.77,Debit Card,Completed,3.8,9828.32,45.0,Enterprise,WH-04,No,2.0,,20699.93,124.19958,20575.73042,20441.96042,,,,,,,
ORD-11115,CUST-1318,Larissa Rocha,Carla Davis,South,Australia,Wholesale,PROD-116,Chair,Clothing,2023-10-01 00:00:00,16,56.51,,30.23,Debit Card,Pending,,4248.43,39.0,Small Business,WH-03,No,1.0,Damaged,904.16,56.96208,847.19792,816.9679199999999,,,,,,,
ORD-10591,CUST-1216,Carolina Santana,Carla Davis,East,Germany,Direct,PROD-110,Coffee Maker,Food,2025-06-02 00:00:00,20,1394.53,0.222,50.33,Debit Card,Completed,4.8,4722.84,63.0,Corporate,WH-01,No,13.0,Late Delivery,27890.6,6191.7132,21698.8868,21648.5568,,,,,,,
ORD-10911,CUST-1150,Patricia Rocha,Alice Johnson,West,Canada,Wholesale,PROD-115,Monitor,Food,2024-10-08 00:00:00,8,1723.47,0.179,17.97,Cash,Completed,4.4,4117.2,20.0,Small Business,WH-02,No,5.0,Customer Changed Mind,13787.76,2468.00904,11319.75096,11301.780960000002,,,,,,,
ORD-10323,CUST-1168,Lucas Martins,Henry Moore,Central,UK,Direct,PROD-125,Chair,Furniture,2023-08-27 00:00:00,16,440.75,0.104,71.26,,Completed,4.5,3583.7,26.0,Consumer,WH-04,No,2.0,Wrong Item,7052.0,733.408,6318.592,6247.331999999999,,,,,,,
ORD-10367,CUST-1372,Clara Teixeira,Grace Taylor,North,USA,Direct,PROD-127,Chair,Food,2022-01-10 00:00:00,18,1993.38,0.188,69.47,PayPal,Returned,4.2,6382.02,22.0,Consumer,WH-03,No,12.0,Wrong Item,35880.840000000004,6745.597920000001,29135.242080000004,29065.77208,,,,,,,
ORD-11072,CUST-1061,Fernanda Nogueira,Emma Wilson,West,UK,Direct,PROD-116,Chair,Food,2023-04-01 00:00:00,6,486.93,0.121,96.39,Bank Transfer,Completed,1.4,3823.18,54.0,Consumer,WH-01,No,8.0,Late Delivery,2921.58,353.51118,2568.06882,2471.67882,,,,,,,
ORD-10146,CUST-1206,Pedro Costa,Henry Moore,South,France,Direct,PROD-135,Monitor,Food,2025-02-12 00:00:00,5,2117.17,0.045,25.87,Debit Card,Pending,3.6,5712.01,,Enterprise,WH-03,No,8.0,,10585.85,476.36325,10109.48675,10083.61675,,,,,,,
ORD-10354,CUST-1366,Mariana  Oliveira,Henry Moore,East,Australia,Retail,PROD-145,Mouse,Food,2025-04-14 00:00:00,9,1634.22,0.193,102.67,PayPal,Completed,2.6,1027.66,67.0,Corporate,WH-01,No,11.0,Wrong Item,14707.98,2838.64014,11869.33986,11766.66986,,,,,,,
ORD-10645,CUST-1024,Diego Gomes,Emma Wilson,North,Brazil,DIRECT,PROD-125,Monitor,Electronics,2022-11-19 00:00:00,19,1580.29,0.089,54.33,PAYPAL,Completed,1.2,5627.2,59.0,Enterprise,WH-01,Yes,11.0,Wrong Item,30025.51,2672.27039,27353.23961,27298.909609999995,,,,,,,
ORD-10892,CUST-1284,Larissa Pereira,Emma Wilson,South,Canada,Wholesale,PROD-124,Chair,Food,15/12/2025,7,1656.17,0.214,124.19,Credit Card,Pending,3.9,3605.04,60.0,Corporate,WH-04,No,2.0,,11593.19,2480.94266,9112.24734,8988.05734,,,,,,,
ORD-11184,CUST-1041,  Clara Moraes,Emma Wilson,Central,Germany,Wholesale,PROD-141,Phone,Office Supplies,2025-12-30 00:00:00,16,USD 1950.04,0.056,10.94,Credit Card,Pending,1.6,2242.39,63.0,Enterprise,WH-04,No,10.0,Customer Changed Mind,31200.64,1747.23584,29453.40416,29442.46416,,,,,,,
ORD-10872,CUST-1191,Sofia Moreira,Alice Johnson,West,Australia,Direct,PROD-121,Phone,Clothing,"May 29, 2024",9,967.6,0.126,92.39,Credit Card,COMPLETED,,1241.18,47.0,Consumer,WH-04,No,14.0,Late Delivery,8708.4,1097.2584,7611.1416,7518.7516,,,,,,,
ORD-10901,CUST-1261,Ramon Correia,,West,Canada,Retail,PROD-149,Keyboard,Electronics,14/01/2023,8,795.53,0.139,107.46,Credit Card,Completed,2.3,5270.52,18.0,Enterprise,WH-03,No,2.0,Wrong Item,6364.24,884.62936,5479.61064,5372.15064,,,,,,,
ORD-10731,CUST-1316,Luana Rocha,Emma Wilson,North,USA,Direct,PROD-100,Printer,Electronics,2024-12-24 00:00:00,10,70.83,0.237,82.75,Bank Transfer,Completed,2.9,7110.76,42.0,Enterprise,WH-04,No,2.0,Late Delivery,708.3,167.8671,540.4329,457.6829,,,,,,,
ORD-10268,CUST-1351,Gabriel Monteiro,Grace Taylor,South,USA,Direct,PROD-106,Coffee Maker,Food,2023-02-14 00:00:00,16,734.64,0.093,69.41,Credit Card,Completed,2.3,2450.16,42.0,Consumer,WH-01,No,10.0,Customer Changed Mind,11754.24,1093.14432,10661.09568,10591.68568,,,,,,,
ORD-10495,CUST-1117,Ramon Pereira,Grace Taylor,East,USA,Direct,PROD-143,Coffee Maker,  Food ,2023-08-23 00:00:00,15,1843.81,0.278,41.9,PayPal,Completed,2.3,7106.8,24.0,Enterprise,WH-03,No,7.0,,27657.15,7688.6877,19968.4623,19926.5623,,,,,,,
ORD-10860,CUST-1250,Priscila Teixeira,Henry Moore,East,Germany,Direct,PROD-119,Tablet,Office Supplies,2024-09-13 00:00:00,4,153.48,0.147,131.62,PayPal,Completed,2.2,3289.32,40.0,Corporate,WH-03,Yes,4.0,,613.92,90.24624,523.67376,392.05376,,,,,,,
ORD-10267,CUST-1147,Mariana Ferreira,  Henry Moore ,East,Canada,Online,PROD-114,Tablet,Electronics,2024-02-07 00:00:00,1,775.42,6.2%,69.21,Bank Transfer,Completed,4.6,3134.57,67.0,Enterprise,WH-01,No,1.0,,775.42,48.07604,727.3439599999999,658.1339599999999,,,,,,,
ORD-10802,CUST-1064,Joao Freitas,Carla Davis,West,Germany,Wholesale,PROD-123,  Monitor ,Furniture,2023-05-05 00:00:00,5,1583.58,0.103,119.77,Debit Card,Completed,4.0,4622.8,39.0,Corporate,WH-04,No,12.0,Wrong Item,7917.9,815.5437,7102.3563,6982.586299999999,,,,,,,
ORD-11006,CUST-1125,Patricia Nogueira,Bob Smith,South,France,Retail,PROD-125,Printer,Furniture,2022-10-04 00:00:00,19,884.33,0.081,64.66,Credit Card,Completed,3.5,524.26,68.0,Corporate,WH-01,No,4.0,Damaged,16802.27,1360.98387,15441.28613,15376.62613,,,,,,,
ORD-10188,CUST-1189,Camila Pereira,Frank Miller,South,USA,Retail,PROD-142,Notebook,  Electronics ,2022-10-24 00:00:00,16,965.7,0.217,113.53,Credit Card,Completed,4.7,3812.47,27.0,Corporate,WH-02,Yes,11.0,Damaged,15451.2,3352.9104,12098.2896,11984.7596,,,,,,,
ORD-10374,CUST-1348,Renata Nogueira,Alice Johnson,East,France,Direct,PROD-125,Mouse,Food,2022-05-13 00:00:00,11,789.39,0.26,107.85,Credit Card,Completed,3.8,3233.59,27.0,Consumer,WH-01,No,8.0,,8683.289999999999,2257.6554,6425.634599999999,6317.784599999999,,,,,,,
ORD-10290,CUST-1253,Thiago Freitas,Carla Davis,West,Brazil,Online,PROD-145,Headphones,Furniture,2024-07-01 00:00:00,11,266.38,0.274,59.97,Bank Transfer,Completed,2.1,4894.54,22.0,Consumer,WH-04,No,11.0,Damaged,2930.18,802.86932,2127.31068,2067.34068,,,,,,,
ORD-10106,CUST-1008,Priscila Almeida,Henry Moore,West,Canada,Online,PROD-106,Chair,Clothing,2024-12-13 00:00:00,10,430.07,0.078,119.26,Credit Card,Returned,3.5,8168.27,54.0,Small Business,WH-02,No,7.0,,4300.7,335.4546,3965.2454,3845.9854,,,,,,,
ORD-10466,CUST-1143,Eduardo Vieira,Frank Miller,North,UK,Retail,PROD-118,Laptop,,2025-12-12 00:00:00,19,1303.82,0.291,95.23,Debit Card,Completed,4.0,6409.8,27.0,Small Business,WH-03,No,6.0,Damaged,24772.58,7208.820779999999,17563.75922,17468.52922,,,,,,,
ORD-10637,CUST-1051,Beatriz Cardoso,Henry Moore,East,UK,Wholesale,PROD-122,Desk,Clothing,2024-12-03 00:00:00,11,409.11,,95.38,Credit Card,Completed,3.2,8416.69,68.0,Corporate,WH-01,No,7.0,,4500.21,1102.55145,3397.65855,3302.27855,,,,,,,
ORD-10025,CUST-1160,Camila Azevedo,Daniel Brown,South,USA,Retail,PROD-124,Desk,Clothing,2025-07-28 00:00:00,14,1640.36,0.146,89.46,Debit Card,Completed,4.1,5081.63,65.0,Enterprise,WH-04,No,2.0,Customer Changed Mind,22965.04,3352.895839999999,19612.14416,19522.68416,,,,,,,
ORD-10649,CUST-1143,Caio Carvalho,Henry Moore,West,Australia,Direct,PROD-110,Mouse,Food,2023-03-09 00:00:00,14,621.17,0.047,59.76,Debit Card,Pending,,8771.01,52.0,Consumer,WH-03,No,2.0,Damaged,8696.38,408.72986,8287.65014,8227.89014,,,,,,,
ORD-10392,CUST-1322,Lucas Gomes,Daniel Brown,East,USA,Wholesale,PROD-121,Laptop,Electronics,2022-10-06 00:00:00,3,484.12,0.243,54.13,Debit Card,Completed,2.0,3176.31,62.0,Consumer,WH-01,Yes,5.0,Damaged,1452.36,352.92348000000004,1099.4365200000002,1045.30652,,,,,,,
ORD-10014,CUST-1359,Laura Moreira,Grace Taylor,north,USA,Direct,PROD-141,Printer,Food,2023-01-28 00:00:00,18,269.26,0.129,45.03,Cash,Completed,2.0,1651.43,64.0,Small Business,WH-04,No,3.0,,4846.68,625.22172,4221.458280000001,4176.428280000001,,,,,,,
ORD-11138,CUST-1319,Thiago Lima,Daniel Brown,East,Canada,Direct,PROD-115,Monitor,Furniture,2022-03-30 00:00:00,6,2354.38,0.194,127.45,Debit Card,Pending,3.2,6707.61,21.0,Consumer,WH-01,No,10.0,Damaged,14126.28,2740.49832,11385.78168,11258.33168,,,,,,,
ORD-10786,CUST-1389,Isabela Ferreira,Alice Johnson,North,France,Wholesale,PROD-108,Notebook,Clothing,2023-01-18 00:00:00,15,1764.88,0.022,140.38,Cash,Completed,2.3,7769.11,33.0,Consumer,WH-01,No,5.0,Wrong Item,26473.2,582.4104,25890.7896,25750.4096,,,,,,,
ORD-10271,CUST-1127,Henrique Oliveira,Grace Taylor,East,USA,Retail,PROD-140,Notebook,Clothing,2024-04-05 00:00:00,10,883.99,,2.9,Credit Card,Completed,1.6,8685.94,62.0,Corporate,WH-03,Yes,10.0,,8839.9,1379.0244,7460.875599999999,7457.9756,,,,,,,
ORD-10026,CUST-1313,Vinicius Monteiro,Frank Miller,North,Brazil,Direct,PROD-111,Tablet,Clothing,2024-09-13 00:00:00,11,26.63,0.214,125.35,Credit Card,Completed,2.8,971.32,35.0,Enterprise,WH-01,No,13.0,,292.93,62.68702,230.24298,104.89298000000002,,,,,,,
ORD-10865,CUST-1206,Henrique Correia,Henry Moore,Central,Brazil,Retail,PROD-100,Tablet,Office Supplies,2023-01-18 00:00:00,8,2498.74,0.205,125.86,Credit Card,Completed,2.2,9584.58,27.0,Corporate,WH-02,No,3.0,,19989.92,4097.933599999999,15891.986399999998,15766.126399999996,,,,,,,
ORD-10066,CUST-1049,Mariana Dias,Daniel Brown,Central,Australia,Wholesale,PROD-102,Mouse,Furniture,2023-06-30 00:00:00,2,2025.99,0.015,14.13,Bank Transfer,Returned,4.3,4890.09,71.0,Enterprise,WH-03,No,5.0,Damaged,4051.98,60.7797,3991.2003,3977.0703,,,,,,,
ORD-10415,CUST-1012,Priscila Freitas,Alice Johnson,East,France,Online,PROD-138,Coffee Maker,Electronics,2024-09-27 00:00:00,15,1531.7,0.267,108.71,PayPal,Completed,3.2,3014.93,62.0,Enterprise,WH-03,Yes,8.0,,22975.5,6134.458500000001,16841.0415,16732.3315,,,,,,,
ORD-10191,CUST-1376,Renata Teixeira,Emma Wilson,East,France,Wholesale,PROD-137,Tablet,Furniture,2025-01-24 00:00:00,8,1842.95,0.293,10.78,Credit Card,Pending,2.9,7196.67,unknown,Enterprise,WH-04,No,10.0,Damaged,14743.6,4319.8748,10423.7252,10412.9452,,,,,,,
ORD-10054,CUST-1241,Mariana Nogueira,Grace Taylor,South,Brazil,Wholesale,PROD-125,Notebook,Office Supplies,2023-10-01 00:00:00,14,2465.24,0.143,10.75,Debit Card,Completed,2.7,7209.2,40.0,Small Business,WH-03,No,2.0,Customer Changed Mind,34513.36,4935.41048,29577.94952,29567.19952,,,,,,,
ORD-10812,CUST-1341,Camila Ferreira,Daniel Brown,Central,UK,Online,PROD-140,Tablet,Electronics,2024-04-23 00:00:00,17,449.76,0.114,45.79,Debit Card,Completed,1.5,7623.83,63.0,Corporate,WH-01,No,5.0,,7645.92,871.6348800000001,6774.2851200000005,6728.4951200000005,,,,,,,
ORD-10163,CUST-1170,Laura Monteiro,Bob Smith,East,Brazil,Wholesale,PROD-117,Monitor,Furniture,2025-01-03 00:00:00,5,"$2,016.98",0.294,111.36,Credit Card,Completed,4.4,5382.25,40.0,Enterprise,WH-03,No,1.0,Late Delivery,10084.9,2964.9606,7119.939399999999,7008.5794,,,,,,,
ORD-11025,CUST-1368,Daniel Freitas,Emma Wilson,West,Australia,Online,PROD-149,Mouse,Clothing,2022-02-13 00:00:00,13,1771.12,0.201,60.88,PayPal,Completed,2.7,7381.65,41.0,Small Business,WH-02,No,14.0,,23024.56,4627.93656,18396.62344,18335.743439999995,,,,,,,
ORD-10276,CUST-1266,Gabriel Dias,Grace Taylor,North,Canada,Direct,PROD-143,Printer,Office Supplies,2025-01-05 00:00:00,5,319.79,0.141,34.23,paypal,Completed,1.2,7726.16,24.0,Enterprise,WH-01,No,14.0,Wrong Item,1598.95,225.45195,1373.49805,1339.26805,,,,,,,
ORD-10706,CUST-1125,Sofia Barbosa,Daniel Brown,North,Australia,Wholesale,PROD-117,Monitor,Office Supplies,2022-05-04 00:00:00,14,2027.24,0.139,62.41,Credit Card,Completed,4.5,3530.92,37.0,Enterprise,WH-04,No,9.0,Late Delivery,28381.36,3945.00904,24436.35096,24373.94096,,,,,,,
ORD-10857,CUST-1235,Vinicius Almeida,Frank Miller,South,Brazil,Wholesale,PROD-111,Printer,Food,2025-09-26 00:00:00,10,2496.5,0.091,19.59,Cash,Pending,3.2,6109.84,30.0,Enterprise,WH-03,No,6.0,Customer Changed Mind,24965.0,2271.815,22693.185,22673.595,,,,,,,
ORD-10414,CUST-1305,Daniel Correia,Grace Taylor,East,UK,Wholesale,PROD-120,Mouse,Electronics,,3,1141.76,0.075,2.78,Credit Card,Returned,,7798.12,24.0,Small Business,WH-04,No,14.0,Wrong Item,3425.28,256.896,3168.384,3165.604,,,Manual review,,,,
ORD-10648,CUST-1150,Luana Mendes,Frank Miller,South,Germany,Online,PROD-102,Notebook,Electronics,2025-01-17 00:00:00,18,1131.3,0.115,46.05,PayPal,Completed,1.6,6045.53,48.0,Enterprise,WH-02,No,8.0,Damaged,20363.4,2341.791,18021.609,17975.558999999997,,,,,,,
ORD-10952,CUST-1046,Murilo Almeida,Henry Moore,west,Brazil,Retail,PROD-118,Tablet,Food,2023-10-19 00:00:00,14,1229.17,0.099,102.94,Credit Card,Completed,,1097.08,57.0,Small Business,WH-03,No,10.0,Customer Changed Mind,17208.38,1703.6296200000002,15504.75038,15401.81038,,,,,,,
ORD-10041,CUST-1243,Ramon Ferreira,Carla Davis,North,USA,Wholesale,PROD-148,Headphones,OFFICE SUPPLIES,2022-06-13 00:00:00,3,927.26,0.078,13.81,Cash,Completed,1.0,534.26,45.0,Small Business,WH-04,No,2.0,Wrong Item,2781.78,216.97884,2564.80116,2550.99116,,,,,,,
ORD-10533,CUST-1324,Eduardo Moreira,Daniel Brown,North,Germany,Retail,PROD-117,Desk,Food,2023-10-30 00:00:00, 5 ,399.44,0.084,48.59,PayPal,Completed,3.0,3244.91,49.0,Corporate,WH-04,No,9.0,,1198.32,100.65888,1097.66112,1049.07112,,,,,,,
ORD-10418,CUST-1312,Pedro Santos,,North,Canada,Retail,PROD-144,Chair,Furniture,2023-02-06 00:00:00,1,2090.13,0.029,89.72,Cash,Completed,1.9,2758.43,66.0,Enterprise,WH-04,Yes,5.0,Damaged,2090.13,60.61377000000001,2029.51623,1939.79623,,,,,,,
ORD-10750,CUST-1372,Felipe Carvalho,Daniel Brown,Central,UK,Retail,PROD-113,Mouse,Food,2023-09-22 00:00:00,1,892.84,0.067,115.21,Cash,Completed,,4185.34, 42 ,Corporate,WH-04,no,8.0,Late Delivery,892.84,59.82028,833.01972,717.80972,,,,,,,
ORD-10959,CUST-1318,Natalia Lima,Henry Moore,   ,France,Retail,PROD-125,Tablet,Office Supplies,,3,435.11,,128.5,PayPal,Completed,3.2,5969.52,67.0,Consumer,WH-04,No,4.0,Damaged,1305.33,204.93681,1100.39319,971.89319,,,,,,,
ORD-10052,CUST-1315,Gabriel Castro,Daniel Brown,south,Australia,Direct,PROD-142,Chair,Food,2023-03-02 00:00:00,17,2112.08,0.216,7.58,PayPal,Completed,1.8,920.32,60.0,Enterprise,WH-03,No,11.0,Late Delivery,35905.36,7755.55776,28149.80224,28142.22224,,,,,,,
ORD-10552,CUST-1339,Isabela Correia,Daniel Brown,East,Brazil,Direct,PROD-136,Mouse,Clothing,2023-03-18 00:00:00,8,,0.24,106.31,Debit Card,Completed,3.6,2099.93,61.0,Small Business,WH-02,No,1.0,Late Delivery,7978.64,1914.8736,6063.7664,5957.4564,,,,,,,
ORD-10632,CUST-1264,Bruno Teixeira,Daniel Brown,South,Germany,Retail,PROD-135,Headphones,Furniture,2022-03-23 00:00:00,3,2192.72,0.291,19.39,PayPal,Completed,3.2,8895.72,51.0,Corporate,WH-03,Yes,13.0,Customer Changed Mind,6578.16,1914.24456,4663.91544,4644.525439999999,,,,,,,
ORD-10682,CUST-1028,Eduardo Rocha,Carla Davis,Central,Brazil,Online,PROD-140,Notebook,Food,2025-02-06 00:00:00,10,1007.59,0.18,57.19,Debit Card,Completed,3.7,8353.17,38.0,Small Business,WH-02,No,2.0,,10075.9,1813.662,8262.238,8205.047999999999,,,,,,,
ORD-10400,CUST-1126,Priscila Ferreira,Emma Wilson,,UK,Online,PROD-105,Keyboard,Office Supplies,2024-12-11 00:00:00,10,1066.78,0.262,20.86,Bank Transfer,Completed,3.0,1825.25,31.0,Corporate,WH-03,Yes,4.0,Wrong Item,10667.8,2794.9636,7872.836399999999,7851.9764,,,,,,,
ORD-10971,CUST-1206,Thiago Dias,Bob Smith,South,Australia,Retail,PROD-104,Printer,Office Supplies,2022-01-28 00:00:00,19,177.73,0.118,137.38,Credit Card,Completed,1.9,3108.43,59.0,Enterprise,WH-02,No,9.0,,3376.87,398.47066,2978.39934,2841.01934,,,,,,,
ORD-10621,CUST-1367,Manuela Dias,Frank Miller,East,Australia,Wholesale,PROD-127,Printer,Furniture,2025-01-04 00:00:00,19,2080.24,0.074,79.25,Cash,Completed,3.9,2567.33,45.0,Corporate,WH-02,No,5.0,,39524.56,2924.81744,36599.74256,36520.49256,,,,,,,
ORD-10135,CUST-1226,Eduardo Azevedo,Frank Miller,East,UK,Wholesale,PROD-138,Printer,Food,2023-09-21 00:00:00,9,1622.13,0.279,145.4,Bank Transfer,Completed,3.9,2023.55,32.0,Small Business,WH-01,No,7.0,Wrong Item,14599.170000000002,4073.168430000001,10526.00157,10380.60157,,,,,,,
ORD-10993,CUST-1273,Bruno Ferreira,Frank Miller,West,Canada,Direct,PROD-131,Desk,Furniture,28/01/2025,10,1457.54,0.293,20.58,Cash,Completed,5.0,3997.6,54.0,Small Business,WH-01,No,3.0,Wrong Item,14575.4,4270.5922,10304.8078,10284.2278,,,,,,,
ORD-10636,CUST-1383,Isabela Rocha,Henry Moore,Central,Brazil,Online,PROD-117,Monitor,Furniture,2025-07-20 00:00:00,20,1013.89,0.119,133.69,Credit Card,Cancelled,4.6,4130.37,59.0,Enterprise,WH-01,Yes,5.0,,20277.8,2413.0582,17864.7418,17731.0518,,,,,,,
ORD-10351,CUST-1285,Aline Souza,Alice Johnson,West,Australia,Direct,PROD-134,Coffee Maker,Furniture,2022-03-02 00:00:00,18,280.66,0.003,115.82,Bank Transfer,Completed,2.5,6445.08,,Consumer,WH-02,No,10.0,Customer Changed Mind,5051.88,15.15564,5036.72436,4920.90436,,,,,,,
ORD-10909,CUST-1110,Eduardo Lima,Bob Smith,North,Brazil,Direct,PROD-126,Keyboard,Office Supplies,2022-12-03 00:00:00,0,199.21,0.17,41.25,Credit Card,Completed,,7935.3,40.0,Corporate,WH-01,No,10.0,Damaged,3585.78,609.5826000000001,2976.1974,2934.9474,,,,,,,
ORD-10386,CUST-1127,Clara Moraes,Alice Johnson,West,,Retail,PROD-147,Printer,Food,2022-05-02 00:00:00,16,2188.43,0.162,2.83,Credit Card,Completed,1.8,5876.95,38.0,Enterprise,WH-01,Yes,7.0,,35014.88,5672.410559999999,29342.46944,29339.639439999995,,,,,,,
ORD-10180,CUST-1107,Andre Souza,Daniel Brown,East,France,Direct,PROD-142,Monitor,Furniture,2024-08-30 00:00:00,19,2329.25,0.141,117.31,PayPal,Completed,1.6,3912.15,42.0,Consumer,WH-02,No,5.0,Customer Changed Mind,44255.75,6240.06075,38015.68925,37898.379250000005,,,,,,,
ORD-10426,CUST-1370,Lucas Moraes,  Bob Smith ,Central,Australia,Retail,PROD-149,Monitor,Furniture,2022-05-06 00:00:00,7,245.99,0.138,95.12,Cash,Returned,3.9,1126.44,38.0,Corporate,WH-04,No,14.0,,1721.93,237.62634000000003,1484.30366,1389.18366,,,,,,,
ORD-10754,CUST-1143,Natalia Correia,Daniel Brown,East,Brazil,Online,PROD-119,Tablet,Food,2024-09-08 00:00:00,10,2473.02,0.027,8.99,Bank Transfer,Completed,3.1,2615.59,36.0,Corporate,WH-03,Yes,6.0,Damaged,24730.2,667.7154,24062.4846,24053.4946,,,,,,,
ORD-10765,CUST-1163,Larissa Souza,Bob Smith,West,UK,online,PROD-101,Printer,Office Supplies,2022-08-14 00:00:00,5, 348.72 ,0.091,135.63,Cash,Completed,4.5,890.44,40.0,Corporate,WH-03,Yes,7.0,Customer Changed Mind,1743.6,158.66760000000002,1584.9324,1449.3024,,,,,,,
ORD-10661,CUST-1214,Caio Ramos,Bob Smith,North,UK,Retail,PROD-121,Coffee Maker,Office Supplies,2024-06-17 00:00:00,16,305.25,0.089,87.56,Cash,Completed,2.1,8965.61,68.0,Consumer,WH-01,No,7.0,,4884.0,434.676,4449.324,4361.763999999999,,,,,,,
ORD-10816,CUST-1097,Thiago Almeida,Carla Davis,Central,USA,Retail,PROD-133,Chair,Furniture,2022-02-26 00:00:00,12,122.36,0.143,14.2,Cash,Completed,4.5,4240.34,24.0,Corporate,WH-03,No,2.0,Damaged,1468.32,209.96976,1258.35024,1244.15024,,,,,,,
ORD-10378,CUST-1098,Juliana Correia,Grace Taylor,North,Brazil,Online,PROD-139,Mouse,Office Supplies,2022-12-15 00:00:00,3,2064.32,0.266,65.69,,Returned,,953.64,41.0,Corporate,WH-01,No,2.0,Late Delivery,6192.960000000001,1647.3273600000002,4545.632640000001,4479.942640000001,,,,,,,
ORD-10281,CUST-1251,Andre Monteiro,Carla Davis,East,Canada,Wholesale,PROD-145,Desk,Furniture,2024-09-08 00:00:00,17,157.94,,89.35,Bank Transfer,Completed,3.3,2836.4,44.0,Small Business,WH-01,No,8.0,Late Delivery,2684.98,719.57464,1965.40536,1876.05536,,,,,,,
ORD-10157,CUST-1095,Luana Martins,Henry Moore,East,USA,Retail,PROD-143,Phone,Electronics,2025-04-17 00:00:00,9,1560.36,unknown,96.24,PayPal,Completed,5.0,4884.21,22.0,Corporate,WH-01,No,13.0,Late Delivery,14043.24,2443.52376,11599.71624,11503.47624,,,,,,,
ORD-11038,CUST-1376,Ramon Santana,Frank Miller,West,UK,Online,PROD-109,Monitor,Furniture,2024-11-20 00:00:00,-5,61.4,0.05,135.66,Bank Transfer,Completed,3.5,6577.17,,Consumer,WH-03,No,10.0,,921.0,46.05,874.95,739.2900000000001,,,,,,,
ORD-11198,CUST-1009,Sofia Monteiro,Alice Johnson,East,France,Wholesale,PROD-139,Headphones,Furniture,23/07/2022,5,116.54,0.274,0.21,PayPal,Completed,1.7,8160.96,,Small Business,WH-01,No,9.0,,582.7,159.65980000000002,423.0402,422.8302000000001,,,,,,,
ORD-10013,CUST-1099,Gabriel Nogueira,Grace Taylor,West,France,Retail,PROD-148,Keyboard,Furniture,2023-08-20 00:00:00,18,785.14,0.012,84.17,Debit Card,Pending,1.7,6117.67,58.0,Small Business,WH-03,No,14.0,Customer Changed Mind,14132.52,169.59024000000002,13962.92976,13878.75976,,,,,,,
ORD-10589,CUST-1074,Murilo Castro,Grace Taylor,East,USA,Online,PROD-134,Laptop,Office Supplies,2025-12-30 00:00:00,7,799.05,0.231,73.55,Credit Card,Pending,1.9,4408.59,74.0,Enterprise,WH-02,No,3.0,Wrong Item,5593.349999999999,1292.06385,4301.28615,4227.73615,,,,,,,
ORD-11176,CUST-1103,Luana Gomes,Alice Johnson,North,Australia,Wholesale,PROD-143,Notebook,Furniture,2024-10-30 00:00:00,15,1650.15,0.285,67.97,Debit Card,Completed,2.1,8095.37,61.0,Consumer,WH-01,No,12.0,Customer Changed Mind,24752.25,7054.39125,17697.85875,17629.88875,,,,,,,
ORD-10375,CUST-1301,Carolina Oliveira,Grace Taylor,East,Australia,Wholesale,PROD-134,Laptop,Electronics,2022-03-24 00:00:00,17,2026.26,0.111,120.12,Credit Card,Cancelled,1.6,9838.64,72.0,Small Business,WH-03,Yes,1.0,Late Delivery,34446.42,3823.55262,30622.86738,30502.74738,,,,,,,
ORD-10131,CUST-1171,Joao Rocha,Grace Taylor,South,Brazil,Direct,PROD-147,Chair,  Food ,2022-05-27 00:00:00,4,N/A,0.223,148.93,PayPal,Completed,1.2,2043.28,45.0,Enterprise,WH-04,No,2.0,Wrong Item,4605.76,1027.08448,3578.67552,3429.7455200000004,,,,,,,
ORD-10181,CUST-1043,Caio Vieira,Bob Smith,Central,Germany,Retail,PROD-114,Chair,Office Supplies,2024-03-09 00:00:00,11,1771.16,0.171,121.84,Debit Card,Completed,3.6,4141.84,31.0,Small Business,WH-03,Yes,7.0,,19482.76,3331.5519600000007,16151.20804,16029.36804,,,,,,,
ORD-10050,CUST-1387,Leonardo Almeida,Daniel Brown,North,USA,Wholesale,PROD-149,Phone,Electronics,2022-04-14 00:00:00,4,1611.85,0.082,4.66,PayPal,Completed,4.6,1568.18,53.0,Consumer,WH-04,No,1.0,Damaged,6447.4,528.6868,5918.7132,5914.0532,,,,,,,
ORD-11123,CUST-1094,Juliana Silva,Emma Wilson,North,Canada,Retail,PROD-125,Desk,Clothing,2022-06-16 00:00:00,7,1651.25,0.207,115.88,Cash,Completed,1.7,8224.13,34.0,Consumer,WH-03,No,6.0,Customer Changed Mind,11558.75,2392.66125,9166.08875,9050.208750000002,,,,,,,
ORD-10817,CUST-1104,Caio Almeida,Emma Wilson,North,Germany,Retail,PROD-122,Mouse,Electronics,2024-08-21 00:00:00,16,2198.38,0.048,109.81,Bank Transfer,Completed,2.5,2205.2,72.0,Enterprise,WH-04,No,4.0,Wrong Item,35174.08,1688.3558400000002,33485.72416,33375.91416,,,,,,,
ORD-11039,CUST-1288,Aline Santana,Bob Smith,East,USA,Direct,PROD-124,Coffee Maker,Office Supplies,2024-09-11 00:00:00,13,613.39,0.09,78.88,Cash,Completed,3.1,9542.17,18.0,Small Business,WH-02,No,12.0,Late Delivery,7974.07,717.6663,7256.4037,7177.5237,,,,,,,
ORD-10310,CUST-1253,Bruno Santos,Grace Taylor,East,USA,Online,PROD-131,Laptop,Food,2024-10-09 00:00:00,3,428.06,0.078,114.83,Credit Card,Completed,4.9,4670.59,41.0,Consumer,WH-04,No,11.0,Late Delivery,1284.18,100.16604,1184.01396,1069.18396,,,,,,,
ORD-11100,CUST-1332,Priscila Lima,Daniel Brown,East,France,Wholesale,PROD-125,Laptop,Office Supplies,20/04/2024,8,984.78,0.254,95.54,Debit Card,Completed,3.0,5911.49,56.0,Consumer,WH-01,Yes,14.0,,7878.24,2001.07296,5877.16704,5781.62704,,,,,,,
ORD-10274,CUST-1359,Rafael Dias,Carla Davis,West,Brazil,Retail,PROD-148,Tablet,Furniture,2024-05-30 00:00:00,12,25.87,0.09,51.5,Cash,Completed,1.2,8221.82,38.0,Enterprise,WH-02,No,13.0,Late Delivery,310.44,27.9396,282.5004,231.0004,,,,,,,
ORD-10082,CUST-1303,Fernanda Ramos,Bob Smith,North,UK,Wholesale,PROD-106,Chair,Electronics,2023-09-11 00:00:00,13,1921.08,0.271,112.42,Cash,Completed,,2346.51,35.0,Small Business,WH-03,No,11.0,Customer Changed Mind,24974.04,6767.964840000001,18206.07516,18093.65516,,,,,,,
ORD-10197,CUST-1358,Amanda Oliveira,Alice Johnson,South,Brazil,Direct,PROD-103,Printer,Office Supplies,2022-04-15 00:00:00,18,179.94,0.221,87.05,PayPal,Completed,1.7,2603.95,41.0,Small Business,WH-04,No,2.0,Late Delivery,3238.92,715.80132,2523.11868,2436.06868,,,,,,,
ORD-11090,CUST-1046,Joao Moraes,Daniel Brown,North,Australia,Online,PROD-142,Monitor,Electronics,2025-06-25 00:00:00,12,2327.0,0.167,2.6,PayPal,Returned,3.3,2088.37,46.0,Corporate,WH-04,No,2.0,,27924.0,4663.308,23260.692,23258.092,,,Follow up,,,,
ORD-10557,CUST-1379,Beatriz Pereira,Bob Smith,East,UK,Retail,PROD-111,  Monitor ,Furniture,2024-10-05 00:00:00,18,1799.35,0.018,50.5,Credit Card,Completed,3.2,7381.63,61.0,Small Business,WH-02,No,3.0,Wrong Item,32388.3,582.9893999999999,31805.3106,31754.8106,,,,,,,
ORD-10381,CUST-1190,Joao Lima,Daniel Brown,Central,France,Retail,PROD-112,Monitor,Clothing,2024-05-18 00:00:00,11,698.73,0.144,108.67,Bank Transfer,Returned,3.3,1861.33,61.0,Small Business,WH-03,Yes,1.0,Wrong Item,7686.030000000001,1106.78832,6579.241680000001,6470.571680000001,,,,,,,
ORD-10576,CUST-1034,Gabriel Santana,Carla Davis,East,USA,Direct,PROD-149,Printer,Furniture,2022-05-11 00:00:00,3,1584.17,0.293,45.24,Debit Card,Completed,1.9,7320.25,52.0,Enterprise,WH-04,Yes,12.0,Damaged,4752.51,1392.48543,3360.0245700000005,3314.7845700000007,,,,,,,
ORD-10357,CUST-1146,Bianca Dias,Alice Johnson,West,France,Online,PROD-143,Phone,Electronics,2023-12-06 00:00:00,8,19.79,0.044,95.34,Cash,Completed,4.2,2814.71,32.0,Consumer,WH-01,No,6.0,Customer Changed Mind,158.32,6.966079999999999,151.35392,56.01391999999999,,,,,,,
ORD-10349,CUST-1225,Natalia Castro,Henry Moore,Central,Germany,Wholesale,PROD-110,Headphones,Clothing,2025-03-02 00:00:00,12,1511.67,0.275,19.6,PayPal, Completed ,3.3,9827.26,72.0,Enterprise,WH-03,No,9.0,,18140.04,4988.511,13151.529,13131.929,,,,,,,
ORD-10412,CUST-1025,Bianca Correia,Frank Miller,Central,Brazil,Retail,PROD-114,Desk,Office Supplies,2025-12-14 00:00:00,6,1900.5,0.123,47.01,PayPal,Completed,2.6,2604.15,43.0,Consumer,WH-03,Yes,12.0,Damaged,11403.0,1402.569,10000.431,9953.421,,,,,,,
ORD-11052,CUST-1310,Vinicius Souza,Carla Davis,West,Canada,Wholesale,PROD-136,Mouse,Electronics,2023-08-22 00:00:00,18,700.5,0.04,105.82,PayPal,Completed,,4442.93,22.0,Enterprise,WH-02,No,5.0,Damaged,12609.0,504.36,12104.64,11998.82,,,,,,,
ORD-11020,CUST-1227,Aline Costa,Bob Smith,West,UK,Online,PROD-114,Tablet,Office Supplies,03/16/2025,6,1919.08,0.259,2.86,Bank Transfer,Cancelled,4.2,9555.28,73.0,Small Business,WH-04,No,6.0,,11514.48,2982.25032,8532.22968,8529.36968,,,,,,,
ORD-11120,CUST-1398,Bruno Ramos,Frank Miller,South,France,Wholesale,PROD-102,Phone,Clothing,2023-02-21 00:00:00,19,30.13,0.219,37.88,PayPal,Completed,1.3,7171.99,19.0,Small Business,WH-03,No,4.0,,572.47,125.37093,447.09907,409.21907,,,,,,,
ORD-10957,CUST-1349,Rafael Vieira,Grace Taylor,Central,Australia,Retail,PROD-122,Chair,Electronics,2024-08-29 00:00:00,15,1163.96,0.05,67.57,Bank Transfer,Completed,2.3,1161.55,31.0,Consumer,WH-01,Yes,13.0,,17459.4,872.9700000000001,16586.43,16518.86,,,,,,,
ORD-11142,CUST-1360,Leticia Moraes,Carla Davis,East,Germany,Direct,PROD-127,Monitor,Office Supplies,2025-01-12 00:00:00,8,548.67,0.13,115.99,PayPal,Completed,3.5,3740.66,39.0,Small Business,WH-03,No,2.0,,4389.36,570.6168,3818.7432,3702.7532,,,,,,,
ORD-10065,CUST-1080,Henrique Barbosa,Emma Wilson,North,Australia,Direct,PROD-116,Notebook,Furniture,04/15/2022,9,2446.22,0.275,12.84,Credit Card,Completed,1.3,4824.24,26.0,Corporate,WH-01,No,13.0,Damaged,22015.98,6054.3945,15961.5855,15948.7455,,,VIP customer,,,,
ORD-10049,CUST-1273,Manuela Azevedo,  Henry Moore ,West,France,Online,PROD-122,Notebook,Clothing,2024-03-29 00:00:00,7,1281.15,0.151,133.8,Debit Card,Completed,2.2,8137.61,63.0,Enterprise,WH-02,No,14.0,Wrong Item,8968.050000000001,1354.1755500000002,7613.874450000001,7480.074450000001,,,,,,,
ORD-11067,CUST-1334,Clara Nogueira,Bob Smith,West,Australia,Online,PROD-117,  Mouse ,Furniture,2022-11-05 00:00:00,14,2003.02,0.013,43.87,Bank Transfer,Pending,1.5,6900.14,65.0,Small Business,WH-04,No,4.0,Wrong Item,28042.28,364.54964,27677.73036,27633.86036,,,,,,,
ORD-10012,CUST-1372,Andre Azevedo,Emma Wilson,West,Brazil,Online,PROD-137,Desk,Furniture,2024-12-01 00:00:00,19,400.8,0.272,113.82,Cash,Completed,4.8,9323.93,68.0,Corporate,WH-01,No,5.0,,7615.2,2071.3344,5543.865599999999,5430.0456,,,Manual review,,,,
ORD-10502,CUST-1188,Aline Rocha,Daniel Brown,South,Brazil,Retail,PROD-120,Headphones,Clothing,2023-02-15 00:00:00,3,669.25,0.183,124.49,Bank Transfer,Completed,4.6,986.21,64.0,Corporate,WH-02,No,8.0,Late Delivery,2007.75,367.41825,1640.33175,1515.84175,,,,,,,
ORD-10398,CUST-1341,Sofia Santos,Frank Miller,Central,Australia,Retail,PROD-140,Coffee Maker,FOOD,2024-07-12 00:00:00,20,1331.34,0.121,83.69,Credit Card,Completed,3.4,978.96,68.0,Enterprise,WH-02,No,11.0,Customer Changed Mind,26626.8,3221.8428,23404.9572,23321.2672,,,,,,,
ORD-10098,CUST-1379,Leticia Moraes,Grace Taylor,West,UK,Online,PROD-133,Mouse,Furniture,2023-12-11 00:00:00,13,433.39,0.101,12.28,,Completed,1.6,4312.99,20.0,Small Business,WH-01,No,2.0,,5634.07,569.04107,5065.02893,5052.74893,,,,,,,
ORD-10110,CUST-1062,Lucas  Ferreira,Henry Moore,Central,Germany,Direct,PROD-134,Notebook,Office Supplies,"September 22, 2022",1,USD 1000.11,0.22,32.54,Bank Transfer,Completed,1.2,6173.82,66.0,Enterprise,WH-03,No,11.0,Customer Changed Mind,1000.11,220.0242,780.0858000000001,747.5458000000001,,,,,,,
ORD-10879,CUST-1285,Felipe Dias,Daniel Brown,West,France,Online,PROD-128,Mouse,OFFICE SUPPLIES,2022-05-27 00:00:00,19,341.12,,145.48,Debit Card,Completed,3.1,7939.14,56.0,Consumer,WH-01,No,13.0,Damaged,6481.28,894.41664,5586.863359999999,5441.38336,,,,,,,
ORD-10200,CUST-1317,Mariana Ramos,Frank Miller,West,UK,Direct,PROD-148,Phone,Food,2025-03-01 00:00:00,20,1347.48,0.091,93.89,PayPal,Returned,4.9,6370.74,44.0,Corporate,WH-02,No,6.0,Customer Changed Mind,26949.6,2452.4136,24497.1864,24403.2964,,,,,,,
,,Manuela Carvalho,,,,,,,,,,,,,,,,,,,,,,,,,,,,,,,,,
ORD-10946,CUST-1077,Renata Carvalho,Bob Smith,Central,Australia,Retail,PROD-131,Printer,Furniture,2024-09-22 00:00:00,5,550.76,0.073,19.55,   ,Returned,4.9,2199.82,37.0,Corporate,WH-03,No,3.0,,2753.8,201.0274,2552.7726,2533.2226,,,,,,,
ORD-10810,CUST-1062,Clara Vieira,Grace Taylor,West,Canada,Wholesale,PROD-127,Chair,Food,2025-10-21 00:00:00,16,146.52,0.086,57.62,Bank Transfer,Pending,3.9,816.33,18.0,Enterprise,WH-03,Yes,4.0,Damaged,2344.32,201.61152,2142.70848,2085.0884800000003,,,,,,,
ORD-10573,CUST-1385,Renata Ferreira,Frank Miller,North,Australia,Retail,PROD-130,Headphones,Food,2024-06-23 00:00:00,1,1491.89,0.291,15.3,Credit Card,Completed,3.3,7206.36,22.0,Corporate,WH-04,Yes,14.0,,1491.89,434.13999,1057.7500100000002,1042.4500100000002,,,,,,,
ORD-10316,CUST-1383,Juliana Gomes,Grace Taylor,NORTH,USA,Retail,PROD-127,Keyboard,Food,2025-08-23 00:00:00,13,893.75,0.125,33.34,Bank Transfer,Completed,4.7,920.94,26.0,Consumer,WH-04,No,6.0,,11618.75,1452.34375,10166.40625,10133.06625,,,,,,,
ORD-10883,CUST-1248,Vinicius Correia,Alice Johnson,North,Australia,Direct,PROD-100,Tablet,Electronics,2023-10-24 00:00:00,3,711.13,0.096,79.78,Debit Card,Completed,4.9,5572.17,51.0,Corporate,WH-02,No,5.0,Wrong Item,2133.39,204.80544,1928.58456,1848.80456,,,,,,,
ORD-10138,CUST-1256,Caio Monteiro,Alice Johnson,South,UK,Wholesale,PROD-129,Printer,  Electronics ,2024-02-28 00:00:00,13,CONFIDENTIAL,0.273,95.11,Credit Card,Completed,1.7,5720.76,32.0,Small Business,WH-01,No,2.0,,28074.15,7664.242950000001,20409.90705,20314.79705,,,,,,,
ORD-10275,CUST-1128,Thiago Pereira,Carla Davis,North,UK,Direct,PROD-136,Notebook,Electronics,2025-01-05 00:00:00,5,211.25,0.187,100.25,Credit Card,Completed,4.3,6075.73,73.0,Enterprise,WH-04,No,9.0,,1056.25,197.51875,858.73125,758.48125,,,,,,,
ORD-10343,CUST-1229,Beatriz Correia,Daniel Brown,,Canada,Online,PROD-146,Keyboard,Furniture,2024-11-09 00:00:00,11,74.49,,44.6,Bank Transfer,Completed,3.5,7503.86,65.0,Enterprise,WH-02,No,1.0,Customer Changed Mind,819.39,69.64815,749.74185,705.14185,,,,,,,
ORD-10694,CUST-1291,RAFAEL LIMA,Grace Taylor,East,Brazil,Direct,PROD-147,Monitor,Furniture,2024-12-06 00:00:00,18,830.33,0.005,137.07,Bank Transfer,Pending,1.3,4059.28,33.0,Consumer,WH-01,No,6.0,Damaged,14945.94,74.72970000000001,14871.2103,14734.1403,,,,,,,
ORD-10672,CUST-1006,Bruno Lima,Alice Johnson,West,Canada,Retail,PROD-139,Phone,Clothing,2025-04-07 00:00:00,9,41.95,N/A,123.37,Cash,Completed,,4610.15,56.0,Corporate,WH-01,No,5.0,Late Delivery,377.55,105.33645,272.21355,148.84355,,,,,,,
ORD-10869,CUST-1065,Juliana Cardoso,Henry Moore,South,France,Online,PROD-146,Coffee Maker,Clothing,2024-07-14 00:00:00,13,415.74,0.215,126.55,,Completed,3.6,9522.09,47.0,Corporate,WH-04,No,4.0,Customer Changed Mind,5404.62,1161.9933,4242.6267,4116.0767,,,,,,,
ORD-10422,CUST-1320,Henrique Freitas,Carla Davis,Central,Australia,Retail,PROD-146,Coffee Maker,furniture,2022-09-25 00:00:00,11,1607.59,0.006,92.08,Credit Card,Completed,3.7,4325.66,52.0,Enterprise,WH-01,No,11.0,Late Delivery,17683.489999999998,106.10094,17577.389059999998,17485.309059999996,,,,,,,
ORD-10453,CUST-1059,Leonardo Monteiro,Henry Moore,east,Germany,Online,PROD-105,Phone,Clothing,2025-11-24 00:00:00,9,286.58,0.071,38.52,Cash,Completed,1.9,2538.72,58.0,Consumer,WH-02,No,13.0,Late Delivery,2579.22,183.12462,2396.09538,2357.57538,,,,,,,
ORD-10518,CUST-1237,eduardo carvalho,Alice Johnson,West,USA,Direct,PROD-103,Printer,Office Supplies,2022-07-23 00:00:00,18,2135.77,0.049,37.45,Bank Transfer,Completed,1.1,3584.84,71.0,Enterprise,WH-01,Yes,4.0,Wrong Item,38443.86,1883.74914,36560.11086,36522.66086,,,,,,,
ORD-10763,CUST-1121,Beatriz Gomes,  Frank Miller ,South,UK,Direct,PROD-116,Phone,Office Supplies,2024-03-14 00:00:00,7,2266.45,0.256,61.1,Bank Transfer,Completed,4.7,6676.35,23.0,Corporate,WH-03,No,9.0,Late Delivery,15865.149999999998,4061.4784,11803.671599999998,11742.571599999996,,,,,,,
ORD-11189,CUST-1230,Leonardo Nogueira,Carla Davis,South,Germany,Direct,PROD-122,Headphones,Food,12/07/2025,20,179.38,0.122,117.4,Cash,Completed,3.8,9952.96,49.0,Small Business,WH-04,No,14.0,,3587.6,437.6872,3149.9128,3032.5128,,,,,,,
ORD-10560,CUST-1100,Renata Carvalho,Carla Davis,South,Australia,Online,PROD-108,Tablet,clothing,2024-05-24 00:00:00,14," 2,348.08 ",0.165,144.58,Debit Card,Cancelled,2.2,1080.58,63.0,Corporate,WH-02,No,2.0,Wrong Item,32873.119999999995,5424.064799999999,27449.055199999995,27304.475199999997,,,,,,,
ORD-10393,CUST-1359,Camila Dias,Grace Taylor,West,USA,Direct,PROD-120,Coffee Maker,Office Supplies,2024-02-02 00:00:00,7,1597.66,0.248,2.62,Debit Card,CANCELLED,4.4,2497.8,44.0,Corporate,WH-01,Yes,7.0,Customer Changed Mind,11183.62,2773.53776,8410.08224,8407.462239999999,,,,,,,
ORD-10017,CUST-1149,Natalia Costa,Bob Smith,West,Australia,online,PROD-134,Chair,Furniture,2024-07-06 00:00:00,18,349.05,0.198,135.91,PayPal,Completed,2.6,7512.6,57.0,Corporate,WH-04,No,7.0,Late Delivery,6282.900000000001,1244.0142,5038.8858,4902.9758,,,,,,,
ORD-10530,CUST-1249,Camila Oliveira,Henry Moore,East,Australia,Retail,PROD-104,Notebook,Office Supplies,2025-07-13 00:00:00,17,,0.075,68.79,CREDIT CARD,Completed,,1868.19,67.0,Consumer,WH-04,No,9.0,Customer Changed Mind,22126.69,1659.50175,20467.18825,20398.39825,,,,,,,
ORD-10606,CUST-1223,Joao Ribeiro,Frank Miller,West,Brazil,Online,PROD-113,Phone,Office Supplies,2023-08-08 00:00:00,2,1505.39,0.177,135.65, ,Completed,4.2,4610.38,74.0,Consumer,WH-01,No,1.0,Customer Changed Mind,3010.78,532.90806,2477.87194,2342.22194,,,,,,,
ORD-10008,CUST-1121,Larissa Monteiro,Henry Moore,North,France,Wholesale,PROD-142,Coffee Maker,Clothing,2023/06/24,8,825.36,0.077,132.57,Credit Card,Completed,1.2,2426.99,54.0,Corporate,WH-04,No,9.0,Customer Changed Mind,6602.88,508.42176,6094.45824,5961.88824,,,,,,,
ORD-10708,CUST-1140,Bianca Martins,Frank Miller,Central,Canada,Wholesale,PROD-113,  Phone ,Food,2025-09-14 00:00:00,19,1613.46,0.098,17.38,Bank Transfer,Pending,1.1,3488.29,36.0,Consumer,WH-01,No,12.0,,30655.74,3004.26252,27651.47748,27634.09748,,,,,,,
ORD-10226,CUST-1001,Eduardo Freitas,Frank Miller,North,USA,Retail,PROD-141,Phone,Furniture,2022-09-10 00:00:00,18,812.1,0.251,28.3,Bank Transfer,Pending,1.7,5841.67,56.0,Enterprise,WH-02,No,12.0,Damaged,14617.8,3669.0678,10948.7322,10920.4322,,,,,,,
ORD-11168,CUST-1352,Clara Nogueira,Alice Johnson,,USA,Online,PROD-111,Keyboard,Clothing,2022-12-10 00:00:00,6,1277.6,17.7%,5.34,Debit Card,Completed,5.0,8536.35,25.0,Corporate,WH-02,No,13.0,,7665.599999999999,1356.8112,6308.788799999999,6303.448799999999,,,,,,,
ORD-10108,CUST-1128,Priscila Pereira,Emma Wilson,West,France,Wholesale,PROD-149,Coffee Maker,Office Supplies,2024-03-03 00:00:00,5,1486.88,0.126,82.17,Debit Card,Completed,5.0,5078.13,26.0,Consumer,WH-04,No,13.0,Damaged,7434.400000000001,936.7344,6497.6656,6415.4956,,,,,,,
ORD-10762,CUST-1007,Beatriz Ferreira,Bob Smith,West,France,Direct,PROD-142,Coffee Maker,Clothing,2023-03-18 00:00:00,20,945.89,10%,74.5,Debit Card,Completed,2.0,5302.69,43.0,Consumer,WH-04,No,6.0,Customer Changed Mind,18917.8,3253.8616,15663.9384,15589.4384,,,,,,,
ORD-11034,CUST-1225,Priscila Carvalho,Emma Wilson,East,UK,Online,PROD-121,Phone,   ,2025-12-11 00:00:00,3,573.47,0.284,108.0,Debit Card,Pending,4.3,4929.97,61.0,Small Business,WH-02,Yes,14.0,,1720.41,488.59644,1231.81356,1123.81356,,,,,,,
ORD-10601,CUST-1035,Matheus Barbosa,Bob Smith,West,Australia,Online,PROD-103,Mouse,Furniture,2022-04-17 00:00:00,20,668.41,0.037,121.26,PayPal,Completed,3.7,9304.76,45.0,Consumer,WH-02,Yes,13.0,Late Delivery,13368.2,494.6234,12873.5766,12752.316599999998,,,,,,,
ORD-10467,CUST-1268,Bruno Azevedo,Bob Smith,North,Germany,Retail,PROD-117,Headphones,Office Supplies,2025-07-30 00:00:00,7,982.47,0.025,133.04,PayPal,Completed,1.9,855.6,32.0,Small Business,WH-01,No,14.0,Late Delivery,6877.29,171.93225,6705.35775,6572.31775,,,,,,,
ORD-11186,CUST-1110,Caio Castro,Emma Wilson,West,Brazil,Wholesale,PROD-122,Laptop,Food,2023-05-11 00:00:00,10,2463.25,0.284,32.28,Cash,Completed,4.7,2406.31,53.0,Small Business,WH-03,No,6.0,Damaged,24632.5,6995.629999999999,17636.870000000003,17604.590000000004,,,,,,,
ORD-10308,CUST-1103,Renata Carvalho,Carla Davis,North,Canada,Wholesale,PROD-127,Mouse,Office Supplies,2025-09-19 00:00:00,15,1984.62,0.19,6.63,Cash,Completed,2.8,9396.34,20.0,Small Business,WH-02,No,13.0,Damaged,29769.3,5656.167,24113.133,24106.503,,,,,,,
ORD-10113,CUST-1391,Joao Dias,Daniel Brown,East,BRAZIL,Retail,PROD-118,Notebook,Furniture,2024-03-12 00:00:00,3,CONFIDENTIAL,0.169,66.28,Bank Transfer,Completed,,8799.14,71.0,Corporate,WH-04,No,5.0,Customer Changed Mind,7404.299999999999,1251.3267,6152.9733,6086.6933,,,,,,,
ORD-10847,CUST-1038,Matheus Ferreira,Carla Davis,East,UK,Wholesale,PROD-145,Coffee Maker,Furniture,2025-05-27 00:00:00,19,1605.28,0.119,33.3,Credit Card,Completed,3.4,4400.56,49.0,Small Business,WH-02,No,7.0,,30500.32,3629.53808,26870.78192,26837.48192,,,,,,,
ORD-10609,CUST-1368,Ramon Costa,Grace Taylor,Central,USA,Online,PROD-137,Notebook,CLOTHING,2024-05-15 00:00:00,15,2336.96,0.073,85.78,,Completed,3.1,6650.7,67.0,Consumer,WH-03,No,2.0,,35054.4,2558.9712,32495.4288,32409.648800000003,,,,,,,
ORD-10765,CUST-1163,Bianca Lima,Bob Smith,West,UK,online,PROD-101,Printer,Office Supplies,2022-08-14 00:00:00,5,348.72,0.091,135.63,Cash,Completed,4.5,890.44,40.0,Corporate,WH-03,Yes,7.0,Customer Changed Mind,1743.6,158.66760000000002,1584.9324,1449.3024,,,,,,,
ORD-11073,CUST-1193,Leonardo Rocha,Frank Miller,South,Canada,Wholesale,PROD-117,Headphones,Furniture,2022-05-12 00:00:00,1,1671.47,,68.71,,Cancelled,3.5,6178.57,65.0,Enterprise,WH-04,No,10.0,Damaged,1671.47,401.1528,1270.3172,1201.6072,,,,,,,
ORD-10498,CUST-1236,Beatriz Castro,Alice Johnson,Central,USA,Online,PROD-133,Mouse,Clothing,2023-12-27 00:00:00,8,693.92,0.276,39.37,PayPal,Returned,1.3,9960.71,42.0,Corporate,WH-01,No,5.0,Damaged,5551.36,1532.17536,4019.18464,3979.81464,,,,,,,
ORD-10921,CUST-1183,Andre Dias,Bob Smith,South,Canada,Retail,PROD-116,Phone,Furniture,2024-02-09 00:00:00,16,1595.97,0.298,89.96,Debit Card,Completed,4.7,7800.75,57.0,Small Business,WH-01,No,7.0,Late Delivery,25535.52,7609.58496,17925.93504,17835.97504,,,,,,,
ORD-10534,CUST-1099,Leonardo Moraes,Bob Smith,North,France,Direct,PROD-146,Laptop,Furniture,2025-03-27 00:00:00,12,316.22,0.11,77.11,PayPal,Completed,1.3,1864.23,47.0,Enterprise,WH-01,No,10.0,Damaged,3794.64,417.4104,3377.2296,3300.1196,,,,,,,
ORD-10035,CUST-1270,Clara Silva,Alice Johnson,South,USA,Online,PROD-115,Chair,Furniture,2025-08-03 00:00:00,13,2199.1,0.092,33.35,PayPal,Completed,4.7,4829.7,51.0,Enterprise,WH-02,No,14.0,Customer Changed Mind,28588.3,2630.1236,25958.1764,25924.8264,,,,,,,
ORD-10696,CUST-1251,Larissa Cardoso,Daniel Brown,East,Australia,Wholesale,PROD-102,Keyboard,ELECTRONICS,2024-11-02 00:00:00,8,1914.5,0.209,6.54,Debit Card,Completed,3.7,8602.86,70.0,Small Business,WH-03,Yes,7.0,Wrong Item,15316.0,3201.044,12114.956,12108.416,,,,,,,
ORD-10154,CUST-1230,Bruno Moreira,Henry Moore,East,UK,Online,PROD-144,Phone,Furniture,2022-05-25 00:00:00,15,1818.04,0.157,96.94,PayPal,,4.6,1520.29,70.0,Small Business,WH-04,Yes,13.0,,27270.6,4281.4842,22989.1158,22892.1758,,,,,,,
ORD-10431,CUST-1287,Clara Azevedo,Daniel Brown,South,Germany,Retail,PROD-126,Mouse,Office Supplies,2025-10-07 00:00:00,4,123.07,,132.47,Cash,Completed,2.5,9587.81,33.0,Corporate,WH-01,Yes,3.0,Damaged,492.28,105.8402,386.4398,253.9698,,,,,,,
ORD-11175,CUST-1308,Andre Moraes,Carla Davis,North,UK,Retail,PROD-133,Coffee Maker,Clothing,2023-06-29 00:00:00,16,,0.274,31.36,Bank Transfer,pending,2.6,5027.77,58.0,Corporate,WH-02,No,9.0,Wrong Item,33286.4,9120.4736,24165.9264,24134.5664,,,,,,,
ORD-10659,CUST-1132,Henrique Correia,Emma Wilson,East,France,Online,PROD-147,Phone,Furniture,2025-06-17 00:00:00,9,"USD 1,123.68",0.254,69.61,Bank Transfer,Cancelled,3.4,5680.52,55.0,Small Business,WH-01,No,12.0,Damaged,10113.12,2568.73248,7544.38752,7474.777520000001,,,,,,,
ORD-10845,CUST-1094,Joao Dias,Daniel Brown,East,Brazil,Wholesale,PROD-100,Keyboard,  Office Supplies ,2022-03-02 00:00:00,7,766.79,0.178,83.77,PayPal,Completed,3.3,3174.58,54.0,Enterprise,WH-02,Yes,2.0,,5367.53,955.42034,4412.10966,4328.33966,,,,,,,
ORD-10145,CUST-1392,Caio Monteiro,Carla Davis,North,Australia,Online,PROD-129,Tablet,Furniture,2024-05-27 00:00:00,5,1858.09,0.141,63.51,Cash,Completed,4.8,1657.47,26.0,Consumer,WH-01,No,3.0,,9290.45,1309.9534499999995,7980.496549999999,7916.986549999999,,,,,,,
ORD-10690,CUST-1326,Murilo Monteiro,Grace Taylor,Central,UK,Retail,PROD-116,Coffee Maker,,2024-04-04 00:00:00,5,660.12,0.05,122.07,Debit Card,Returned,,1070.21,23.0,Small Business,WH-02,No,8.0,,3300.6,165.03,3135.57,3013.4999999999995,,,,,,,
ORD-10230,CUST-1342,Lucas Barbosa,Frank Miller,East,Brazil,Wholesale,PROD-114,Tablet,Office Supplies,2022-08-11 00:00:00,1,398.79,0.075,45.28,Credit Card,Completed,1.4,6463.94,60.0,Enterprise,WH-04,No,11.0,Damaged,398.79,29.90925,368.88075,323.60075000000006,,,,,,,
ORD-10719,CUST-1347,Camila Barbosa,Emma Wilson,East,Australia,Wholesale,PROD-102,Keyboard,Clothing,2024-04-11 00:00:00,18,1171.06,0.244,14.72,Bank Transfer,Completed,3.0,3790.65,64.0,Enterprise,WH-04,Yes,6.0,Late Delivery,21079.08,5143.29552,15935.784479999998,15921.06448,,,,,,,
ORD-10571,CUST-1094,Murilo Martins,Alice Johnson,West,Germany,Retail,PROD-125,Mouse,Clothing,2022-11-09 00:00:00,15,2347.21,0.121,50.86,Cash,Completed,1.3,9108.02,69.0,Small Business,WH-02,No,5.0,,35208.15,4260.18615,30947.96385,30897.10385,,,,,,,
ORD-10612,CUST-1278,Vinicius Ferreira,Frank Miller,West,USA,Direct,PROD-129,Monitor,Clothing,2023-08-27 00:00:00,10,482.78,0.257,75.24,Cash,Completed,3.4,624.61,68.0,Small Business,WH-04,No,3.0,Late Delivery,4827.799999999999,1240.7445999999998,3587.0553999999997,3511.8153999999995,,,,,,,
ORD-10535,CUST-1289,Aline Carvalho,Emma Wilson,Central,UK,direct,PROD-101,Notebook,Office Supplies,2023-07-03 00:00:00,8,474.98,0.023,131.95,PayPal,Completed,4.5,5081.02,63.0,Corporate,WH-04,No,5.0,Customer Changed Mind,3799.84,87.39632,3712.44368,3580.4936800000005,,,,,,,
ORD-10164,CUST-1028,Rafael Moreira,Bob Smith,Central,UK,Direct,PROD-130,Headphones,Clothing,2025-02-25 00:00:00,6,1278.07,0.269,142.35,Bank Transfer,Completed,1.9,826.26,30.0,Consumer,WH-02,No,9.0,,7668.42,2062.8049800000003,5605.615019999999,5463.265019999999,,,,,,,
ORD-10027,CUST-1021,Daniel Cardoso,Alice Johnson,   ,Australia,Online,PROD-125,Keyboard,Food,2025-03-31 00:00:00,16,2319.15,0.261,113.26,Credit Card,Returned,3.0,5245.68,45.0,Consumer,WH-04,No,1.0,Customer Changed Mind,37106.4,9684.7704,27421.6296,27308.3696,,,,,,,
ORD-10778,CUST-1200,Larissa Dias,Emma Wilson,West,USA,Online,PROD-115,Printer,Office Supplies,2022-08-27 00:00:00,3,2200.23,0.187,133.88,Debit Card,Completed,4.0,717.65,68.0,Consumer,WH-02,No,4.0,Wrong Item,6600.6900000000005,1234.32903,5366.360970000001,5232.4809700000005,,,,,,,
ORD-10342,CUST-1037,Leonardo Mendes,Frank Miller,West,USA,Wholesale,PROD-149,Tablet,Furniture,2023-10-24 00:00:00,9,493.29,0.167,110.5,Debit Card,Cancelled,4.2,7518.37,72.0,Corporate,WH-04,No,14.0,Customer Changed Mind,4439.610000000001,741.4148700000002,3698.195130000001,3587.6951300000005,,,,,,,
ORD-10602,CUST-1095,Aline Gomes,Alice Johnson,East,Germany,Direct,PROD-114,  Laptop ,  Electronics ,2023-01-17 00:00:00,2,1098.91,0.291,78.08,Cash,Completed,2.7,7204.03,36.0,Consumer,WH-04,yes,10.0,Late Delivery,2197.82,639.56562,1558.2543800000003,1480.1743800000004,,,,,,,
ORD-10282,CUST-1143,Priscila Dias,Bob Smith,South,USA,Direct,PROD-107,Phone,Food,2023-12-18 00:00:00,19,1316.32,0.265,145.65,Bank Transfer,Completed,2.3,7042.94,49.0,Small Business,WH-04,No,5.0,Damaged,25010.08,6627.6712,18382.4088,18236.7588,,,,,,,
ORD-10140,CUST-1217,Isabela Castro,Henry Moore,West,Canada,Online,PROD-121,Desk,Electronics,2022-06-27 00:00:00,4,540.52,17.4%,134.66,Credit Card,Pending,1.9,3057.72,49.0,Corporate,WH-01,No,13.0,Late Delivery,2162.08,376.20192,1785.87808,1651.21808,,,,,,,
ORD-10440,CUST-1149,Bianca Souza,Carla Davis,South,Australia,Online,PROD-112,Mouse,Clothing,2023-09-09 00:00:00,4,300.29,,126.8,,Returned,3.9,5365.85,60.0,Enterprise,WH-03,Yes,11.0,Damaged,1201.16,171.76588,1029.3941200000002,902.5941200000002,,,,,,,
ORD-10865,CUST-1206,Patricia Lima,Henry Moore,Central,Brazil,Retail,PROD-100,Tablet,Office Supplies,2023-01-18 00:00:00,8,2498.74,0.205,125.86,Credit Card,Completed,2.2,9584.58,27.0,Corporate,WH-02,No,3.0,,19989.92,4097.933599999999,15891.986399999998,15766.126399999996,,,,,,,
ORD-10121,CUST-1134,Patricia Martins,Emma Wilson,North,Germany,Retail,PROD-127,  Coffee Maker ,Electronics,2022-01-01 00:00:00,18,1311.78,0.065,103.29,Debit Card,Completed,3.2,6682.35,33.0,Consumer,WH-03,no,13.0,Late Delivery,23612.04,1534.7826,22077.2574,21973.9674,,,,,,,
ORD-10890,CUST-1080,Priscila Pereira,Bob Smith,Central,Germany,Online,PROD-113,Desk,Clothing,2024-05-17 00:00:00,12,2475.49,0.219,40.95, Credit Card ,Completed,4.1,5249.13,19.0,Consumer,WH-02,Yes,9.0,Damaged,29705.88,6505.58772,23200.29228,23159.34228,,,,,,,
ORD-10938,CUST-1325,Isabela Mendes,Henry Moore,North,Australia,Online,PROD-101,  Phone ,Office Supplies,2024-04-20 00:00:00,19,68.42,0.098,109.57,PayPal,Completed,2.4,1208.93,58.0,Corporate,WH-02,No,7.0,Wrong Item,1299.98,127.39804,1172.58196,1063.01196,,,,,,,
ORD-11194,CUST-1253,Renata Mendes,Emma Wilson,East,France,Direct,PROD-119,Monitor,Clothing,2024-10-28 00:00:00,7,1644.38,0.269,36.98,Debit Card,Completed,4.8,4658.87,50.0,Small Business,WH-01,No,12.0,,11510.66,3096.36754,8414.29246,8377.312460000001,,,,,,,
ORD-10824,CUST-1132,Fernanda Lima,Emma Wilson,East,Australia,Direct,PROD-112,Mouse,Electronics,2023-02-21 00:00:00,5,240.13,0.192,109.92,PayPal,Completed,1.3,738.96,53.0,Consumer,WH-03,No,8.0,,1200.65,230.52480000000003,970.1252,860.2052000000001,,,,,,,
ORD-10722,CUST-1368,Andre Lima,Frank Miller,West,USA,Wholesale,PROD-140,Chair,Electronics,2023-09-18 00:00:00,6,2422.75,0.008,25.98,Debit Card,Completed,2.4,3080.55,34.0,Enterprise,WH-01,No,4.0,Wrong Item,14536.5,116.292,14420.208,14394.228,,,,,,,
ORD-10010,CUST-1330,Matheus Ferreira,Henry Moore,North,USA,Online,PROD-105,Tablet,Office Supplies,2023-01-29 00:00:00,5,738.43,0.123,105.64,Cash,completed,3.4,5200.38,33.0,Small Business,WH-01,No,4.0,Late Delivery,3692.15,454.13445,3238.01555,3132.37555,,,,,,,
ORD-10086,CUST-1189,Lucas Silva,Henry Moore,South,Australia,Direct,PROD-148,Headphones,Clothing,2022-04-09 00:00:00,5,1104.71,0.285,89.32,Debit Card,Completed,2.4,2072.85,34.0,Consumer,WH-01,No,4.0,Damaged,5523.55,1574.21175,3949.33825,3860.01825,,,,,,,
ORD-10985,CUST-1311,Lucas Correia,Frank Miller,West,Germany,Wholesale,PROD-128,Chair,Food,2023-04-24 00:00:00,19,2331.7,0.085,126.65,Credit Card,Completed,1.1,9750.27,60.0,Enterprise,WH-02,Yes,8.0,Damaged,44302.3,3765.6955,40536.6045,40409.95449999999,,,,,,,
ORD-10134,CUST-1034,Sofia Ramos,,Central,USA,Wholesale,PROD-147,Phone,Furniture,2025-03-08 00:00:00,1,1962.1,,52.95,Bank Transfer,Completed,4.6,6174.96,69.0,Small Business,WH-03,No,4.0,Late Delivery,1962.1,241.3383,1720.7617,1667.8117,,,,,,,
ORD-10710,CUST-1219,Larissa Carvalho,Emma Wilson,West,Australia,Retail,PROD-114,Printer,Electronics,2023-06-27 00:00:00,17,2491.7,0.288,54.64,Credit Card,CANCELLED,2.5,7040.98,57.0,Corporate,WH-02,No,1.0,Wrong Item,42358.9,12199.363199999998,30159.536799999994,30104.896799999995,,,,,,,
ORD-10443,CUST-1341,Murilo Carvalho,Grace Taylor,West,Brazil,Online,PROD-119,Monitor,Furniture,2023-06-05 00:00:00,15,1148.42,0.204,14.92,Cash,Completed,3.2,1513.48,50.0,Corporate,WH-03,Yes,14.0,,17226.300000000003,3514.1652000000004,13712.134800000003,13697.214800000003,,,,,,,
ORD-10430,CUST-1321,Renata Castro,Frank Miller,West,USA,Online,PROD-105,Mouse,Food,2023-09-20 00:00:00,17,1409.22,0.073,67.29,Bank Transfer,Completed,3.5,2782.33,61.0,Enterprise,WH-03,Yes,5.0,Late Delivery,23956.74,1748.84202,22207.89798,22140.60798,,,,,,,
ORD-10015,CUST-1151,Juliana Almeida,Grace Taylor,West,France,Online,PROD-127,Notebook,Furniture,2023-12-01 00:00:00,1,51.52,0.016,60.04,Credit Card,Cancelled,4.0,2248.28,49.0,Enterprise,WH-04,No,8.0,Wrong Item,51.52,0.82432,50.69568,-9.344319999999996,,,,,,,
ORD-10611,CUST-1012,Felipe Lima,Alice Johnson,East,Germany,Retail,PROD-106,Chair,Office Supplies,2025-05-18 00:00:00,15,-50,0.015,74.33,Credit Card,Completed,4.8,2033.26,46.0,Corporate,WH-02,No,7.0,,1863.9,27.9585,1835.9415,1761.6115000000002,,,,,,,
ORD-10989,CUST-1110,Laura Silva,  Alice Johnson ,South,France,Online,PROD-140,Printer,Food,2023-04-12 00:00:00,6,1270.32,0.15,105.75,Bank Transfer,Completed,2.3,4529.43,28.0,Small Business,WH-02,No,14.0,Customer Changed Mind,7621.92,1143.288,6478.632,6372.882,,,,,,,
ORD-10252,CUST-1197,Aline Rocha,Grace Taylor,Central,UK,Direct,PROD-146,Mouse,Furniture,2022-04-04 00:00:00,19,1570.16,0.225,64.07,Debit Card,Completed,2.2,7146.53,25.0,Small Business,WH-04,Yes,2.0,Customer Changed Mind,29833.04,6712.434,23120.606,23056.536,,,,,,,
ORD-10501,CUST-1271,Larissa Martins,Henry Moore,West,Germany,Wholesale,PROD-105,Chair,Food,2025-08-13 00:00:00,13,2144.86,0.244,60.24,Bank Transfer,Completed,2.4,9055.62,30.0,Corporate,WH-03,No,14.0,Customer Changed Mind,27883.18,6803.49592,21079.68408,21019.44408,,,,,,,
ORD-11108,CUST-1171,Andre Teixeira,Grace Taylor,Central,USA,Direct,PROD-117,Desk,Office Supplies,2024-06-11 00:00:00,7,1285.53,0.25,99.29,Debit Card,Completed,3.8,788.01,,Enterprise,WH-02,YES,5.0,Customer Changed Mind,8998.71,2249.6775,6749.032499999999,6649.742499999999,,,,,,,
ORD-10808,CUST-1340,Bruno Monteiro,Henry Moore,East,France,Direct,PROD-131,Laptop,Furniture,2024-10-22 00:00:00,4,1636.56,0.196,6.37,Debit Card,Completed,3.7,8036.44,21.0,Small Business,WH-02,No,4.0,Late Delivery,6546.24,1283.06304,5263.17696,5256.80696,,,,,,,
ORD-10194,CUST-1115,Leticia Lima,Carla Davis,Central,Australia,Online,PROD-143,Phone,Clothing,2023-01-13 00:00:00,12,636.75,0.257,1.79,Cash,Completed,3.1,1889.21,47.0,Small Business,WH-02,No,14.0,Damaged,7641.0,1963.737,5677.263,5675.473,,,,,,,
ORD-11166,CUST-1178,Rafael Moreira,Henry Moore,East,Brazil,Online,PROD-129,Mouse,Food,2025-07-15 00:00:00,7,1074.27,0.291,125.36,Credit Card,Completed,4.3,4378.23,65.0,Corporate,WH-03,Yes,13.0,,7519.889999999999,2188.28799,5331.60201,5206.24201,,,,,,,
ORD-10366,CUST-1045,Rafael Silva,Daniel Brown,North,Canada,Wholesale,PROD-111,Phone,Office Supplies,2023-08-02 00:00:00,14,373.14,0.146,75.43,Credit Card,Returned,4.8,1506.11,72.0,Small Business,WH-01,No,2.0,Damaged,5223.96,762.6981599999999,4461.26184,4385.83184,,,,,,,
ORD-10061,CUST-1366,Isabela Rocha,Frank Miller,East,Australia,Online,PROD-113,Keyboard,Furniture,2022-07-07 00:00:00,13,1170.77,0.004,73.39,Credit Card,Completed,3.4,5919.27,63.0,Consumer,WH-04,No,10.0,,15220.01,60.88004,15159.12996,15085.73996,,,,,,,
ORD-10063,CUST-1034,Felipe Rocha,Alice Johnson,Central,France,Online,PROD-129,Laptop,Food,2025-03-07 00:00:00,,2237.02,0.216,2.35,Credit Card,Completed,1.2,9814.36,48.0,Corporate,WH-03,No,7.0,Late Delivery,29081.26,6281.552159999999,22799.70784,22797.35784,,,,,,,
ORD-10236,CUST-1052,Priscila Silva,Henry Moore,South,Uk,Wholesale,PROD-109,Coffee Maker,Furniture,2023-05-14 00:00:00,5,1883.28,0.28,1.21,Cash,Completed,4.4,3740.19,40.0,Corporate,WH-01,Yes,6.0,Customer Changed Mind,9416.4,2636.592,6779.807999999999,6778.597999999999,,,,,,,
ORD-10483,CUST-1278,Natalia Pereira,  Emma Wilson ,Central,Australia,Direct,PROD-118,Laptop,Office Supplies,2024-01-07 00:00:00,5,283.43,0.278,41.63,Cash,Completed,3.8,7809.93,23.0,Consumer,WH-02,No,10.0,,1417.15,393.9677,1023.1823,981.5523,,,,,,,
ORD-10590,CUST-1375,Carolina Mendes,Emma Wilson,East,Canada,Retail,PROD-117,Laptop,Office Supplies,2025-01-11 00:00:00,4,603.97,0.047,47.53,Bank Transfer,Completed,4.8,3799.67,21.0,Corporate,WH-04,No,13.0,Late Delivery,2415.88,113.54636,2302.3336400000003,2254.80364,,,,,,,
ORD-10509,CUST-1153,Laura Ramos,Carla Davis,South,Australia,Retail,PROD-130,Headphones,Food,2025-10-06 00:00:00,9,117.56,0.181,117.53,Cash,Completed,2.6,4072.82,23.0,Consumer,WH-02,No,3.0,Customer Changed Mind,1058.04,191.50524,866.53476,749.00476,,,,,,,
ORD-10556,CUST-1162,LEONARDO RAMOS,Daniel Brown,South,Canada,Retail,PROD-112,Notebook,Clothing,2022-10-05 00:00:00,12,2233.04,0.292,55.19,Cash,Returned,2.1,7893.52,48.0,Enterprise,WH-01,No,12.0,Late Delivery,26796.48,7824.57216,18971.90784,18916.71784,,,,,,,
ORD-10206,CUST-1151,Caio Correia,Daniel Brown,North,USA,Direct,PROD-143,Notebook,Clothing,2023-01-31 00:00:00,12,1763.47,0.253,88.97,Credit Card,Pending,1.5,4815.18,56.0,Enterprise,WH-04,NO,9.0,Damaged,21161.64,5353.89492,15807.74508,15718.77508,,,,,,,
ORD-10532,CUST-1245,Vinicius Ribeiro,Frank Miller,East,CANADA,Wholesale,PROD-114,Keyboard,Furniture,2022-10-22 00:00:00,4,1309.12,0.242,149.63,Bank Transfer,Completed,4.8,9886.08,25.0,Small Business,WH-03,No,3.0,Wrong Item,5236.48,1267.22816,3969.25184,3819.62184,,,,,,,
ORD-11143,CUST-1228,Bruno Monteiro,Grace Taylor,Central,USA,Wholesale,PROD-105,Desk,Clothing,2023-01-22 00:00:00,9,CONFIDENTIAL,0.242,139.86,Cash,Completed,2.8,2357.09,,Enterprise,WH-04,No,12.0,Damaged,14588.46,3530.4073200000003,11058.05268,10918.19268,,,,,,,
ORD-10456,CUST-1102,Ramon Martins,Frank Miller,Central,UK,Retail,PROD-105,Coffee Maker,Food,2024-07-31 00:00:00,17,2182.07,0.189,11.94,Credit Card,Completed,1.5,8057.68,28.0,Corporate,WH-02,No,10.0,Customer Changed Mind,37095.19,7010.99091,30084.19909,30072.259090000003,,,,,,,
ORD-10286,CUST-1368,Eduardo Moraes,Henry Moore,West,Brazil,Retail,PROD-111,Phone,Food,2025-01-12 00:00:00,2,1104.71,0.041,135.1,Cash,Completed,2.3,5090.76,28.0,Small Business,WH-04,No,13.0,,2209.42,90.58622,2118.83378,1983.73378,,,,,,,
ORD-10171,CUST-1085,Gustavo Castro,Alice Johnson,Central,France,Wholesale,PROD-111,Desk,Electronics,2023-11-12 00:00:00,1,USD 722.45,0.203,117.92,PayPal,Cancelled,2.5,8867.16,34.0,Consumer,WH-02,No,8.0,Customer Changed Mind,722.45,146.65735,575.7926500000001,457.8726500000001,,,,,,,
ORD-11031,CUST-1179,Beatriz Almeida,Bob Smith,Central,France,Wholesale,PROD-114,Chair,Electronics,2025-08-23 00:00:00,8,2274.1,0.193,81.15,PayPal,Completed,3.9,2619.59,54.0,Small Business,WH-04,No,5.0,,18192.8,3511.2104,14681.5896,14600.4396,,,,,,,
ORD-10596,CUST-1356,Bruno Ferreira,Bob Smith,South,Germany,Wholesale,PROD-118,Keyboard,Electronics,04/27/2023,2,1243.89,0.099,16.64,Cash,Cancelled,3.5,2000.44,74.0,Small Business,WH-03,No,2.0,Late Delivery,2487.78,246.29022000000003,2241.4897800000003,2224.8497800000005,,,,,,,
ORD-10707,CUST-1172,Leticia Santana,Grace Taylor,Central,UK,Wholesale,PROD-149,Mouse,Clothing,2024-10-30 00:00:00,16,2441.37,0.273,25.85,Debit Card,COMPLETED,1.6,7613.94,64.0,Small Business,WH-04,No,12.0,,39061.92,10663.90416,28398.01584,28372.16584,,,,,,,
ORD-11079,CUST-1299,Bianca Lima,Bob Smith,East,Germany,Wholesale,PROD-117,Mouse,Furniture,2023-09-26 00:00:00,13,2467.98,0.203,101.82,Debit Card,Completed,1.2,2668.95,27.0,Consumer,WH-04,No,1.0,Damaged,32083.74,6512.999220000001,25570.74078,25468.92078,,,,,,,
ORD-10396,CUST-1113,Rafael Castro,Bob Smith,South,Brazil,Online,PROD-120,Tablet,Office Supplies,2022-01-09 00:00:00,12,1939.03,0.01,140.56,Credit Card,Returned,4.8,9389.4,72.0,Enterprise,WH-03,No,10.0,Customer Changed Mind,23268.36,232.6836,23035.6764,22895.1164,,,,,,,
ORD-10642,CUST-1068,Joao Mendes,Frank Miller,North,France,Online,PROD-145,Headphones,Food,2022-11-26 00:00:00,4,1389.39,0.169,128.33,Bank Transfer,Completed,3.2,6928.35,26.0,Enterprise,WH-04,No,5.0,Late Delivery,5557.56,939.2276400000002,4618.33236,4490.00236,,,,,,,
ORD-10943,CUST-1345,Amanda Ribeiro,Daniel Brown,East,Australia,Retail,PROD-111,Desk,Office Supplies,31/02/2025,20,359.12,0.225,108.28,Debit Card,completed,2.0,9559.23,47.0,Small Business,WH-04,No,14.0,Damaged,7182.4,1616.04,5566.36,5458.08,,,,,,,
,,,,,,,,,,,,,,,,,,,,,,,,,,,,,,,,,,,
ORD-10254,CUST-1239,Natalia Ribeiro,Henry Moore,West,Brazil,Wholesale,PROD-120,Desk,Office Supplies,2023-07-14 00:00:00,13,2420.21,17.7%,74.04,Bank Transfer,Completed,3.0,7113.67,51.0,Corporate,WH-03,No,7.0,,31462.73,5568.90321,25893.82679,25819.78679,,,,,,,
ORD-10359,CUST-1034,Clara Martins, ,West,Brazil,Direct,PROD-140,Notebook,Electronics,2025-02-28 00:00:00,7,2119.28,0.005,114.92,PayPal,PENDING,3.5,4886.85,34.0,Consumer,WH-01,No,6.0,Wrong Item,14834.96,74.1748,14760.7852,14645.8652,,,,,,,
ORD-10928,CUST-1159,Renata Monteiro,Emma Wilson,North,USA,Direct,PROD-133,Chair,Food,2023-01-19 00:00:00,12,528.39,0.01,72.09,,Completed,2.2,9301.57,56.0,Small Business,WH-04,No,6.0,Customer Changed Mind,6340.68,63.4068,6277.2732000000005,6205.1832,,,,,,,
ORD-11164,CUST-1013,Gabriel Nogueira,Alice Johnson,North,,Wholesale,PROD-113,Phone,Electronics,2024-11-20 00:00:00,11,787.37,0.175,34.83,Cash,Completed,3.1,4825.9,29.0,Corporate,WH-04,True,6.0,Damaged,8661.07,1515.68725,7145.38275,7110.55275,,,,,,,
ORD-10459,CUST-1364,Matheus Costa,Carla Davis,South,Australia,Online,PROD-113,Printer,  Office Supplies ,2022-09-27 00:00:00,13,923.37,0.182,102.63,Bank Transfer,Completed,1.4,6279.0,20.0,Corporate,WH-02,N,12.0,Wrong Item,12003.81,2184.69342,9819.11658,9716.48658,,,,,,,
ORD-11113,CUST-1083,Beatriz Nogueira,Grace Taylor,South,Canada,Wholesale,PROD-141,Printer,Food,2024-06-16 00:00:00,19,191.28,0.167,83.07,Debit Card,Completed,4.0,5465.71,45.0,Enterprise,WH-04,No,11.0,,3634.32,606.9314400000001,3027.3885600000003,2944.31856,,,,,,,
ORD-11054,CUST-1246,Gustavo Santana,Carla Davis,East,UK,Online,PROD-131,Keyboard,Furniture,2024-01-07 00:00:00,15,"2,295.03",0.032,120.98,Bank Transfer,Completed,2.7,6493.65,61.0,Consumer,WH-03,No,10.0,,34425.450000000004,1101.6144000000002,33323.835600000006,33202.8556,,,,,,,
ORD-10382,CUST-1252,Juliana Pereira,Bob Smith,North,Brazil,Retail,PROD-122,Laptop,Electronics,2024-06-05 00:00:00,18,999.42,0.053,27.79,PayPal,Returned,1.6,1781.04,49.0,Corporate,WH-04,Yes,2.0,Late Delivery,17989.559999999998,953.44668,17036.113319999997,17008.323319999996,,,,,,,
ORD-10718,CUST-1386,Sofia Santos,Emma Wilson,West,France,Retail,PROD-114,Tablet,Clothing,2024-10-22 00:00:00,4,1525.21,0.251,113.41,Cash,Completed,2.5,8340.49,29.0,Enterprise,WH-04,No,4.0,Customer Changed Mind,6100.84,1531.31084,4569.52916,4456.11916,,,,,,,
ORD-10482,CUST-1317,Gabriel Monteiro,Daniel Brown,North,Germany,Wholesale,PROD-128,Tablet,Office Supplies,2024-01-06 00:00:00,12,772.77,0.097,40.09,Debit Card,Cancelled,2.6,8776.91,69.0,Consumer,WH-03,No,4.0,,9273.24,899.50428,8373.73572,8333.64572,,,,,,,
ORD-10486,CUST-1395,Aline Moraes,Grace Taylor,Central,Germany,Wholesale,PROD-124,Coffee Maker,Office Supplies,2025-05-23 00:00:00,19,735.06,0.2,97.22,PayPal,Completed,3.9,4178.99,25.0,Consumer,WH-01,No,4.0,Damaged,13966.14,2793.228,11172.912,11075.692,,,,,,,
ORD-10451,CUST-1263,Beatriz Cardoso,Daniel Brown,West,Germany,Retail,PROD-149,Phone,CLOTHING,31/02/2025,16,1711.31,0.087,39.97,Debit Card,Cancelled,4.1,7390.83,70.0,Corporate,WH-03,Yes,2.0,Late Delivery,27380.96,2382.14352,24998.81648,24958.84648,,,,,,,
ORD-10401,CUST-1154,Ramon Souza,Alice Johnson,East,UK,Wholesale,PROD-122,Chair,Clothing,2025-05-17 00:00:00,1,1375.98,0.139,32.85,BANK TRANSFER,Completed,4.5,3171.62,33.0,Small Business,WH-01,Yes,13.0,Damaged,1375.98,191.26122,1184.71878,1151.86878,,,,,,,
ORD-10714,CUST-1316,Gabriel Freitas,Daniel Brown,East,Canada,Direct,PROD-114,Keyboard,Office Supplies,2024-02-21 00:00:00,7,2040.47,0.124,112.29,Cash,COMPLETED,4.0,4046.4,62.0,Consumer,WH-01,No,3.0,Customer Changed Mind,14283.29,1771.12796,12512.16204,12399.87204,,,,,,,
ORD-10830,CUST-1201,Leonardo Rocha,Emma Wilson,North,USA,Wholesale,PROD-116,Monitor,Office Supplies,2024-03-02 00:00:00,11,,,149.58,Credit Card,Completed,2.1,4839.94,,Corporate,WH-02,Yes,9.0,,14505.37,246.59129000000004,14258.77871,14109.19871,,,,,,,
ORD-10471,CUST-1157,Caio Ribeiro,Frank Miller,East,uk,Retail,PROD-134,Headphones,Clothing,2025-09-13 00:00:00,3,2461.69,0.109,14.83,PayPal,Completed,4.2,5926.94,21.0,Consumer,WH-03,Yes,1.0,Damaged,7385.07,804.97263,6580.09737,6565.26737,,,,,,,
ORD-10716,CUST-1360,Bianca Martins,Frank Miller,North,Germany,Retail,PROD-135,Phone,Clothing,2025-05-25 00:00:00,3,2103.1,0.182,121.94,,Cancelled,2.9,1105.18,44.0,Corporate,WH-02,No,10.0,Damaged,6309.299999999999,1148.2925999999998,5161.0074,5039.0674,,,,,,,
ORD-10784,CUST-1034,Leonardo Almeida,Alice Johnson,South,France,Online,PROD-141,Phone,  Food ,2025-12-11 00:00:00,6,2056.42,0.038,113.17,Debit Card,Completed,3.6,3370.68,22.0,Corporate,WH-02,Yes,10.0,Damaged,12338.52,468.86376,11869.65624,11756.48624,,,,,,,
ORD-11080,CUST-1132,Lucas Ferreira,Frank Miller,West,UK,Wholesale,PROD-116,Tablet,Clothing,2024-06-15 00:00:00,8,798.31,0.294,34.78,Cash,Completed,4.5,3931.99,70.0,Corporate,WH-04,No,14.0,Customer Changed Mind,6386.48,1877.62512,4508.85488,4474.07488,,,,,,,
ORD-10001,CUST-1348,Gabriel Azevedo,Daniel Brown,Central,USA,Wholesale,PROD-110,Keyboard,Food,2023-10-06 00:00:00,5,2381.84,unknown,21.07,Credit Card,Completed,1.4,9418.56,60.0,Consumer,WH-02,No,14.0,Damaged,11909.2,1703.0156,10206.1844,10185.1144,,,,,,,VIP
ORD-10524,CUST-1099,Bruno Gomes,Bob Smith,Central,France,Direct,PROD-103,Mouse,Furniture,2025-07-23 00:00:00,20,1505.52,17.3%,119.83,Bank Transfer,Completed,4.3,5750.35,18.0,Enterprise,WH-04,No,13.0,Damaged,30110.4,5209.0992,24901.3008,24781.4708,,,,,,,
ORD-10517,CUST-1093,Caio Costa,Alice Johnson,Central,France,Direct,PROD-114,Headphones,Furniture,2025/02/01,20,1564.44,0.214,101.34,Credit Card,Completed,4.1,6306.87,70.0,Enterprise,WH-04,Yes,10.0,,31288.800000000003,6695.8032,24592.9968,24491.6568,,,,,,,
ORD-10926,CUST-1154,Beatriz Santos,Frank Miller,South,UK,Retail,PROD-143,Desk,Food,2025-12-11 00:00:00,7,1431.76,0.264,36.12,Bank Transfer,Completed,2.4,8970.83,59.0,Enterprise,WH-01,No,13.0,Wrong Item,10022.32,2645.89248,7376.427519999999,7340.307519999999,,,,,,,
ORD-10293,CUST-1159,Joao Cardoso,Daniel Brown,East,Canada,Online,PROD-140,Chair,Electronics,2023-10-15 00:00:00,2,2089.73,0.036,81.88,Bank Transfer,Completed,4.8,3334.71,71.0,Small Business,WH-02,No,5.0,Damaged,4179.46,150.46056,4028.99944,3947.11944,,,,,,,
ORD-10492,CUST-1289,Leonardo Souza,Frank Miller,East,Canada,Retail,PROD-132,Phone,Furniture,2025-11-04 00:00:00,0,2360.85,0.091,83.51,Cash,Completed,2.6,7494.9,64.0,Consumer,WH-02,No,9.0,Customer Changed Mind,21247.65,1933.53615,19314.11385,19230.60385,,,,,,,
ORD-10700,CUST-1166,Ramon Freitas,Daniel Brown,North,Brazil,Wholesale,PROD-147,Keyboard,Clothing,2025-09-27 00:00:00,3,798.82,0.016,11.55,PayPal,completed,3.2,4322.1,55.0,Consumer,WH-02,No,8.0,Damaged,2396.46,38.34336,2358.11664,2346.56664,,,,,,,
ORD-10202,CUST-1224,Camila Martins,Alice Johnson,East,Canada,Direct,PROD-128,Monitor,Office Supplies,2022-05-18 00:00:00,2,2116.86,0.17,93.37,Credit Card,Completed,4.9,9646.0,72.0,Consumer,WH-04,No,3.0,Late Delivery,4233.72,719.7324000000001,3513.9876000000004,3420.6176000000005,,,,,,,
ORD-10215,CUST-1051,Eduardo Oliveira,Alice Johnson,South,Germany,Retail,PROD-127,Printer,Furniture,2022-08-27 00:00:00,6,1092.44,0.286,57.39,Debit Card,Completed,3.7,6740.59,52.0,Enterprise,WH-04,No,7.0,Damaged,6554.64,1874.62704,4680.01296,4622.62296,,,,,,,
ORD-11065,CUST-1074,Juliana Rocha,Daniel Brown,Central,USA,Retail,PROD-120,Printer,Clothing,2022-10-13 00:00:00,8,2283.97,0.165,32.51,PayPal,Completed,1.2,5932.19,54.0,Corporate,WH-04,Yes,2.0,Late Delivery,18271.76,3014.8404,15256.919599999996,15224.409599999995,,,,,,,
ORD-10773,CUST-1356,Rodrigo Ribeiro,Emma Wilson,South,Brazil,Wholesale,PROD-138,Coffee Maker,Office Supplies,2024-07-14 00:00:00,12,USD 2211.10,0.02,88.75,Cash,Completed,1.9,4048.71,74.0,Small Business,WH-04,No,3.0,Customer Changed Mind,26533.2,530.664,26002.536,25913.786,,,,,,,
ORD-10153,CUST-1351,Carolina Castro,  Grace Taylor ,Central,Canada,Online,PROD-125,Tablet,Furniture,2025-10-14 00:00:00,19,1753.39,0.006,55.24, PayPal ,Completed,3.8,9414.95,20.0,Consumer,WH-01,No,1.0,Customer Changed Mind,33314.41,199.88646000000003,33114.52354,33059.283540000004,,,,,,,
ORD-10753,CUST-1258,Beatriz Santos,Alice Johnson,Central,Germany,Direct,PROD-128,Coffee Maker,Electronics,2023-07-22 00:00:00,13,1249.69,0.298,114.12,Bank Transfer,Completed,1.9,8884.87,19.0,Corporate,WH-03,No,13.0,Late Delivery,16245.97,4841.29906,11404.67094,11290.55094,,,,,,,
ORD-10963,CUST-1025,Felipe Nogueira,Frank Miller,North,USA,Direct,PROD-143,Desk,Office Supplies,2024-12-26 00:00:00,11,393.41,0.181,122.34,Cash,Completed,2.2,6417.32,69.0,Consumer,WH-01,No,6.0,Wrong Item,4327.51,783.27931,3544.2306900000003,3421.89069,,,,,,,
ORD-10915,CUST-1373,Joao Vieira,Alice Johnson,West,Australia,direct,PROD-115,Desk,Office Supplies,2024-06-23 00:00:00,11,1883.69,0.277,17.83,Debit Card,Completed,1.3,6021.99,39.0,Corporate,WH-02,Yes,13.0,Customer Changed Mind,20720.59,5739.60343,14980.98657,14963.15657,,,,,,,
ORD-10785,CUST-1252,Diego Silva,Henry Moore,South,,Retail,PROD-101,Tablet,Furniture,2022-12-23 00:00:00,20,742.53,0.195,87.47,PayPal,Completed,2.6,8948.61,46.0,Consumer,WH-01,No,4.0,Damaged,14850.6,2895.867,11954.732999999998,11867.263,,,,,,,
ORD-11009,CUST-1144,Priscila Vieira,Henry Moore,Central,,Direct,PROD-135,Phone,Furniture,2022-08-01 00:00:00,3,634.41,0.049,104.29,PayPal,Completed,2.9,8747.39,46.0,Consumer,WH-01,Yes,9.0,Wrong Item,1903.23,93.25827,1809.97173,1705.68173,,,,,,,
ORD-10927,CUST-1092,Pedro Freitas,Daniel Brown,West,France,Retail,PROD-114,Laptop,Food,2024-02-05 00:00:00,2,1461.81,0.021,69.08,PayPal,Completed,1.7,5103.59,19.0,Enterprise,WH-01,No,4.0,Damaged,2923.62,61.39602,2862.22398,2793.14398,,,,,,,
ORD-10278,CUST-1297,Aline Pereira,Emma Wilson,North,UK,Direct,PROD-109,Tablet,Furniture,2022-09-02 00:00:00,12,1282.49,0.11,144.41,PayPal,Completed,2.3,2111.07,53.0,Small Business,WH-04,No,4.0,Late Delivery,15389.88,1692.8868000000002,13696.9932,13552.5832,,,,,,,
ORD-11095,CUST-1037,Pedro Ferreira,Emma Wilson,West,,Online,PROD-126,Keyboard,Clothing,2024-12-21 00:00:00,9,1502.63,0.13,28.44,Cash,Completed,4.8,2549.07,59.0,Enterprise,WH-04,No,5.0,Customer Changed Mind,13523.670000000002,1758.0771000000002,11765.5929,11737.1529,,,,,,,
ORD-10232,CUST-1224,Andre Teixeira,Carla Davis,East,Canada,Direct,PROD-128,Coffee Maker,Electronics,2025-06-13 00:00:00,5,1234.22,0.223,93.14,Credit Card,Completed,5.0,4236.19,20.0,Small Business,WH-01,No,13.0,Late Delivery,6171.1,1376.1553,4794.9447,4701.8047,,,,,,,
ORD-10746,CUST-1304,Sofia Mendes,Bob Smith,North,Germany,Retail,PROD-126,Laptop,Electronics,2022-05-19 00:00:00,16,1507.41,0.099,40.31,Debit Card,Completed,4.4,6798.72,72.0,Small Business,WH-02,No,4.0,Late Delivery,24118.56,2387.7374400000003,21730.82256,21690.51256,,,,,,,
ORD-10352,CUST-1096,Bruno Castro,Emma Wilson,North,UK,Wholesale,PROD-138,  Phone ,Furniture,2022-09-29 00:00:00,-5,2155.95,0.297,129.09,Credit Card,Completed,2.4,5156.22,53.0,Corporate,WH-01,Yes,9.0,Damaged,38807.1,11525.7087,27281.3913,27152.3013,,,,,,,
ORD-10388,CUST-1280,Diego Carvalho,Henry Moore,Central,France,Direct,PROD-144,  Tablet ,Office Supplies,2025-04-05 00:00:00,9,1407.14,0.11,117.31,Cash,Completed,2.7,7551.11,23.0,Corporate,WH-04,No,9.0,Late Delivery,12664.26,1393.0686,11271.1914,11153.8814,,,,,,,
ORD-10211,CUST-1232,Clara Rocha,Carla Davis,West,USA,Wholesale,PROD-115,Printer,Food,2025-06-30 00:00:00,1,N/A,0.037,48.81,Credit Card,Cancelled,3.4,6832.85,64.0,Consumer,WH-02,No,7.0,Wrong Item,881.35,32.60995,848.74005,799.9300499999999,,,,,,,
ORD-10272,CUST-1038,Carolina Souza,Alice Johnson,East,Brazil,Wholesale,PROD-121,Desk,  Office Supplies ,2025-07-22 00:00:00,13,750.87,0.298,75.3,Cash,Completed,2.8,1754.75,,Enterprise,WH-01,No,4.0,Customer Changed Mind,9761.31,2908.87038,6852.439619999999,6777.139619999999,,,,,,,
ORD-10229,CUST-1053,Patricia Rocha,,West,Brazil,Online,PROD-138,Monitor,Food,2025-03-05 00:00:00,15,,0.131,117.55,Debit Card,Completed,1.8,1571.0,46.0,Enterprise,WH-02,Yes,8.0,Late Delivery,18174.0,2380.7940000000003,15793.206,15675.656,,,,,,,
ORD-10550,CUST-1383,Leonardo Lima,Carla Davis,South,Australia,Online,PROD-110,Tablet,Food,2025-04-06 00:00:00,5,1378.78,0.237,140.37,PayPal,Cancelled,2.4,1607.21,66.0,Corporate,WH-03,N,4.0,,6893.9,1633.8542999999995,5260.0457,5119.6757,,,,,,,
ORD-10104,CUST-1344,Andre Barbosa,Daniel Brown,North,Brazil,Online,PROD-103,Monitor,Electronics,2025-03-01 00:00:00,18,1367.03,0.174,144.53,Credit Card,Pending,2.6,899.35,23.0,Consumer,WH-01,No,11.0,Damaged,24606.54,4281.53796,20325.00204,20180.47204,,,,,,,
ORD-11068,CUST-1133,Luana Teixeira,,South,Brazil,Wholesale,PROD-128,Printer,Office Supplies,2024-02-14 00:00:00,7,2296.05,0.17,117.94,Debit Card,Completed,2.4,2920.77,52.0,Small Business,WH-04,No,7.0,Late Delivery,16072.350000000002,2732.2995000000005,13340.0505,13222.1105,,,,,,,
ORD-10030,CUST-1344,Daniel Santana,Daniel Brown,Central,Canada,Retail,PROD-111,Notebook,  Clothing ,2022-03-01 00:00:00,20,1009.77,0.041,133.61,Bank Transfer,Completed,3.2,4285.68,59.0,Corporate,WH-04,No,4.0,Wrong Item,20195.4,828.0114000000001,19367.3886,19233.7786,,,,,,,
ORD-10298,CUST-1303,Bianca Rocha,Daniel Brown,North,USA,Online,PROD-146,Keyboard,Electronics,2023-10-18 00:00:00,12,506.07,0.263,48.58,PayPal,Completed,2.2,5785.53,40.0,Corporate,WH-04,No,11.0,,6072.84,1597.15692,4475.68308,4427.10308,,,,,,,
ORD-10190,CUST-1384,Laura Azevedo,Bob Smith,Central,UK,Online,PROD-143,Laptop,Office Supplies,07/06/2025,19,1047.01,0.238,143.87,Bank Transfer,Completed,2.1,5630.01,56.0,Corporate,WH-01,Yes,6.0,Wrong Item,19893.19,4734.57922,15158.61078,15014.740779999998,,,,,,,
ORD-11157,CUST-1236,Henrique Barbosa,Grace Taylor,West,Brazil,Direct,PROD-144,Monitor,Electronics,2022-06-22 00:00:00,20,845.36,0.032,33.97,Credit Card,Cancelled,,5271.87,68.0,Corporate,WH-04,No,2.0,Customer Changed Mind,16907.2,541.0304,16366.1696,16332.199600000002,,,,,,,
ORD-10825,CUST-1357,Carolina Azevedo,Henry Moore,Central,Germany,Direct,PROD-148,Laptop,Furniture,,16,1586.25,0.149,88.11,Cash,Completed,2.1,7753.63,43.0,Enterprise,WH-04,No,12.0,Late Delivery,25380.0,3781.62,21598.38,21510.27,,,,,,,
ORD-10243,CUST-1202,Priscila Freitas,Alice Johnson,North,Australia,Retail,PROD-146,Coffee Maker,Office Supplies,2024-12-12 00:00:00,2,222.27,0.179,5.77,Debit Card,Completed,3.6,2596.65,29.0,Small Business,WH-02,Yes,7.0,Customer Changed Mind,444.54,79.57266,364.96734,359.19734000000005,,,,,,,
ORD-10873,CUST-1251,Carolina Ribeiro,Alice Johnson,West,UK,Retail,PROD-134,Keyboard,Food,25/04/2022,15,1786.97,0.146,65.2,Bank Transfer,Completed,,8977.52,24.0,Enterprise,WH-03,Yes,1.0,Customer Changed Mind,26804.55,3913.4643,22891.0857,22825.8857,,,,,,,
ORD-10118,CUST-1230,Gabriel Martins,Alice Johnson,South,USA,Direct,PROD-131,Chair,Food,2022-12-16 00:00:00,8,1623.07,0.084,115.42,Debit Card,Completed,4.1,9388.88,31.0,Enterprise,WH-03,No,7.0,Customer Changed Mind,12984.56,1090.70304,11893.85696,11778.43696,,,,,,,
ORD-10600,CUST-1098,Camila Costa,,Central,USA,Wholesale,PROD-140,  Coffee Maker ,Food,2023-10-21 00:00:00,17,334.51,0.242,133.2,PayPal,Completed,2.7,2269.94,36.0,Enterprise,WH-04,No,11.0,Wrong Item,5686.67,1376.17414,4310.49586,4177.29586,,,,,,,
ORD-10898,CUST-1339,Joao Nogueira,Frank Miller,East,Australia,Online,PROD-143,Tablet,Electronics,2025-04-27 00:00:00,16,1805.33,0.078,117.84,Debit Card,Completed,1.6,8289.81,49.0,Corporate,WH-02,No,7.0,Late Delivery,28885.28,2253.05184,26632.22816,26514.38816,,,,,,,
ORD-10028,CUST-1252,Sofia Gomes,Alice Johnson,West,Australia,online,PROD-137,Phone,Clothing,2025-04-29 00:00:00,6,170.39,0.28,112.94,Cash,Completed,1.7,2896.46,30.0,Enterprise,WH-02,No,5.0,Damaged,1022.34,286.2552,736.0847999999999,623.1447999999998,,,,,,,
ORD-10711,CUST-1125,Isabela Vieira,Carla Davis,North,USA,Direct,PROD-114,Laptop,Clothing,,9,2233.7,0.22,12.05,Credit Card,Pending,3.3,6755.04,56.0,Small Business,WH-03,No,7.0,Wrong Item,20103.3,4422.726,15680.574,15668.524,,,,,,,
ORD-11126,CUST-1317,Juliana Oliveira,Henry Moore,South,USA,Direct,PROD-135,Printer,Furniture,2024-12-31 00:00:00,5,521.26,0.159,129.35,Debit Card,Completed,2.5,7650.38,61.0,Small Business,WH-04,No,8.0,,2606.3,414.40170000000006,2191.8983000000003,2062.5483000000004,,,,,,,
ORD-10988,CUST-1002,Beatriz Moreira,Emma Wilson,South,USA,Retail,PROD-140,Headphones,CLOTHING,2024-12-26 00:00:00,4,691.44,0.085,13.19,,Cancelled,2.4,4252.01,27.0,Consumer,WH-03,Yes,8.0,Customer Changed Mind,2765.76,235.08960000000005,2530.6704,2517.4804,,,,,,,
ORD-10733,CUST-1148,Clara Silva,Grace Taylor,South,UK,Direct,PROD-114,Keyboard,Food,2025-03-26 00:00:00,1,$650.33,0.02,147.67,PayPal,Completed,1.8,6513.39,27.0,Enterprise,WH-04,Yes,13.0,,650.33,13.0066,637.3234,489.6534,,,,,,,
ORD-10364,CUST-1219,Manuela Moreira,Carla Davis,South,Brazil,Wholesale,PROD-118,Printer,Food,2025-10-16 00:00:00,2,,0.132,138.55,Bank Transfer,Completed,2.8,755.09,55.0,Consumer,WH-01,Yes,3.0,Damaged,545.44,71.99808000000002,473.44192,334.89192,,,,,,,
ORD-10213,CUST-1112,Carolina Ribeiro,Emma Wilson,CENTRAL,France,Online,PROD-113,Desk,N/A,2025-07-21 00:00:00,14,802.21,0.2,95.07,Credit Card,Cancelled,1.7,9015.7,60.0,Corporate,WH-03,No,12.0,Damaged,11230.94,2246.188,8984.752,8889.682,,,,,,,
ORD-11193,CUST-1288,Natalia Ribeiro,Emma Wilson,East,Germany,Wholesale,PROD-119,Mouse,Clothing,2024-07-28 00:00:00,11,1815.8,0.223,141.98,Bank Transfer,Completed,2.5,8436.47,25.0,Consumer,WH-01,No,13.0,,19973.8,4454.1574,15519.6426,15377.6626,,,,,,,
ORD-10764,CUST-1347,Vinicius  Silva,Daniel Brown,South,canada,Online,PROD-115,Coffee Maker,Electronics,2022-10-15 00:00:00,16,1327.64,0.119,104.83,Debit Card,Completed,2.7,3558.84,37.0,Corporate,WH-04,No,11.0,Late Delivery,21242.24,2527.82656,18714.41344,18609.58344,,,,,,,
ORD-10503,CUST-1191,Vinicius Souza,Carla Davis,East,Australia,Online,PROD-105,Coffee Maker,Clothing,2024-08-13 00:00:00,8,,0.234,23.16,PayPal,Completed,3.0,7387.56,66.0,Small Business,WH-02,No,14.0,Wrong Item,10309.92,2412.52128,7897.39872,7874.23872,,,,,,,
ORD-10411,CUST-1246,Fernanda Mendes  ,Bob Smith,North,Canada,Online,PROD-122,Notebook,Food,2023-10-26 00:00:00,11,659.71,0.134,57.52,Debit Card,Completed,3.3,2306.69,35.0,Consumer,WH-04,No,8.0,,7256.81,972.41254,6284.39746,6226.87746,,,,,,,
ORD-10003,CUST-1106,Beatriz Castro,Carla Davis,South,Germany,Wholesale,PROD-141,Coffee Maker,Clothing,2024-02-04 00:00:00,18,-50,0.081,61.73,PayPal,Completed,,7854.49,40.0,Consumer,WH-03,No,4.0,Customer Changed Mind,7936.2,642.8322000000001,7293.3678,7231.6378,,,,,,,
ORD-10097,CUST-1187,Renata Azevedo,Henry Moore,Central,,Wholesale,PROD-143,Desk,Office Supplies,2023-12-10 00:00:00,13,37.63,0.193,33.21,Credit Card,Completed,1.7,3081.8,50.0,Enterprise,WH-04,Yes,6.0,Damaged,489.19000000000005,94.41367,394.77633,361.5663300000001,,,,,,,
ORD-10021,CUST-1293,Lucas Mendes,Henry Moore,West,France,Retail,PROD-106,Tablet,  Electronics ,2024-12-30 00:00:00,15,777.66,0.024,120.21,Bank Transfer,Completed,1.7,4715.49,34.0,Enterprise,WH-04,Yes,8.0,Damaged,11664.9,279.9576,11384.9424,11264.7324,,,,,,,
ORD-11132,CUST-1075,Matheus Barbosa,Grace Taylor,Central,Australia,Online,PROD-123,Mouse,Office Supplies,2022-10-02 00:00:00,15,503.22,0.2,17.8,Cash,Completed,1.8,1301.71,29.0,Corporate,WH-03,No,1.0,Damaged,7548.3,1509.66,6038.64,6020.84,,,,,,,
ORD-10296,CUST-1098,Ramon Correia,Henry Moore,Central,Germany,Online,PROD-142,Coffee Maker,Electronics,2025-08-19 00:00:00,10,-50,0.136,89.07,Debit Card,Completed,3.6,3147.6,28.0,Enterprise,WH-02,Yes,9.0,Damaged,18104.1,2462.1576000000005,15641.942400000002,15552.872400000002,,,,,,,
ORD-10207,CUST-1314,Henrique Lima,Bob Smith,Central,Canada,Wholesale,PROD-105,Tablet,Food,2024-07-01 00:00:00,9,851.22,N/A,55.85,Bank Transfer,Completed,2.6,8937.85,40.0,Consumer,WH-01,No,4.0,Wrong Item,7660.98,1080.19818,6580.78182,6524.93182,,,,,,,
ORD-10595,CUST-1393,Natalia Almeida,Carla Davis,East,Germany,Wholesale,PROD-121,Coffee Maker,Furniture,2022-04-28 00:00:00,9,551.33,0.115,6.97,Credit Card,Completed,3.0,9791.33,30.0,Consumer,WH-04,No,11.0,Damaged,4961.97,570.6265500000001,4391.34345,4384.37345,,,Manual review,,,,
ORD-10273,CUST-1337,Eduardo Barbosa,Daniel Brown,East,UK,Wholesale,PROD-123,Laptop,Electronics,2022-03-29 00:00:00,0,1401.76,0.003,88.25,Debit Card,Completed,,8231.12,46.0,Small Business,WH-02,No,2.0,Wrong Item,21026.4,63.07920000000001,20963.3208,20875.0708,,,,,,,
ORD-10321,CUST-1162,Joao Rocha,Emma Wilson,East,Canada,Wholesale,PROD-147,Desk,Clothing,2024-04-29 00:00:00,13,465.86,0.195,33.84,Cash,Completed,3.5,2050.61,51.0,Small Business,WH-04,No,1.0,Customer Changed Mind,6056.18,1180.9551,4875.2249,4841.3849,,,,,,,
ORD-10247,CUST-1293,Caio Correia,Henry Moore,North,France,Retail,PROD-118,Headphones,CLOTHING,2023-10-10 00:00:00,12,220.68,0.125,8.54,Cash,Completed,1.7,2825.21,39.0,Enterprise,WH-04,No,12.0,,2648.16,331.02,2317.14,2308.6,,,,,,,
ORD-10969,CUST-1252,Amanda Almeida,Emma Wilson,South,Canada,Direct,PROD-144,Chair,,2024-09-01 00:00:00,13,1508.3,0.044,105.66,Bank Transfer,Completed,3.7,854.36,40.0,Consumer,WH-03,No,4.0,Customer Changed Mind,19607.9,862.7475999999998,18745.1524,18639.4924,,,,,,,
ORD-10855,CUST-1267,Bruno Pereira,Emma Wilson,Central,Germany,Online,PROD-108,Notebook,Clothing,2025-04-19 00:00:00,13,2460.56,0.007,28.27,Bank Transfer,Returned,5.0,3963.42,33.0,Enterprise,WH-01,Y,1.0,Customer Changed Mind,31987.28,223.91096,31763.36904,31735.09904,,,,,,,
ORD-10428,CUST-1091,Henrique Moraes,,Central,Brazil,Direct,PROD-119,Keyboard,Clothing,2025-01-17 00:00:00,20,1977.98,0.296,109.95,Cash,Completed,4.8,8567.8,45.0,Small Business,WH-01,No,3.0,,39559.6,11709.6416,27849.9584,27740.0084,,,,,,,
ORD-10698,CUST-1363,Caio Ferreira,,South,Brazil,Wholesale,PROD-134,Chair,Office Supplies,2025-11-04 00:00:00,19,1418.58,0.054,104.37,PayPal,Cancelled,2.8,6182.92,66.0,Small Business,WH-02,No,4.0,Customer Changed Mind,26953.02,1455.4630799999998,25497.556919999995,25393.18692,,,Manual review,,,,
ORD-10507,CUST-1246,Joao Dias,Grace Taylor,North,Germany,Online,PROD-142,Monitor,Office Supplies,2023-07-31 00:00:00,2,1797.53,0.175,61.07,Cash,Completed,4.4,3928.41,44.0,Consumer,WH-04,No,4.0,,3595.06,629.1355,2965.9245,2904.8545,,,,,,,
ORD-11195,CUST-1195,Rodrigo Freitas,Henry Moore,West,Australia,Wholesale,PROD-145,Headphones,Furniture,2022-07-27 00:00:00,10,1832.1,0.278,120.46,Debit Card,Completed,3.8,529.68,63.0,Small Business,WH-04,No,10.0,Wrong Item,18321.0,5093.238,13227.762,13107.302,,,,,,,
,,,,,,,,,,,,,,,,,,,,,,,,,,,,,,,,,,,
ORD-10744,CUST-1046,Carolina Silva,Emma Wilson,Central,Canada,Direct,PROD-113,Laptop,Clothing,21/05/2022,8,1389.74,0.21,84.16,PayPal,Completed,4.7,1424.17,50.0,Enterprise,WH-02,No,12.0,,11117.92,2334.7632,8783.1568,8698.9968,,,,,,,
ORD-10469,CUST-1123,Matheus Ribeiro,Daniel Brown,East,UK,Online,PROD-123,Desk,Office Supplies,2022-12-21 00:00:00,15,,-0.05,49.84,Credit Card,Completed,4.3,1507.36,55.0,Corporate,WH-04,No,3.0,,26362.95,3321.7317000000003,23041.2183,22991.3783,,,,,,,
ORD-10670,CUST-1252,Natalia Pereira,,East,Germany,Direct,PROD-102,Phone,Clothing,2022-12-25 00:00:00,19,320.57,4.3%,125.4,Bank Transfer,Completed,1.7,5960.65,47.0,Enterprise,WH-04,No,11.0,,6090.83,261.90569,5828.92431,5703.524310000001,,,,,,,
ORD-10818,CUST-1098,Murilo Freitas,Henry Moore,West,Australia,Direct,PROD-149,Headphones,Clothing,2024-09-03 00:00:00,12,2032.83,0.096,110.9,Bank Transfer,Completed,2.4,532.74,68.0,Small Business,WH-03,No,8.0,Wrong Item,24393.96,2341.82016,22052.13984,21941.23984,,,,,,,
ORD-11074,CUST-1334,Bianca Martins,Emma Wilson,East,Australia,Retail,PROD-141,Monitor,Electronics,2024-07-18 00:00:00,12,238.2,0.157,118.84,Cash,Completed,1.7,1849.02,49.0,Enterprise,WH-01,No,11.0,Damaged,2858.4,448.7688,2409.6312,2290.7912,,,,,,,
ORD-10828,CUST-1052,Juliana Ribeiro,Carla Davis,West,Canada,Online,PROD-138,Desk,Office Supplies,2025-03-17 00:00:00,20,1351.34,0.055,10.19,Credit Card,Completed,3.2,4575.45,72.0,Corporate,WH-03,No,5.0,Late Delivery,27026.8,1486.474,25540.326,25530.136,,,,,,,
ORD-10732,CUST-1302,Luana Ramos,Bob Smith,South,Australia,Direct,PROD-133,Chair,Furniture,2023-05-31 00:00:00,12,1979.04,0.065,70.22,Bank Transfer,Pending,4.7,6070.65,41.0,Corporate,WH-04,Yes,5.0,,23748.48,1543.6512,22204.8288,22134.6088,,,,,,,
ORD-10870,CUST-1074,Rafael Castro,Henry Moore,East,Brazil,Direct,PROD-106,Monitor,food,2025-11-30 00:00:00,7,375.94,0.229,39.17,PayPal,Completed,2.6,5244.12,74.0,Small Business,WH-04,No,9.0,Damaged,2631.58,602.6318200000001,2028.94818,1989.77818,,,,,,,
ORD-11118,CUST-1272,Gustavo Mendes,Emma Wilson,West,Canada,Retail,PROD-111,Notebook,Electronics,2024-07-06 00:00:00,17,1034.61,0.193,10.45,Bank Transfer,Completed,4.2,6962.02,42.0,Small Business,WH-04,No,5.0,,17588.37,3394.55541,14193.814589999998,14183.364589999996,,,,,,,
ORD-10417,CUST-1390,Mariana Nogueira,Carla Davis,Central,,Direct,PROD-126,Notebook,Food,2022-12-30 00:00:00,7,1756.36,0.044,47.0,PayPal,Returned,2.9,6199.47,64.0,Small Business,WH-01,No,8.0,Late Delivery,12294.52,540.9588799999999,11753.561119999998,11706.561119999998,,,,,,,
ORD-10053,CUST-1013,Beatriz Moraes,Grace Taylor,Central,USA,Direct,PROD-146,Coffee Maker,Clothing,2025-01-29 00:00:00,2,1457.98,0.259,99.88,Credit Card,Completed,,5590.36,20.0,Corporate,WH-04,Yes,5.0,Wrong Item,2915.96,755.23364,2160.72636,2060.84636,,,,,,,
ORD-10875,CUST-1293,Mariana Freitas,Grace Taylor,West,Brazil,Online,PROD-128,Chair,Office Supplies,2023-10-06 00:00:00,12,2430.56,0.159,79.01,Credit Card,Completed,4.6,1107.6,52.0,Small Business,WH-04,No,11.0,,29166.72,4637.50848,24529.21152,24450.20152,,,,,,,
ORD-10566,CUST-1042,Murilo Ribeiro,Emma Wilson,West,France,Retail,PROD-138,Mouse,furniture,2022-12-25 00:00:00,12,1468.9,0.044,33.66,Bank Transfer,Cancelled,2.3,2869.79,24.0,Small Business,WH-03,No,2.0,,17626.800000000003,775.5792000000001,16851.220800000003,16817.560800000003,,,,,,,
ORD-11104,CUST-1177,Manuela Lima,Bob Smith,Central,uk,Online,PROD-125,Notebook,Office Supplies,2022-04-16 00:00:00,20,1625.58,,36.88,Cash,Completed,1.9,2117.89,51.0,Corporate,WH-01,No,8.0,Customer Changed Mind,32511.6,9655.945199999998,22855.6548,22818.7748,,,,,,,
ORD-10161,CUST-1236,Renata Costa,Frank Miller,Central,,Wholesale,PROD-118,Tablet,Food,2025-03-22 00:00:00,10,1064.57,0.093,61.58,PayPal,Completed,1.3,8034.55,31.0,Enterprise,WH-01,No,4.0,,10645.7,990.0501,9655.6499,9594.0699,,,,,,,
ORD-10407,CUST-1245,Ramon Dias,  Grace Taylor ,North,Brazil,Retail,PROD-129,Notebook,Furniture,2023-09-13 00:00:00,19,1736.14,0.163,28.61,PayPal,Completed,3.0,9813.66,33.0,Consumer,WH-04,No,8.0,Damaged,32986.66,5376.825580000001,27609.834420000003,27581.22442,,,,,,,
ORD-10837,CUST-1050,Andre Costa,Daniel Brown,East,France,Online,PROD-102,Phone,Clothing,2025-01-16 00:00:00,19,N/A,0.125,79.11,Debit Card,Completed,3.9,6566.44,31.0,Small Business,WH-03,No,8.0,Damaged,4646.26,580.7825,4065.4775,3986.3675,,,,,,,
ORD-10654,CUST-1041,Beatriz Azevedo,Daniel Brown,East,France,Wholesale,PROD-120,Headphones,Electronics,2023-06-23 00:00:00,14,732.0,0.224,118.68,PayPal,Cancelled,3.2,6298.44,23.0,Small Business,WH-02,No,14.0,Late Delivery,10248.0,2295.552,7952.448,7833.768,,,,,,,
ORD-11003,CUST-1272,Thiago Azevedo,Emma Wilson,Central,UK,Retail,PROD-138,Tablet,Electronics,2025-06-10 00:00:00,6,393.92,0.231,130.99,Bank Transfer,Completed,4.9,7393.94,35.0,Consumer,WH-03,No,8.0,Wrong Item,2363.52,545.97312,1817.54688,1686.55688,,,,,,,
ORD-10474,CUST-1119,Gustavo Moraes,Bob Smith,Central,Australia,Wholesale,PROD-124,Chair,Food,2024-06-28 00:00:00,2,1064.95,0.101,143.97,Debit Card,Completed,2.9,6767.18,53.0,Small Business,WH-02,Yes,1.0,Late Delivery,2129.9,215.11990000000003,1914.7801,1770.8101,,,,,,,
ORD-10473,CUST-1144,Sofia Dias,Carla Davis,South,Canada,Online,PROD-135,Printer,Office Supplies,2023-08-03 00:00:00,16,1077.19,0.152,44.9,PayPal,Pending,1.8,6702.63,72.0,Corporate,WH-01,No,9.0,Late Delivery,17235.04,2619.72608,14615.31392,14570.41392,,,,,,,
,,,,,,,,,,,,,,,,,,,,,,,,,,,,,,,,,,,
ORD-10608,CUST-1267,Priscila Lima,Daniel Brown,East,Canada,Wholesale,PROD-118,Tablet,Furniture,2023-04-13 00:00:00,2,1477.83,0.016,142.19,Credit Card,Pending,2.0,5762.73,57.0,Small Business,WH-04,No,10.0,,2955.66,47.29056,2908.36944,2766.17944,,,,,,,
ORD-10505,CUST-1277,Diego Cardoso,Frank Miller,West,USA,Direct,PROD-140,Printer,Electronics,2024-12-11 00:00:00,12,1652.0,0.149,81.04,Cash,Completed,,2158.28,71.0,Small Business,WH-02,No,4.0,Late Delivery,19824.0,2953.776,16870.224000000002,16789.184,,,,,,,
ORD-10615,CUST-1360,Rodrigo Vieira,Frank Miller,North,USA,Retail,PROD-124,Monitor,Electronics,2025-08-25 00:00:00,18,1681.5,0.104,110.98,Cash,Completed,4.5,2678.55,19.0,Consumer,WH-01,No,8.0,Damaged,30267.0,3147.768,27119.232,27008.252,,,,,,,
ORD-10570,CUST-1011,Luana Pereira,Grace Taylor,South,Brazil,Retail,PROD-113,Coffee Maker,furniture,2024-01-17 00:00:00,18,USD 902.91,0.086,111.54,Cash,Cancelled,3.3,633.82,46.0,Consumer,WH-01,No,3.0,Customer Changed Mind,16252.38,1397.7046799999998,14854.675319999998,14743.135319999998,,,,,,,
ORD-10775,CUST-1227,Amanda Pereira,Emma Wilson,South,Australia,Retail,PROD-104,Phone,Electronics,2025-11-21 00:00:00,2,960.36,0.093,149.16,,Completed,4.8,4744.75,67.0,Small Business,WH-01,No,5.0,Late Delivery,1920.72,178.62696,1742.09304,1592.93304,,,,,,,
ORD-10980,CUST-1385,Priscila Castro,Carla Davis,East,Brazil,Direct,PROD-125,Chair,Food,2024-11-12 00:00:00,13,2068.12,0.155,20.42,Debit Card,Completed,1.8,6525.83,61.0,Enterprise,WH-02,No,5.0,Damaged,26885.56,4167.261799999999,22718.2982,22697.8782,,,,,,,
ORD-10604,CUST-1150,Henrique Oliveira,Alice Johnson,East,Canada,Wholesale,PROD-143,Laptop,Clothing,2023-01-25 00:00:00,2,1927.75,0.055,54.95,Cash,Returned,2.3,4238.18,35.0,Consumer,WH-01,Yes,6.0,,3855.5,212.0525,3643.4475,3588.4975000000004,,,,,,,
ORD-10124,CUST-1267,Carolina Ribeiro,Emma Wilson,North,Brazil,Direct,PROD-134,Phone,Office Supplies,2025-08-22 00:00:00,17,34.69,0.241,70.59,Bank Transfer,Returned,1.3,9902.86,41.0,Enterprise,WH-04,No,5.0,,589.73,142.12493,447.60507,377.01507,,,,,,,
ORD-10360,CUST-1191,Bianca Ferreira,Emma Wilson,Central,Canada,Retail,PROD-100,Phone,Electronics,2025-01-30 00:00:00,9,895.47,0.194,10.25,Debit Card,Completed,4.1,779.55,51.0,Small Business,WH-04,Yes,2.0,Customer Changed Mind,8059.23,1563.49062,6495.739380000001,6485.489380000001,,,,,,,
ORD-11185,CUST-1014,Patricia Vieira,Carla Davis,North,France,Retail,PROD-108,Tablet,Food,2022-04-07 00:00:00,15,1440.14,0.01,120.49,Bank Transfer,Completed,3.2,7889.96,45.0,Consumer,WH-02,No,13.0,,21602.1,216.021,21386.079,21265.589,,,,,,,
ORD-10227,CUST-1129,Lucas Almeida,Frank Miller,North,UK,Direct,PROD-131,Phone,Office Supplies,2022-01-19 00:00:00,19,62.75,0.044,85.36,Credit Card,Returned,1.5,9455.27,60.0,Enterprise,WH-02,No,9.0,Wrong Item,1192.25,52.459,1139.791,1054.431,,,,,,,
ORD-10504,CUST-1068,Juliana Moraes,Henry Moore,East,France,Wholesale,PROD-131,Desk,Electronics,2023-08-08 00:00:00,9,271.68,0.216,123.42,PayPal,Completed,3.6,721.56,39.0,Consumer,WH-03,No,14.0,,2445.12,528.1459199999999,1916.97408,1793.55408,,,,,,,
ORD-10463,CUST-1354,Camila Dias,Bob Smith,South,UK,Retail,PROD-134,Notebook,,2025-04-21 00:00:00,19,614.36,0.177,121.23,Cash,Completed,2.5,4417.02,21.0,Corporate,WH-03,Yes,4.0,,11672.84,2066.09268,9606.74732,9485.51732,,,,,,,
ORD-10858,CUST-1388,Juliana Teixeira,Henry Moore,North,Australia,Wholesale,PROD-141,Tablet,Clothing,2025-01-08 00:00:00,20,1560.95,0.214,36.34,PayPal,Returned,1.5,1940.89,72.0,Corporate,WH-03,No,7.0,Customer Changed Mind,31219.0,6680.866,24538.134,24501.794,,,,,,,
ORD-10798,CUST-1004,Matheus Barbosa,Daniel Brown,East,Australia,Wholesale,PROD-106,Chair,  Electronics ,2024-06-20 00:00:00,5,2023.54,0.163,106.0,Cash,Pending,1.3,4466.84,62.0,Corporate,WH-01,No,3.0,Damaged,10117.7,1649.1851,8468.5149,8362.5149,,,,,,,
ORD-11004,CUST-1230,Isabela Cardoso,Grace Taylor,Central,Uk,Direct,PROD-109,Coffee Maker,Office Supplies,2023-10-25 00:00:00,1,520.08,0.001,55.93,Debit Card,Pending,3.1,1208.83,61.0,Consumer,WH-02,Yes,14.0,,520.08,0.5200800000000001,519.55992,463.62992,,,,,,,
ORD-10370,CUST-1379,Laura Rocha,Bob Smith,North,France,Wholesale,PROD-118,Laptop,Electronics,2025-09-06 00:00:00,4,919.31,0.02,111.45,Debit Card,Returned,2.4,3261.33,32.0,Consumer,WH-02,No,14.0,Damaged,3677.24,73.5448,3603.6952,3492.2452,,,,,,,
ORD-10745,CUST-1232,Vinicius Martins,Emma Wilson,Central,Germany,Online,PROD-107,Keyboard,Office Supplies,2025-07-12 00:00:00,13,2260.96,0.234,57.59,Cash,Completed,4.8,2909.31,60.0,Corporate,WH-04,No,6.0,Damaged,29392.48,6877.84032,22514.63968,22457.04968,,,,,,,
,,Pedro Castro,,,,,,,,,,,,,,,,,,,,,,,,,,,,,,,,,
ORD-11114,CUST-1320,Leticia Rocha,Frank Miller,North,,Direct,PROD-118,  Keyboard ,Clothing,2023-12-12 00:00:00,15,2286.53,0.122,52.0,Debit Card,Completed,4.9,6374.36,72.0,Small Business,WH-02,No,5.0,Wrong Item,34297.950000000004,4184.3499,30113.600100000003,30061.600100000003,,,,,,,
ORD-10804,CUST-1223,Vinicius Silva,Bob Smith,West,Australia,Retail,PROD-103,Headphones,Clothing,2022-02-18 00:00:00,3,204.24,0.058,22.69,Bank Transfer,Cancelled,2.7,9202.46,18.0,Consumer,WH-01,Yes,9.0,Damaged,612.72,35.537760000000006,577.18224,554.4922399999999,,,,,,,
ORD-11085,CUST-1211,Camila Gomes,Emma Wilson,North,Australia,Retail,PROD-130,Monitor,Office Supplies,2025-03-30 00:00:00,13,1749.27,0.135,108.99,Debit Card,Completed,3.2,1855.11,34.0,Corporate,WH-03,No,1.0,Damaged,22740.51,3069.96885,19670.54115,19561.55115,,,,,,,
ORD-10771,CUST-1027,Fernanda Freitas,Carla Davis,South,Canada,Retail,PROD-105,Headphones,Electronics,2023-05-13 00:00:00,19,862.91,0.246,68.8,PayPal,Completed,2.8,3231.93,28.0,Corporate,WH-01,No,14.0,Late Delivery,16395.29,4033.24134,12362.04866,12293.24866,,,,,,,
ORD-11030,CUST-1005,Bruno Santana,Carla Davis,East,Germany,Retail,PROD-112,Phone,Food,2022-02-24 00:00:00,8,472.44,0.21,10.6,Debit Card,Returned,4.7,562.63,33.0,Consumer,WH-02,No,7.0,,3779.52,793.6992,2985.8208,2975.2208,,,,,,,
ORD-10058,CUST-1385,Diego Teixeira,Emma Wilson,Central,Australia,Online,PROD-132,Phone,Electronics,2022-10-04 00:00:00,3,866.93,0.172,69.89,Debit Card,Completed,2.6,9879.77,60.0,Consumer,WH-02,Yes,10.0,Customer Changed Mind,2600.79,447.33588,2153.45412,2083.56412,,,,,,,
ORD-10149,CUST-1041,Priscila Correia,Daniel Brown,West,Canada,Retail,PROD-106,Headphones,Electronics,2023-03-21 00:00:00,8,649.96,,140.33,Debit Card,Completed,2.3,7126.46,54.0,Corporate,WH-02,No,3.0,Customer Changed Mind,5199.68,571.9648000000001,4627.715200000001,4487.385200000001,,,,,,,
ORD-11180,CUST-1133,Beatriz Barbosa,Emma Wilson,Central,France,Direct,PROD-147,Desk,Food,2023-04-20 00:00:00,15,2327.89,0.295,110.51,Debit Card,Completed,,9055.96,70.0,Consumer,WH-03,Yes,1.0,,34918.35,10300.91325,24617.43675,24506.92675,,,,,,,
ORD-10439,CUST-1124,Rodrigo Azevedo,Alice Johnson,South,UK,Retail,PROD-144,Desk,Electronics,2023-01-24 00:00:00,14,408.19,0.219,133.49,Cash,Pending,2.8,1200.24,72.0,Enterprise,WH-04,Yes,13.0,Late Delivery,5714.66,1251.51054,4463.14946,4329.65946,,,,,,,
ORD-10133,CUST-1213,Clara Dias,Carla Davis,East,Canada,Retail,PROD-125,Keyboard,Electronics,2025-11-03 00:00:00,15,,0.142,6.91,Bank Transfer,Pending,4.9,4909.86,27.0,Enterprise,WH-04,Yes,9.0,Late Delivery,23559.45,3345.4419,20214.0081,20207.0981,,,,,,,
ORD-10664,CUST-1330,Aline Freitas,Bob Smith,East,UK,Wholesale,PROD-144,Chair,Office Supplies,2022-09-28 00:00:00,11,562.7,10%,21.76,PayPal,Pending,3.8,6225.71,28.0,Enterprise,WH-01,No,9.0,Customer Changed Mind,6189.700000000001,1244.1297000000002,4945.5703,4923.8103,,,,,,,
ORD-11011,CUST-1211,Vinicius Ramos,Daniel Brown,Central,Brazil,Direct,PROD-116,Phone,Office Supplies,,8,2382.51,,99.53,,Completed,3.3,513.62,60.0,Corporate,WH-03,No,3.0,Customer Changed Mind,19060.08,2820.89184,16239.188160000002,16139.65816,,,,,,,
ORD-10792,CUST-1009,Carolina Freitas,Emma Wilson,Central,Germany,Retail,PROD-133,Monitor,Clothing,2023-03-09 00:00:00,17,288.12,0.003,11.16,bank transfer,Completed,1.3,3490.19,48.0,Corporate,WH-04,No,14.0,Customer Changed Mind,4898.04,14.69412,4883.34588,4872.18588,,,,,,,
ORD-10379,CUST-1187,Felipe Ferreira,Alice Johnson,North,Australia,Retail,PROD-115,Notebook,Food,2022-09-28 00:00:00,16,-50,0.256,126.37,Debit Card,Completed,1.4,3239.24,thirty-two,Corporate,WH-02,No,6.0,,39484.32,10107.98592,29376.33408,29249.96408,,,,,,,
ORD-10314,CUST-1152,Clara Gomes,Emma Wilson,North,France,Retail,PROD-131,Printer,Office Supplies,2024-09-29 00:00:00,9,2285.82,0.216,133.89,Debit Card,Completed,1.7,9751.48,52.0,Corporate,WH-03,Yes,7.0,Customer Changed Mind,20572.38,4443.63408,16128.74592,15994.855920000002,,,,,,,
ORD-11197,CUST-1321,Isabela Santana,Daniel Brown,West,USA,Direct,PROD-111,Monitor,,2024-11-22 00:00:00,5,2052.14,0.052,56.53,Credit Card,Pending,2.0,8830.75,55.0,Enterprise,WH-01,No,14.0,Damaged,10260.7,533.5563999999999,9727.1436,9670.6136,,,,,,,
ORD-11059,CUST-1228,Vinicius Mendes,Carla Davis,Central,Australia,Direct,PROD-116,Coffee Maker,Electronics,2023-07-27 00:00:00,15,587.69,0.055,56.51,Debit Card,Returned,1.5,4948.9,71.0,Enterprise,WH-02,No,10.0,Customer Changed Mind,8815.35,484.8442500000001,8330.50575,8273.99575,,,,,,,
ORD-10062,CUST-1263,Sofia Ferreira,Bob Smith,North,Brazil,Direct,PROD-134,Keyboard,Furniture,2025-09-02 00:00:00,10,604.01,0.075,28.64,Debit Card,Completed,2.8,9974.98,23.0,Consumer,WH-01,No,12.0,Customer Changed Mind,6040.1,453.0075,5587.092500000001,5558.4525,,,,,,,
ORD-10913,CUST-1335,Gustavo Souza,Bob Smith,West,UK,Online,PROD-139,Coffee Maker,Clothing,22/07/2025,17,404.69,0.106,0.91,Debit Card,Cancelled,2.3,8629.7,56.0,Enterprise,WH-04,No,1.0,Wrong Item,6879.73,729.2513799999999,6150.47862,6149.56862,,,,,,,
ORD-10472,CUST-1146,Priscila Almeida  ,Alice Johnson,Central,Brazil,Retail,PROD-100,Mouse,  Furniture ,2024-09-14 00:00:00,6,349.97,0.082,17.57,PayPal,Cancelled,4.3,572.69,73.0,Consumer,WH-01,No,3.0,Customer Changed Mind,2099.82,172.18524000000002,1927.63476,1910.06476,,,,,,,
ORD-10500,CUST-1384,Ramon Freitas,Daniel Brown,West,Brazil,Wholesale,PROD-144,Chair,Food,2024-02-17 00:00:00,10,914.78,0.108,127.29,Credit Card,Cancelled,3.8,3747.44,60.0,Small Business,WH-03,No,11.0,,9147.8,987.9624,8159.837599999999,8032.547599999999,,,,,,,
ORD-10253,CUST-1394,Murilo Almeida,Carla Davis,West,UK,Retail,PROD-103,Headphones,Clothing,2024-07-28 00:00:00,14,757.21,0.281,15.29,Credit Card,Completed,2.7,760.02,64.0,Consumer,WH-02,Yes,3.0,,10600.94,2978.8641400000006,7622.07586,7606.78586,,,,,,,
ORD-10240,CUST-1197,felipe pereira,Emma Wilson,North,Canada,Wholesale,PROD-134,Phone,Electronics,2025-03-08 00:00:00,13,392.58,0.016,136.73,Bank Transfer,Completed,4.7,3208.98,27.0,Consumer,WH-04,No,3.0,,5103.54,81.65664,5021.88336,4885.15336,,,,,,,
ORD-10675,CUST-1167,Natalia Azevedo,Alice Johnson,North,France,Wholesale,PROD-100,Notebook,Clothing,2025-07-08 00:00:00,6,352.2,0.046,132.99,Bank Transfer,Completed,2.1,2802.04,64.0,Enterprise,WH-01,No,7.0,Damaged,2113.2,97.2072,2015.9928,1883.0028,,,,,,,
ORD-10489,CUST-1121,Joao Teixeira,Grace Taylor,North,Canada,Direct,PROD-100,Headphones,Office Supplies,2024-02-20 00:00:00,7,1779.27,0.055,70.47,Cash,Completed,3.7,1925.18,53.0,Consumer,WH-02,No,14.0,Late Delivery,12454.89,685.01895,11769.87105,11699.40105,,,,,,,
ORD-10807,CUST-1266,Manuela Oliveira,Frank Miller,Central,Australia,Retail,PROD-142,Notebook,Office Supplies,2023-03-10 00:00:00,20,1412.5,0.135,29.29,Bank Transfer,Completed,4.9,1427.78,18.0,Small Business,WH-04,No,14.0,Wrong Item,28250.0,3813.750000000001,24436.25,24406.96,,,,,,,
ORD-10218,CUST-1385,Andre Azevedo,Alice Johnson,East,USA,Online,PROD-148,Desk,Clothing,2025-08-26 00:00:00,16,297.03,0.144,80.32,PayPal,Completed,2.5,1292.8,45.0,Small Business,WH-02,No,1.0,Wrong Item,4752.48,684.3571199999999,4068.12288,3987.80288,,,,,,,
ORD-10448,CUST-1270,Caio Freitas,Bob Smith,west,USA,Direct,PROD-140,Headphones,Office Supplies,2025-11-10 00:00:00,6,1543.96,0.151,87.08,PayPal,Completed,1.9,9669.99,53.0,Enterprise,WH-04,True,7.0,Customer Changed Mind,9263.76,1398.82776,7864.93224,7777.85224,,,,,,,
ORD-10263,CUST-1147,Priscila Gomes  ,Emma Wilson,North,Brazil,Wholesale,PROD-108,Desk,Office Supplies,2025-01-01 00:00:00,3,1640.26,0.293,98.64,PayPal,Completed,2.4,7402.31,28.0,Corporate,WH-01,NO,13.0,,4920.78,1441.7885399999998,3478.99146,3380.3514600000003,,,,,,,
ORD-11086,CUST-1224,Sofia Dias,Daniel Brown,East,Canada,Retail,PROD-103,Monitor,Food,2022-10-16 00:00:00,9,2304.86,0.086,76.46,PayPal,Pending,4.8,8217.37,44.0,Small Business,WH-01,Yes,8.0,Late Delivery,20743.74,1783.96164,18959.77836,18883.31836,,,,,,,
ORD-11047,CUST-1330,Rafael Teixeira,Alice Johnson,Central,Canada,Retail,PROD-139,Laptop,Food,2025-11-11 00:00:00,8,1767.39,0.191,30.8,Debit Card,Completed,3.0,3264.56,55.0,Consumer,WH-03,No,6.0,Wrong Item,14139.12,2700.5719200000003,11438.54808,11407.74808,,,,,,,
ORD-10849,CUST-1249,Gustavo Azevedo,Carla Davis,North,Germany,Retail,PROD-149,Headphones,Clothing,2024-03-24 00:00:00,6,358.17,0.273,116.0,Cash,Completed,1.0,7158.83,30.0,Corporate,WH-04,Yes,12.0,Customer Changed Mind,2149.02,586.68246,1562.33754,1446.33754,,,,,,,
ORD-10627,CUST-1176,Carolina Ferreira,,Central,usa,Direct,PROD-112,Coffee Maker,Clothing,2025-07-27 00:00:00,13,2071.97,0.1,39.87,Bank Transfer,Completed,1.6,2870.09,52.0,Consumer,WH-04,Yes,10.0,,26935.61,2693.561,24242.049,24202.179,,,,,,,
ORD-10080,CUST-1269,Beatriz Moreira,,South,France,Retail,PROD-124,Phone,Clothing,2024-01-05 00:00:00,12,1022.31,0.002,25.26,Bank Transfer,Completed,2.8,1570.76,72.0,Corporate,WH-04,No,9.0,Wrong Item,12267.72,24.53544,12243.18456,12217.92456,,,,,,,
ORD-10669,CUST-1073,Aline Moraes,Grace Taylor,Central,USA,Direct,PROD-134,Monitor,Office Supplies,2024-09-12 00:00:00,4,849.91,0.13,115.21,Debit Card,Completed,2.5,6365.84,41.0,Small Business,WH-03,No,7.0,Wrong Item,3399.64,441.9532,2957.6868,2842.4768,,,,,,,
,,Rafael Castro,,,,,,,,,,,,,,,,,,,,,,,,,,,,,,,,,
ORD-10646,CUST-1378,Mariana Souza,Daniel Brown,East,Canada,Wholesale,PROD-133,Tablet,Office Supplies,2025-02-08 00:00:00,4,1493.31,0.058,32.62,PayPal,Completed,4.2,1912.54,47.0,Enterprise,WH-03,YES,2.0,Damaged,5973.24,346.44792,5626.79208,5594.17208,,,,,,,
ORD-11042,CUST-1197,Felipe Vieira,Frank Miller,Central,France,Wholesale,PROD-142,Mouse,Clothing,2024-05-14 00:00:00,12,1171.52,0.096,139.15,Credit Card,Completed,3.2,5459.01,42.0,Small Business,WH-04,No,6.0,Damaged,14058.24,1349.59104,12708.64896,12569.49896,,,,,,,
ORD-10292,CUST-1036,Matheus Dias,Grace Taylor,West,UK,Direct,PROD-113,Desk,Furniture,2025-03-27 00:00:00,17,600.72,0.218,123.16,PayPal,Completed,4.5,3722.07,28.0,Enterprise,WH-04,No,1.0,Wrong Item,10212.24,2226.26832,7985.97168,7862.81168,,,,,,,
ORD-10256,CUST-1096,Rodrigo Gomes,Frank Miller,North,Brazil,Direct,PROD-144,Phone,Clothing,2023-03-12 00:00:00,19,346.12,0.01,40.67,Credit Card,Cancelled,4.9,2156.69,40.0,Enterprise,WH-04,No,5.0,,6576.28,65.7628,6510.517199999999,6469.847199999999,,,,,,,
ORD-10009,CUST-1214,Joao Monteiro,Daniel Brown,West,Germany,Wholesale,PROD-118,Mouse,Office Supplies,2024-10-13 00:00:00,3,N/A,0.01,47.54,Bank Transfer,Completed,4.3,3399.11,51.0,Consumer,WH-04,No,14.0,Damaged,4950.06,49.5006,4900.559399999999,4853.019399999999,,,,,,,
ORD-10158,CUST-1387,Bruno Correia,Emma Wilson,North,UK,Direct,PROD-107,Phone,Clothing,2024-01-23 00:00:00,-5,1665.96,0.194,96.53,PayPal,Completed,2.3,9410.92,27.0,Enterprise,WH-02,No,11.0,Damaged,21657.48,4201.55112,17455.92888,17359.39888,,,,,,,
ORD-10941,CUST-1232,Henrique Carvalho,Grace Taylor,East,UK,Online,PROD-116,Tablet,Electronics,2022-01-23 00:00:00,6,158.8,0.198,62.21,Credit Card,Completed,4.6,3451.69,74.0,Corporate,WH-04,Yes,10.0,Customer Changed Mind,952.8,188.6544,764.1456000000001,701.9356,,,,,,,
ORD-10280,CUST-1262,Matheus Lima,Frank Miller,East,Brazil,Direct,PROD-115,Printer,Food,2025-11-06 00:00:00,7,1633.27,0.193,51.98,Debit Card,Cancelled,3.7,5232.41,49.0,Consumer,WH-04,No,6.0,Late Delivery,11432.89,2206.54777,9226.342229999998,9174.36223,,,,,,,
ORD-10085,CUST-1251,Bianca Moraes,Bob Smith,South,USA,Online,PROD-117,Tablet,Electronics,2024-09-18 00:00:00,5,284.69,0.252,19.82,bank transfer,Completed,2.7,6517.59,67.0,Corporate,WH-01,No,2.0,Damaged,1423.45,358.7094,1064.7406,1044.9206,,,,,,,
ORD-10876,CUST-1305,Joao Vieira  ,Bob Smith,North,France,Wholesale,PROD-121,Phone,Furniture,2025-09-21 00:00:00,1,40.62,0.087,54.21,Debit Card,Completed,1.1,5603.43,19.0,Enterprise,WH-03,No,7.0,Late Delivery,40.62,3.5339399999999994,37.08606,-17.123940000000005,,,,,,,
ORD-10725,CUST-1133,Murilo Castro,Frank Miller,South,Brazil,Wholesale,PROD-139,Tablet,Office Supplies,2024-01-04 00:00:00,1,"$1,114.79",0.213,132.77,Bank Transfer,Cancelled,1.7,5472.04,37.0,Enterprise,WH-02,Yes,8.0,Late Delivery,1114.79,237.45027,877.3397299999999,744.5697299999999,,,,,,,
ORD-10155,CUST-1240,Rafael Castro,Frank Miller,East,UK,Direct,PROD-105,Headphones,Furniture,2022-10-02 00:00:00,4,2356.79,0.191,5.21,,Completed,4.8,9524.07,61.0,Small Business,WH-02,Yes,2.0,Damaged,9427.16,1800.58756,7626.57244,7621.36244,,,,,,,
ORD-10233,CUST-1384,Renata Freitas,Emma Wilson,North,USA,Direct,PROD-146,Monitor,Electronics,2024-05-03 00:00:00,3,850.79,0.054,122.92,Cash,Completed,4.5,7354.38,65.0,Enterprise,WH-01,No,6.0,Late Delivery,2552.37,137.82798,2414.54202,2291.62202,,,,,,,
ORD-10979,CUST-1215,Henrique Ramos,Grace Taylor,West,France,Direct,PROD-128,Phone,,not a date,7,1130.01,0.052,49.1,Cash,Completed,3.6,1430.95,43.0,Corporate,WH-01,No,11.0,Customer Changed Mind,7910.07,411.32364,7498.74636,7449.64636,,,,,,,
ORD-10605,CUST-1189,Bruno Costa,Emma Wilson,North,USA,Direct,PROD-134,Laptop,Electronics,2022-09-01 00:00:00,1,1556.45,0.039,5.52,Bank Transfer,Completed,1.5,1034.56,35.0,Enterprise,WH-01,No,13.0,,1556.45,60.701550000000005,1495.74845,1490.22845,,,,,,,
ORD-10270,CUST-1307,Felipe  Lima,Daniel Brown,Central,France,Wholesale,PROD-133,Desk,Clothing,2023-07-05 00:00:00,9,1959.43,0.26,100.64,Bank Transfer,Completed,,6676.48,39.0,Consumer,WH-02,YES,12.0,Wrong Item,17634.87,4585.0662,13049.803799999998,12949.163799999998,,,,,,,
ORD-10081,CUST-1350,Lucas Monteiro,Daniel Brown,East,UK,Online,PROD-141,Monitor,Furniture,2023-09-13 00:00:00,4,1629.69,0.013,115.12,Bank Transfer,Completed,2.4,5125.77,45.0,Small Business,WH-03,No,6.0,Damaged,6518.76,84.74388,6434.01612,6318.89612,,,,,,,
ORD-10616,CUST-1285,Eduardo Almeida,Emma Wilson,East,Brazil,Online,PROD-115,Tablet,Furniture,2024-05-09 00:00:00,4,1151.41,0.006,76.51,Bank Transfer,Completed,3.7,4475.12,34.0,Small Business,WH-03,No,8.0,Wrong Item,4605.64,27.633840000000003,4578.00616,4501.49616,,,,,,,
ORD-10628,CUST-1099,Daniel Ferreira,Bob Smith,West,France,DIRECT,PROD-106,Chair,Food,2023-06-22 00:00:00,16,1346.74,0.12,22.66,PayPal,Cancelled,2.3,2218.57,65.0,Enterprise,WH-04,No,3.0,Customer Changed Mind,21547.84,2585.7408,18962.0992,18939.4392,,,,,,,
ORD-10044,CUST-1306,Fernanda Ferreira,Emma Wilson,East,Australia,Direct,PROD-110,Printer,Food,2024-11-17 00:00:00,12,1431.23,0.025,59.29,Credit Card,Completed,1.5,1706.7,64.0,Consumer,WH-02,No,7.0,Late Delivery,17174.760000000002,429.3690000000001,16745.391000000003,16686.101000000002,,,,,,,
ORD-10691,CUST-1216,Mariana Silva,Henry Moore,West,Brazil,Retail,PROD-134,Chair,Electronics,2022-09-01 00:00:00,6,640.73,0.127,57.1,Credit Card,Completed,1.0,6812.88,49.0,Corporate,WH-03,No,5.0,Damaged,3844.38,488.23626,3356.14374,3299.04374,,,,,,,
ORD-10198,CUST-1197,Aline Oliveira,Henry Moore,East,France,Online,PROD-117,Headphones,Electronics,2022-11-26 00:00:00,9,70.61,0.18,33.82,Credit Card,Completed,,1319.53,,Consumer,WH-01,No,11.0,Wrong Item,635.49,114.3882,521.1018,487.2818,,,,,,,
ORD-10435,CUST-1152,Amanda Barbosa,Daniel Brown,Central,Germany,Wholesale,PROD-120,Coffee Maker,  Furniture ,2025-05-17 00:00:00,15,2131.11,0.128,8.0,Credit Card,Cancelled,4.6,2597.58,65.0,Corporate,WH-02,No,14.0,Late Delivery,31966.65,4091.7312,27874.9188,27866.9188,,,,,,,
ORD-11147,CUST-1290,DANIEL COSTA,  Frank Miller , ,France,Wholesale,PROD-106,Notebook,Clothing,2023-03-16 00:00:00,15,48.49,0.161,51.81,Bank Transfer,Completed,2.7,3244.96,57.0,Enterprise,WH-02,No,12.0,Wrong Item,727.35,117.10335,610.24665,558.4366500000001,,,,,,,
ORD-11150,CUST-1004,Beatriz Rocha,Alice Johnson,West,Australia,Direct,PROD-142,Desk,Furniture,2024-09-03 00:00:00,11,1574.64,0.193,125.6,Cash,Completed,1.3,5016.28,55.0,Consumer,WH-02,No,12.0,,17321.04,3342.96072,13978.079280000002,13852.47928,,,,,,,
ORD-10842,CUST-1287,Juliana Dias,Frank Miller,Central,France,Online,PROD-139,Laptop,Electronics,2023-06-23 00:00:00,2,1755.78,0.267,45.03,Credit Card,Completed,4.3,2042.51,28.0,Enterprise,WH-01,No,12.0,Customer Changed Mind,3511.56,937.58652,2573.97348,2528.9434799999995,,,,,,,
ORD-11084,CUST-1274,Renata Ribeiro,Alice Johnson,West,UK,Retail,PROD-128,Tablet,Office Supplies,2023-05-27 00:00:00,13,1199.07,0.031,134.87,PayPal,Completed,2.5,7994.27,59.0,Consumer,WH-03,Yes,2.0,Damaged,15587.91,483.22521,15104.68479,14969.81479,,,,,,,
ORD-10329,CUST-1303,Larissa Teixeira,Frank Miller,West,Australia,RETAIL,PROD-138,Monitor,Electronics,2023-07-12 00:00:00,10,2355.87,0.091,46.32,Cash,Completed,1.2,8075.05,44.0,Enterprise,WH-02,No,8.0,Damaged,23558.7,2143.8416999999995,21414.8583,21368.5383,,,,,,,
ORD-11099,CUST-1355,Priscila Vieira,Daniel Brown,North,Germany,Online,PROD-118,Phone,Furniture,2024-04-12 00:00:00,20,,0.194,84.23,Cash,Cancelled,5.0,9439.76,21.0,Consumer,WH-03,Yes,5.0,Wrong Item,28988.0,5623.6720000000005,23364.328,23280.098,,,,,,,
ORD-10697,CUST-1274,Gustavo Ferreira,Emma Wilson,East,Brazil,Retail,PROD-146,Chair,ELECTRONICS,2024-06-25 00:00:00,16,1966.87,0.283,45.81,Cash,Pending,4.1,3515.93,20.0,Enterprise,WH-04,No,8.0,,31469.92,8905.98736,22563.93264,22518.12264,,,Manual review,,,,
ORD-10799,CUST-1118,Caio Monteiro,Henry Moore,North,France,Wholesale,PROD-100,Headphones,Furniture,2024-03-03 00:00:00,3,CONFIDENTIAL,0.118,133.95,Bank Transfer,Completed,3.4,6823.82,45.0,Enterprise,WH-01,Yes,1.0,Customer Changed Mind,1851.12,218.43216,1632.6878399999998,1498.7378399999998,,,,,,,
ORD-10545,CUST-1015,Sofia Moraes,Bob Smith,East,Canada,direct,PROD-102,Phone,Furniture,16/01/2023,9,109.34,0.117,59.54,Bank Transfer,Pending,2.6,3233.67,59.0,Enterprise,WH-01,No,5.0,Late Delivery,984.06,115.13502,868.92498,809.38498,,,,,,,
ORD-11076,CUST-1391,Joao Gomes,Henry Moore,East,USA,Wholesale,PROD-119,Laptop,Electronics,2024-07-17 00:00:00,16,409.78,0.029,91.56,Credit Card,Completed,3.7,8699.15,34.0,Corporate,WH-03,No,4.0,Customer Changed Mind,6556.48,190.13792,6366.342079999999,6274.782079999999,,,,,,,
ORD-10840,CUST-1259,Aline Correia,Bob Smith,South,Brazil,Online,PROD-141,Monitor,Furniture,2025-11-06 00:00:00,13,1493.59,0.092,105.34,PayPal,Completed,,8527.02,59.0,Enterprise,WH-01,No,7.0,Customer Changed Mind,19416.67,1786.3336399999998,17630.336359999998,17524.996359999997,,,,,,,
ORD-10726,CUST-1057,Murilo Freitas,Carla Davis,Central,UK,Wholesale,PROD-131,Keyboard,Clothing,2022-04-01 00:00:00,19,1672.88,0.091,6.74,PayPal,Completed,4.6,8897.71,27.0,Corporate,WH-02,No,10.0,,31784.72,2892.40952,28892.31048,28885.57048,,,,,,,
ORD-11155,CUST-1131,Natalia Castro,Grace Taylor,North,Australia,Online,PROD-132,Laptop,Furniture,2024-09-19 00:00:00,14,655.28,0.144,50.13,Cash,Pending,1.9,4051.48,51.0,Consumer,WH-04,No,6.0,Customer Changed Mind,9173.92,1321.04448,7852.87552,7802.745519999999,,,,,,,
ORD-10862,CUST-1111,  Daniel Moreira,Frank Miller,West,USA,Wholesale,PROD-126,Notebook, ,2023-04-18 00:00:00,5,2312.03,0.185,118.04,PayPal,Completed,2.1,4045.92,60.0,Corporate,WH-03,No,10.0,Damaged,11560.15,2138.62775,9421.522250000002,9303.48225,,,,,,,
ORD-10251,CUST-1097,Thiago Pereira,Daniel Brown,Central,France,Direct,PROD-119,Phone,Office Supplies,2024-12-06 00:00:00,14,595.85,0.181,42.89,Bank Transfer,Completed,1.1,2192.26,60.0,Corporate,WH-02,No,12.0,Damaged,8341.9,1509.8838999999998,6832.0161,6789.1261,,,,,,,
ORD-10347,CUST-1282,Thiago Santos,Grace Taylor,West,Australia,Online,PROD-149,Headphones,Furniture,2024-04-04 00:00:00,12,364.54,0.201,109.68,Cash,Cancelled,4.7,4123.96,58.0,Small Business,WH-04,No,6.0,,4374.4800000000005,879.2704800000001,3495.2095200000003,3385.5295200000005,,,,,,,
ORD-10458,CUST-1261,Sofia Ferreira,Bob Smith,South,Canada,Wholesale,PROD-110,Desk,Furniture,2023-04-09 00:00:00,12,2020.87,0.202,88.41,Bank Transfer,Cancelled,3.7,8641.2,31.0,Corporate,WH-01,No,4.0,,24250.44,4898.58888,19351.85112,19263.44112,,,,,,,
ORD-10361,CUST-1048,Leticia Castro,Daniel Brown,East,Brazil,Online,PROD-142,Laptop,Office Supplies,2022-11-06 00:00:00,8,275.18,10%,123.96,Credit Card,Completed,3.1,3728.51,,Small Business,WH-03,No,13.0,Wrong Item,2201.44,286.1872,1915.2528,1791.2928,,,,,,,
ORD-10077,CUST-1043,Mariana Cardoso,,Central,USA,Online,PROD-146,Monitor,Electronics,2023-08-15 00:00:00,8,768.47,0.245,46.68,Credit Card,Completed,1.7,5234.53,56.0,Small Business,WH-04,Yes,10.0,,6147.76,1506.2012,4641.558800000001,4594.8788,,,,,,,
ORD-10246,CUST-1254,Leticia Carvalho,Bob Smith,South,Australia,Retail,PROD-128,Coffee Maker,Clothing,2024-08-05 00:00:00,4,739.26,0.187,44.08,Credit Card,Completed,2.7,7113.45,48.0,Small Business,WH-04,Yes,5.0,Wrong Item,2957.04,552.96648,2404.07352,2359.99352,,,,,,,
ORD-10820,CUST-1310,Leonardo Barbosa,  Alice Johnson ,North,France,Wholesale,PROD-123,Laptop,clothing,2025-08-09 00:00:00,10,851.13,,34.27,Bank Transfer,Completed,2.9,4095.51,20.0,Corporate,WH-01,No,9.0,Damaged,8511.3,2238.4719,6272.828099999999,6238.558099999998,,,,,,,
ORD-10897,CUST-1272,Vinicius Rocha,Bob Smith,North,Germany,Direct,PROD-118,Monitor,Food,2023-04-04 00:00:00,19,1790.33,0.195,90.3,PayPal,Completed,2.4,3787.99,,Corporate,WH-01,No,9.0,Customer Changed Mind,34016.27,6633.17265,27383.09735,27292.79735,,,,,,,
ORD-10653,CUST-1180,Clara Mendes,Bob Smith,West,France,Direct,PROD-147,Printer,Furniture,2025-01-27 00:00:00,17,984.35,0.144,10.51,paypal,Completed,4.0,2176.76,46.0,Small Business,WH-02,No,11.0,Customer Changed Mind,16733.95,2409.6888,14324.2612,14313.7512,,,,,,,
ORD-11000,CUST-1027,Clara Pereira,Grace Taylor,South,Canada,Retail,PROD-113,Phone,Food,2022-06-25 00:00:00,5,1226.52,0.067,66.57,Bank Transfer,Completed,3.7,1735.07,18.0,Small Business,WH-02,No,1.0,,6132.6,410.8842,5721.7158,5655.1458,,,,,,,
ORD-11026,CUST-1235,Carolina Ferreira,Henry Moore,East,Australia,Online,PROD-101,Headphones,Food,2022-05-24 00:00:00,16,387.47,0.059,4.67,Bank Transfer,Pending,4.7,2066.99,27.0,Enterprise,WH-04,No,8.0,,6199.52,365.77168,5833.748320000001,5829.0783200000005,,,VIP customer,,,,
ORD-10634,CUST-1205,Beatriz Freitas,Daniel Brown,CENTRAL,France,Wholesale,PROD-105,Keyboard,Electronics,2022-12-22 00:00:00,10,2188.65,0.12,8.22,Debit Card,Pending,1.7,3045.95,43.0,Consumer,WH-03,No,5.0,Customer Changed Mind,21886.5,2626.38,19260.12,19251.9,,,,,,,
,,,,,,,,,,,,,,,,,,,,,,,,,,,,,,,,,,,
ORD-11054,CUST-1246,Gustavo Santana,Carla Davis,East,UK,Online,PROD-131,Keyboard,Furniture,2024-01-07 00:00:00,15,"2,295.03",0.032,120.98,Bank Transfer,Completed,2.7,6493.65,61.0,Consumer,WH-03,No,10.0,,34425.450000000004,1101.6144000000002,33323.835600000006,33202.8556,,,,,,,
ORD-10221,CUST-1100,Felipe Ramos,Frank Miller,North,Canada,Direct,PROD-121,Keyboard,Office Supplies,2022-07-05 00:00:00,8,857.11,0.024,111.66,Debit Card,Completed,3.8,7320.19,33.0,Small Business,WH-04,No,10.0,Late Delivery,6856.88,164.56512,6692.31488,6580.65488,,,,,,,
ORD-11045,CUST-1003,Gabriel Moraes,Frank Miller,East,France,Wholesale,PROD-144,Mouse,Furniture,2022-03-15 00:00:00,14,2429.95,0.076,131.13,Bank Transfer,Completed,2.6,9880.84,38.0,Corporate,WH-02,No,1.0,Wrong Item,34019.3,2585.4668,31433.8332,31302.7032,,,,,,,
ORD-10586,CUST-1195,Felipe Ferreira,Daniel Brown,South,Brazil,Retail,PROD-141,Tablet,Clothing,2024-09-07 00:00:00,8,779.44,0.095,78.69,Bank Transfer,completed,3.8,1911.58,65.0,Enterprise,WH-02,No,8.0,Wrong Item,6235.52,592.3744,5643.145600000001,5564.455600000001,,,,,,,
ORD-11010,CUST-1012,Lucas Gomes,Alice Johnson,West,Germany,Retail,PROD-120,Notebook,Electronics,2025-07-29 00:00:00,20,395.84,0.133,121.13,DEBIT CARD,Completed,3.7,1491.18,27.0,Corporate,WH-03,Yes,10.0,Wrong Item,7916.799999999999,1052.9344,6863.865599999999,6742.735599999999,,,,,,,
ORD-10115,CUST-1288,Beatriz Rocha,Henry Moore,North,Brazil,Online,PROD-149,Headphones,Office Supplies,2024-05-11 00:00:00,4,989.68,0.065,57.13,Credit Card,Completed,3.5,1870.41,61.0,Consumer,WH-03,No,9.0,,3958.72,257.3168,3701.4032,3644.2732,,,,,,,
ORD-10433,CUST-1341,Ramon Cardoso,Emma Wilson,North,France,Retail,PROD-144,Mouse,Office Supplies,2024-11-03 00:00:00,1,630.74,0.064,63.69,Bank Transfer,Completed,2.5,5888.05,27.0,Consumer,WH-02,No,10.0,Late Delivery,630.74,40.36736,590.37264,526.68264,,,,,,,
ORD-10974,CUST-1055,Joao Freitas,Grace Taylor,East,Australia,Wholesale,PROD-115,Phone,Office Supplies,2023-08-14 00:00:00,12,1967.43,0.226,39.19,Credit Card,Completed,1.1,5461.18,66.0,Corporate,WH-04,Yes,14.0,,23609.16,5335.67016,18273.48984,18234.299840000003,,,,,,,
ORD-10219,CUST-1386,Ramon Oliveira,Carla Davis,West,Germany,Wholesale,PROD-108,Phone,Furniture,2024-11-20 00:00:00,15,466.39,0.203,137.84,Debit Card,Completed,4.1,7828.68,74.0,Small Business,WH-04,No,9.0,Customer Changed Mind,6995.849999999999,1420.15755,5575.69245,5437.852449999999,,,,,,,
ORD-10769,CUST-1315,Leonardo Mendes,Bob Smith,Central,Canada,Direct,PROD-133,Notebook,FOOD,2023-07-14 00:00:00,20,1477.63,0.288,125.01,Credit Card,Completed,2.6,8068.49,45.0,Consumer,WH-03,No,11.0,Customer Changed Mind,29552.6,8511.1488,21041.451200000003,20916.441200000005,,,,,,,
ORD-11017,CUST-1108,Leticia Costa,  Carla Davis ,Central,USA,Retail,PROD-115,Headphones,N/A,2023-06-25 00:00:00,20,175.91,0.19,145.17,PayPal,Completed,4.1,4258.03,72.0,Enterprise,WH-02,No,13.0,Late Delivery,3518.2,668.458,2849.742,2704.572,,,,,,,
ORD-10603,CUST-1151,Gabriel Ferreira,Bob Smith,West,Germany,Direct,PROD-124,Desk,Clothing,2024-02-22 00:00:00,11,80.58,0.166,108.63,PayPal,Completed,4.5,1943.68,34.0,Small Business,WH-04,No,7.0,Wrong Item,886.38,147.13908,739.24092,630.61092,,,,,,,
ORD-10891,CUST-1132,Leonardo Costa,Bob Smith,Central,Germany,Online,PROD-122,Notebook,Food,2025-12-21 00:00:00,20,194.25,0.25,93.97,PayPal,Pending,4.6,8802.27,49.0,Corporate,WH-01,No,14.0,,3885.0,971.25,2913.75,2819.78,,,,,,,
ORD-10945,CUST-1033,Patricia Ferreira,Grace Taylor,North,Brazil,Online,PROD-121,Mouse,Office Supplies,2022-08-23 00:00:00,6,2057.18,0.269,92.37,Bank Transfer,Completed,1.3,6894.58,37.0,Small Business,WH-04,No,6.0,Late Delivery,12343.079999999998,3320.28852,9022.791479999998,8930.421479999997,,,,,,,
ORD-10741,CUST-1226,Carolina Barbosa,Bob Smith,South,Germany,Direct,PROD-130,Laptop,Food,2023-12-31 00:00:00,18,675.41,0.076,29.52,PayPal,Completed,3.6,7819.11,24.0,Small Business,WH-04,No,9.0,Damaged,12157.38,923.96088,11233.41912,11203.899119999998,,,,,,,
ORD-10740,CUST-1163,Murilo Gomes,Emma Wilson,West,Brazil,Online,PROD-128,Chair,Food,2023-09-15 00:00:00,5,996.12,,38.38,Credit Card,Completed,1.3,7491.95,24.0,Consumer,WH-04,Yes,8.0,,4980.6,99.612,4880.988,4842.608,,,,,,,
ORD-10643,CUST-1098,Gustavo Lima,Daniel Brown,South,Germany,Wholesale,PROD-123,Coffee Maker,Office Supplies,2025-12-03 00:00:00,7,1991.48,0.285,124.66,Debit Card,Completed,5.0,9058.12,36.0,Enterprise,WH-02,No,8.0,Damaged,13940.36,3973.0026,9967.3574,9842.6974,,,,,,,
,,,,,,,,,,,,,,,,,,,,,,,,,,,,,,,,,,,
ORD-10107,CUST-1343,Aline Pereira,Frank Miller,South,USA,Retail,PROD-129,Desk,Electronics,2024-06-08 00:00:00,1,1251.77,0.149,1.99,Cash,Completed,1.2,3926.68,29.0,Small Business,WH-01,No,3.0,Wrong Item,1251.77,186.51373,1065.25627,1063.26627,,,,,,,
ORD-11109,CUST-1385,Aline Azevedo,Daniel Brown,East,USA,Wholesale,PROD-131,Mouse,Furniture,2023-01-22 00:00:00,1,1470.01,0.122,66.19,Bank Transfer,Completed,4.1,7763.29,39.0,Small Business,WH-01,No,5.0,Wrong Item,1470.01,179.34122,1290.66878,1224.47878,,,,,,,
ORD-10306,CUST-1074,Aline Ribeiro,Alice Johnson,North,Brazil,Retail,PROD-127,Phone,Electronics,2023-08-19 00:00:00,4,1402.63,0.039,130.02,Credit Card,Completed,3.1,9955.81,25.0,Enterprise,WH-02,No,4.0,Late Delivery,5610.52,218.81028,5391.709720000001,5261.68972,,,,,,,
ORD-10220,CUST-1112,Daniel Moraes,Daniel Brown,South,Canada,Direct,PROD-144,Chair,Electronics,2025-02-01 00:00:00,16,288.4,0.097,102.86,Credit Card,Pending,4.5,954.26,32.0,Consumer,WH-04,no,5.0,,4614.4,447.5968,4166.803199999999,4063.9431999999993,,,,,,,
ORD-10237,CUST-1171,Patricia Gomes,Bob Smith,South,Canada,Retail,PROD-127,Monitor,Furniture,2023-06-05 00:00:00,7,708.59,0.095,65.62,Cash,Completed,,2933.02,43.0,Enterprise,WH-01,No,4.0,Late Delivery,4960.13,471.21235,4488.91765,4423.29765,,,,,,,
ORD-10660,CUST-1162,Vinicius Costa,Carla Davis,South,France,Retail,PROD-131,Desk,Electronics,2024-05-20 00:00:00,19,643.94,0.113,67.5,   ,Completed,5.0,2824.98,51.0,Corporate,WH-03,No,3.0,Wrong Item,12234.86,1382.5391800000002,10852.32082,10784.82082,,,,,,,
,,Carolina Santos,,,,,,,,,,,,,,,,,,,,,,,,,,,,,,,,,
ORD-10476,CUST-1274,Natalia Lima,Frank Miller,South,Germany,Direct,PROD-148,Keyboard,Food,2022-12-28 00:00:00,11,1661.18,0.153,83.13,Cash,Completed,4.6,2052.95,39.0,Enterprise,WH-03,No,8.0,Damaged,18272.98,2795.76594,15477.21406,15394.08406,,,,,,,
ORD-10032,CUST-1058,Eduardo Nogueira,Carla Davis,East,Canada,Online,PROD-136,Desk,Food,2022-08-13 00:00:00,12,1245.24,0.233,137.63,Cash,Cancelled,2.4,8672.73,70.0,Consumer,WH-04,No,11.0,Customer Changed Mind,14942.88,3481.6910400000006,11461.18896,11323.55896,,,,,,,
ORD-11130,CUST-1375,Natalia Teixeira,  Daniel Brown ,Central,Australia,Wholesale,PROD-135,Desk,Office Supplies,2024-09-19 00:00:00,3,1005.11,0.287,7.47,Bank Transfer,Completed,2.5,9852.38,66.0,Small Business,WH-04,No,13.0,Damaged,3015.33,865.3997099999999,2149.93029,2142.4602900000004,,,VIP customer,,,,
ORD-10212,CUST-1179,Gustavo Cardoso,Daniel Brown,South,,Direct,PROD-130,Monitor,Office Supplies,2025-08-01 00:00:00,10,2030.89,0.174,29.92,PayPal,Completed,2.4,7138.95,32.0,Consumer,WH-01,No,5.0,,20308.9,3533.7486,16775.151400000002,16745.231400000004,,,,,,,
ORD-10413,CUST-1354,Bruno Rocha,Emma Wilson,East,Brazil,Retail,PROD-132,Printer,Clothing,2025-10-11 00:00:00,11,1935.25,0.162,57.09,Cash,Pending,4.9,4708.88,55.0,Consumer,WH-01,No,2.0,Late Delivery,21287.75,3448.6155,17839.1345,17782.0445,,,,,,,
ORD-10244,CUST-1183,Andre Moreira,Daniel Brown,East,Brazil,Direct,PROD-137,Notebook,Furniture,2025-02-07 00:00:00,6,96.12,0.147,41.26,Bank Transfer,Completed,1.9,6339.1,49.0,Consumer,WH-03,No,5.0,Damaged,576.72,84.77784,491.94216000000006,450.68216000000007,,,,,,,
ORD-10991,CUST-1362,Luana Santana,Carla Davis,South,UK,Direct,PROD-106,Coffee Maker,Food,2023-08-24 00:00:00,0,2204.9,0.056,6.82,Cash,Completed,1.6,3609.67,50.0,Consumer,WH-03,No,12.0,Customer Changed Mind,35278.4,1975.5904,33302.8096,33295.9896,,,,,,,
ORD-11137,CUST-1059,Amanda Azevedo,Grace Taylor,Central,UK,Online,PROD-115,Monitor,Furniture,2024-06-10 00:00:00,5,"$2,414.77",0.048,43.39,Cash,Completed,4.7,4008.92,,Small Business,WH-04,No,11.0,Late Delivery,12073.85,579.5448,11494.3052,11450.9152,,,,,,,
ORD-10925,CUST-1194,Matheus Carvalho,Daniel Brown,North,Canada,Direct,PROD-106,Chair,Furniture,2025-01-08 00:00:00,-1,2080.82,0.243,119.35,PayPal,Completed,1.6,5993.41,50.0,Consumer,WH-04,No,6.0,Damaged,16646.56,4045.11408,12601.445920000002,12482.095920000002,,,,,,,
ORD-10737,CUST-1202,Eduardo Cardoso,Emma Wilson,South,USA,Online,PROD-133,Printer,Clothing,2025-01-02 00:00:00,6,1915.18,0.216,57.32,Credit Card,Completed,3.3,7221.6,52.0,Small Business,WH-04,No,3.0,Damaged,11491.08,2482.07328,9009.00672,8951.68672,,,,,,,
ORD-10151,CUST-1178,Aline Gomes,Alice Johnson,South,Brazil,Retail,PROD-125,Coffee Maker,Furniture,2024-02-30,7,2060.03,0.091,17.22,PayPal,Cancelled,1.2,9417.75,unknown,Enterprise,WH-04,No,11.0,Customer Changed Mind,14420.21,1312.23911,13107.97089,13090.75089,,,,,,,
ORD-10704,CUST-1018,Gustavo Cardoso,Grace Taylor,North,USA,Online,PROD-123,  Notebook ,Electronics,2022-10-01 00:00:00,6,566.14,0.205,148.84,Debit Card,Completed,1.1,636.12,36.0,Consumer,WH-01,No,6.0,,3396.84,696.3522,2700.4878,2551.6478,,,,,,,
ORD-10019,CUST-1257,Priscila Dias,Frank Miller,West,UK,Retail,PROD-107,Tablet,Furniture,2023-07-07 00:00:00,16,1994.87,0.01,85.7,Cash,Completed,4.8,1188.74,63.0,Enterprise,WH-03,No,11.0,,31917.92,319.1792,31598.7408,31513.0408,,,Follow up,,,,
ORD-10614,CUST-1354,Larissa Santana,Frank Miller,Central,France,Wholesale,PROD-148,Coffee Maker,Office Supplies,2025-01-01 00:00:00,9,457.08,0.13,53.32,Credit Card,Cancelled,3.0,6548.22,,Corporate,WH-03,Yes,6.0,Wrong Item,4113.72,534.7836000000001,3578.9364,3525.6164,,,,,,,
ORD-11056,CUST-1242,Clara Ferreira,,East,France,Retail,PROD-108,Tablet,Food,2022-09-05 00:00:00,19,1408.79,0.197,76.52,Debit Card,Completed,1.7,2284.83,26.0,Consumer,WH-01,No,6.0,Wrong Item,26767.01,5273.10097,21493.90903,21417.38903,,,,,,,
ORD-11050,CUST-1094,Laura Silva,Alice Johnson,Central,UK,Online,PROD-116,Laptop,Furniture,2025-12-06 00:00:00,,2303.98,0.217,137.34,Bank Transfer,Completed,3.0,2446.67,67.0,Corporate,WH-03,No,9.0,,2303.98,499.96366,1804.01634,1666.6763400000002,,,,,,,
ORD-10841,CUST-1368,Priscila Nogueira,Grace Taylor,North,USA,Retail,PROD-106,Notebook,Electronics,2023-08-24 00:00:00,1,221.72,0.2,145.04,Bank Transfer,Completed,2.3,5014.29,56.0,Consumer,WH-01,No,1.0,Late Delivery,221.72,44.344,177.376,32.33600000000001,,,,,,,
ORD-10328,CUST-1276,Bruno Costa,Grace Taylor,East,UK,Wholesale,PROD-147,Mouse,Furniture,2024-01-16 00:00:00,9,134.45,0.08,125.14,debit card,Pending,2.6,8910.19,51.0,Consumer,WH-03,No,13.0,Damaged,1210.05,96.804,1113.246,988.106,,,,,,,
ORD-10427,CUST-1142,Renata Cardoso,Henry Moore,North,France,Online,PROD-147,Desk,Electronics,2022-11-02 00:00:00,12,2379.65,0.223,19.01,Bank Transfer,Completed,4.7,6342.95,66.0,Consumer,WH-01,No,6.0,Wrong Item,28555.800000000003,6367.943400000001,22187.856600000003,22168.846600000004,,,,,,,
ORD-10622,CUST-1216,Carolina Lima,Alice Johnson,Central,Germany,Online,PROD-115,Chair,Office Supplies,2024-12-10 00:00:00,1,1177.15,0.149,144.22,Debit Card,Completed,2.4,8325.43,60.0,Enterprise,WH-03,No,7.0,Late Delivery,1177.15,175.39535,1001.75465,857.53465,,,,,,,
ORD-10695,CUST-1069,  Lucas Martins,Daniel Brown,North,Canada,Online,PROD-131,Keyboard,ELECTRONICS,2024-01-31 00:00:00,4,450.76,0.156,32.37,paypal,Completed,2.9,2113.88,44.0,Consumer,WH-03,No,6.0,Customer Changed Mind,1803.04,281.27424,1521.76576,1489.39576,,,,,,,
ORD-10651,CUST-1038,Patricia Ribeiro,Carla Davis,West,Brazil,Online,PROD-113,Notebook,Electronics,2024-03-04 00:00:00,11,1588.16,0.161,44.0,Debit Card,Completed,,1651.66,73.0,Corporate,WH-03,Yes,1.0,Customer Changed Mind,17469.760000000002,2812.6313600000003,14657.128640000004,14613.128640000004,,,,,,,
ORD-10563,CUST-1064,Murilo Correia,Grace Taylor,Central,France,Direct,PROD-122,Notebook, ,2024-01-24 00:00:00,15,1725.57,0.106,17.91,Bank Transfer,Completed,4.1,4960.77,62.0,Consumer,WH-04,No,10.0,Damaged,25883.55,2743.6563,23139.8937,23121.9837,,,,,,,
ORD-11131,CUST-1136,Bruno Ribeiro,Frank Miller,North,Australia,Retail,PROD-115,Mouse,Office Supplies,07/05/2025,20,520.87,0.24,52.53,Bank Transfer,Completed,1.4,7328.78,36.0,Small Business,WH-01,No,14.0,Damaged,10417.4,2500.176,7917.224,7864.694,,,,,,,
ORD-10836,CUST-1000,Matheus Costa,Emma Wilson,East,Germany,Direct,PROD-103,  Phone ,Office Supplies,2022-03-29 00:00:00,10,CONFIDENTIAL,0.277,86.69,Cash,Completed,4.1,3861.06,25.0,Enterprise,WH-03,No,5.0,Customer Changed Mind,364.2000000000001,100.88340000000002,263.3166,176.6266,,,,,,,
ORD-10999,CUST-1118,Murilo Ramos,Daniel Brown,East,Germany,Retail,PROD-100,Printer,Clothing,2023-02-21 00:00:00,7,2108.94,0.284,92.8,PayPal,Completed,1.3,1583.82,19.0,Corporate,WH-01,Yes,10.0,Late Delivery,14762.58,4192.572719999999,10570.007280000002,10477.207280000002,,,,,,,
ORD-11139,CUST-1348,Leonardo Barbosa,Alice Johnson,West,Brazil,Retail,PROD-107,Headphones,Clothing,2023-05-01 00:00:00,7,2163.33,0.279,65.64,Credit Card,Completed,,5980.65,68.0,Consumer,WH-01,No,8.0,Damaged,15143.31,4224.9834900000005,10918.32651,10852.68651,,,,,,,
ORD-10127,CUST-1061,Gustavo Santana,Grace Taylor,East,France,Retail,PROD-103,Chair,Clothing,2023-06-04 00:00:00,1,943.62,0.291,143.7,Credit Card,Cancelled,2.7,8712.06,61.0,Corporate,WH-01,No,6.0,Wrong Item,943.62,274.59342,669.02658,525.3265799999999,,,,,,,
ORD-10723,CUST-1311,Beatriz Ribeiro,Grace Taylor,Central,Brazil,Wholesale,PROD-133,Mouse,Furniture,2025-04-03 00:00:00,1,1170.88,0.239,42.85,Credit Card,Completed,1.9,7553.33,,Consumer,WH-03,Yes,12.0,Late Delivery,1170.88,279.84032,891.0396800000001,848.1896800000001,,,,,,,
ORD-10983,CUST-1013,Bianca Correia,Daniel Brown,North,,Wholesale,PROD-102,Chair,Electronics,2023-05-16 00:00:00,19,USD 848.17,0.096,2.96,PayPal,Completed,2.3,5990.12,62.0,Enterprise,WH-01,Yes,6.0,,16115.23,1547.06208,14568.16792,14565.20792,,,,,,,
ORD-10425,CUST-1141,Joao Ramos,Frank Miller,West,Canada,Online,PROD-106,Laptop,Food,2025-09-05 00:00:00,1,1564.23,0.026,66.77,PayPal,Completed,3.6,3566.91,56.0,Small Business,WH-03,No,2.0,Customer Changed Mind,1564.23,40.66998,1523.56002,1456.79002,,,,,,,
ORD-10516,CUST-1046,Bianca Vieira,Daniel Brown,West,Australia,Retail,PROD-130,Keyboard,Office Supplies,2024-01-13 00:00:00,18,1835.39,0.297,133.38,Debit Card,Completed,2.3,2939.07,64.0,Enterprise,WH-03,No,9.0,Damaged,33037.020000000004,9811.99494,23225.025060000004,23091.645060000003,,,,,,,
ORD-10045,CUST-1134,Leonardo Monteiro,  Daniel Brown ,West,USA,Retail,PROD-127,Phone,Electronics,2023-03-22 00:00:00,9,,0.088,69.95,Debit Card,Returned,3.4,3315.49,36.0,Enterprise,WH-03,No,11.0,Customer Changed Mind,20319.12,1788.0825599999998,18531.03744,18461.08744,,,,,,,
,,,,,,,,,,,,,,,,,,,,,,,,,,,,,,,,,,,
ORD-11120,CUST-1398,Joao Monteiro,Frank Miller,South,France,Wholesale,PROD-102,Phone,Clothing,2023-02-21 00:00:00,19,30.13,0.219,37.88,PayPal,Completed,1.3,7171.99,19.0,Small Business,WH-03,No,4.0,,572.47,125.37093,447.09907,409.21907,,,,,,,
ORD-11060,CUST-1035,Renata Moreira,Emma Wilson,West,Germany,Online,PROD-149,Phone,Clothing,09/12/2025,3,2486.34,0.032,104.38,Cash,Completed,1.2,4431.56,64.0,Enterprise,WH-02,No,4.0,,7459.02,238.68864,7220.33136,7115.95136,,,,,,,
ORD-10542,CUST-1256,Renata Monteiro,Bob Smith,Central,USA,Retail,PROD-130,Notebook,Clothing,2024-04-15 00:00:00,3,1762.36,0.089,0.53,Bank Transfer,Completed,4.6,3609.11,50.0,Consumer,WH-03,No,8.0,Damaged,5287.08,470.55012,4816.52988,4815.99988,,,,,,,
ORD-10964,CUST-1291,Andre Nogueira,,East,Germany,Online,PROD-126,Notebook,Electronics,2022-10-27 00:00:00,3,572.31,0.044,102.91,Cash,Completed,4.0,2966.33,22.0,Corporate,WH-01,Yes,2.0,Customer Changed Mind,1716.9299999999998,75.54491999999999,1641.3850799999998,1538.4750799999997,,,,,,,
ORD-11128,CUST-1333,Priscila Silva,Henry Moore,North,Canada,Wholesale,PROD-145,Mouse,Electronics,2024-09-23 00:00:00,16,1309.84,0.148,50.98,Bank Transfer,Completed,3.0,8381.05,24.0,Enterprise,WH-04,No,4.0,Customer Changed Mind,20957.44,3101.70112,17855.738879999997,17804.758879999998,,,,,,,
ORD-11101,CUST-1258,Sofia Mendes,Henry Moore,South,Canada,Retail,PROD-125,Desk,Furniture,2023-10-05 00:00:00,17,,0.142,145.87,PayPal,Completed,3.3,5263.03,31.0,Small Business,WH-01,No,10.0,Wrong Item,24589.65,3491.7303,21097.9197,20952.049700000003,,,,,,,
ORD-10895,CUST-1183,Clara Freitas,Carla Davis,South,UK,Online,PROD-121,Mouse,Furniture,2025-04-04 00:00:00,14,1146.83,0.214,87.69,Bank Transfer,Completed,4.2,4751.25,58.0,Small Business,WH-03,No,4.0,Wrong Item,16055.62,3435.90268,12619.71732,12532.02732,,,,,,,
ORD-11016,CUST-1232,Isabela Gomes,Henry Moore,East,Australia,Retail,PROD-111,Monitor,Food,2025-07-14 00:00:00,5,1055.73,0.201,64.36,Debit Card,Completed,1.9,898.41, 42 ,Consumer,WH-03,No,14.0,Damaged,5278.65,1061.00865,4217.64135,4153.28135,,,,,,,
ORD-10353,CUST-1283,Larissa Moreira,Bob Smith,Central,Australia,Online,PROD-125,Coffee Maker,Food,2022-09-03 00:00:00,4,2098.78,0.205,1.98,Debit Card,Completed,3.7,1856.87,38.0,Corporate,WH-03,No,11.0,Late Delivery,8395.12,1720.9996,6674.120400000001,6672.140400000001,,,,,,,
ORD-11144,CUST-1269,Rafael Dias,Carla Davis,West,Australia,Online,PROD-115,Mouse,   ,2022-03-28 00:00:00,4,1057.28,0.088,106.06,Bank Transfer,Completed,1.8,1926.27,19.0,Corporate,WH-01,No,12.0,,4229.12,372.16256,3856.95744,3750.89744,,,,,,,
ORD-10067,CUST-1359,Henrique Gomes,Bob Smith,North,Canada,Retail,PROD-115,Phone,Clothing,2023-01-15 00:00:00,5,1391.48,0.047,40.1,Credit Card,Completed,3.5,4569.25,52.0,Small Business,WH-04,No,13.0,,6957.4,326.9978,6630.4022,6590.302199999999,,,,,,,
ORD-10208,CUST-1373,Renata Ribeiro,Grace Taylor,South,FRANCE,Retail,PROD-141,  Chair ,Electronics,2023-04-09 00:00:00,4,282.1,0.117,42.01,Credit Card,Completed,2.8,7097.56,56.0,Small Business,WH-03,No,13.0,Damaged,1128.4,132.02280000000002,996.3772,954.3672,,,,,,,
ORD-10972,CUST-1302,Bruno Cardoso,Emma Wilson,East,Brazil,Direct,PROD-101,Mouse,Furniture,2024-12-10 00:00:00,12,529.91,0.183,41.66,PayPal,Completed,4.5,4365.89,34.0,Small Business,WH-03,No,10.0,,6358.92,1163.68236,5195.23764,5153.57764,,,,,,,
ORD-10037,CUST-1174,Caio Ribeiro,Frank Miller,North,Brazil,Retail,PROD-124,Phone,Office Supplies,2022-06-18 00:00:00,5,1578.44,0.091,21.09,Cash,Returned,3.9,621.02,60.0,Enterprise,WH-03,Yes,3.0,Wrong Item,7892.200000000001,718.1902,7174.009800000001,7152.919800000001,,,,,,,
ORD-10868,CUST-1397,Caio Barbosa,  Grace Taylor ,West,Brazil,Direct,PROD-123,Notebook,Furniture,2025-09-16 00:00:00,9,1742.61,0.28,95.1,Bank Transfer,Completed,4.3,7608.62,30.0,Enterprise,WH-04,No,11.0,Damaged,15683.49,4391.3772,11292.1128,11197.0128,,,,,,,
ORD-10167,CUST-1159,Beatriz Pereira,Grace Taylor,North,USA,Wholesale,PROD-141,Notebook,Furniture,2025-09-30 00:00:00,13,"USD 1,204.27",0.236,67.05,Debit Card,Completed,4.8,9346.37,57.0,Enterprise,WH-03,Yes,7.0,,15655.51,3694.70036,11960.80964,11893.75964,,,,,,,
ORD-10018,CUST-1308,Camila Carvalho,Carla Davis,Central,France,Wholesale,PROD-139,Mouse,Clothing,2022-11-16 00:00:00,-1,1941.06,0.194,19.61,Credit Card,Completed,4.8,7476.85,73.0,Enterprise,WH-02,No,11.0,Wrong Item,13587.42,2635.95948,10951.46052,10931.85052,,,,,,,
ORD-11151,CUST-1338,Juliana Almeida,Frank Miller,South,USA,Direct,PROD-125,Laptop,Office Supplies,2024-01-05 00:00:00,9,1983.56,0.14,131.65,Debit Card,Completed,3.4,5385.3,29.0,Small Business,WH-02,No,14.0,,17852.04,2499.2856,15352.754400000002,15221.104400000002,,,,,,,
ORD-10823,CUST-1350,Carolina Nogueira,Henry Moore,Central,Brazil,Online,PROD-117,Laptop,Food,2025-07-18 00:00:00,20,1800.64,0.178,100.53,PayPal,Completed,4.7,4131.19,48.0,Enterprise,WH-02,No,11.0,Wrong Item,36012.8,6410.2784,29602.521600000004,29501.991600000005,,,,,,,
ORD-10408,CUST-1175,Priscila Santana,Emma Wilson,Central,Germany,Retail,PROD-112,Coffee Maker,Electronics,2025-08-16 00:00:00,16,1615.27,0.207,132.45,Cash,Completed,,9224.93,31.0,Corporate,WH-02,No,5.0,Wrong Item,25844.32,5349.77424,20494.54576,20362.09576,,,,,,,
ORD-11091,CUST-1000,Laura Vieira,Emma Wilson,Central,France,Wholesale,PROD-143,Notebook,Furniture,2025-11-07 00:00:00,5,679.76,0.123,86.24,Bank Transfer,Cancelled,3.8,5026.58,66.0,Consumer,WH-02,No,8.0,,3398.8,418.0524,2980.7476,2894.5076000000004,,,,,,,
ORD-10259,CUST-1186,Luana Castro,Daniel Brown,West,France,Retail,PROD-115,Printer,Electronics,2024-04-15 00:00:00,10,1337.95,0.174,1.55,Bank Transfer,Completed,1.0,7457.75,45.0,Consumer,WH-01,No,3.0,Customer Changed Mind,13379.5,2328.033,11051.467,11049.917,,,,,,,
ORD-10902,CUST-1052,Manuela Mendes,Grace Taylor,Central,Canada,Retail,PROD-100,Coffee Maker,Clothing,2024-10-22 00:00:00,7,1814.11,0.077,68.16,Bank Transfer,N/A,3.4,7326.07,32.0,Consumer,WH-02,No,9.0,Wrong Item,12698.77,977.80529,11720.964709999998,11652.80471,,,,,,,
ORD-10889,CUST-1050,Priscila Vieira,Grace Taylor,South,Germany,Wholesale,PROD-137,Laptop,Electronics,2025-12-22 00:00:00,3,$765.67,0.10,118.94,PayPal,completed,2.7,1173.68,71.0,Corporate,WH-01,No,1.0,Damaged,2297.01,188.35482,2108.65518,1989.71518,,,,,,,
ORD-10156,CUST-1051,Bianca Moreira,Emma Wilson,South,USA,Wholesale,PROD-105,Mouse,Office Supplies,2023-05-24 00:00:00,19,2081.32,0.07,133.33,Cash,Completed,1.1,1537.37,65.0,Corporate,WH-04,No,4.0,Late Delivery,39545.08,2768.1556000000005,36776.9244,36643.5944,,,,,,,
ORD-10404,CUST-1103,Beatriz Carvalho,Bob Smith,Central,Germany,Online,PROD-142,Monitor,Office Supplies,2024-12-10 00:00:00,13,987.97,0.143,65.13,Bank Transfer,Completed,1.6,1299.62,N/A,Consumer,WH-01,No,9.0,,12843.61,1836.63623,11006.97377,10941.84377,,,,,,,
ORD-10455,CUST-1004,Bianca Cardoso,Henry Moore,South,Canada,Online,PROD-137,Tablet,  Food ,2024-05-07 00:00:00,17,257.66,0.26,104.22,Cash,Completed,3.5,1270.3,69.0,Enterprise,WH-03,No,7.0,Wrong Item,4380.22,1138.8572,3241.3628,3137.1428,,,,,,,
ORD-10683,CUST-1164,Andre Souza,Grace Taylor,Central,Brazil,Direct,PROD-110,Monitor,Food,2022-10-23 00:00:00,16,1793.85,0.085,75.14,Debit Card,Completed,4.6,3268.83,54.0,Corporate,WH-02,No,7.0,,28701.6,2439.636,26261.964,26186.824,,,,,,,
ORD-10833,CUST-1084,Caio Vieira,Carla Davis,North,Australia,Online,PROD-122,Desk,Furniture,2025-01-08 00:00:00,9,2104.58,0.285,41.67,Credit Card,Completed,1.8,7478.91,64.0,Small Business,WH-04,No,12.0,Damaged,18941.22,5398.2477,13542.9723,13501.3023,,,,,,,
ORD-10048,CUST-1166,Henrique Moreira,Alice Johnson,South,GERMANY,Wholesale,PROD-144,Notebook,Office Supplies,2024-09-02 00:00:00,18,1898.77,0.007,29.02,Credit Card,Completed,3.6,4892.19,69.0,Consumer,WH-02,No,3.0,Damaged,34177.86,239.24502,33938.61498,33909.59498,,,,,,,
ORD-10729,CUST-1159,Isabela Almeida  ,Frank Miller,East,Australia,Retail,PROD-148,Headphones,Furniture,2022-07-26 00:00:00,11,1355.2,0.139,26.95,Cash,Completed,3.3,9122.57,47.0,Corporate,WH-01,No,7.0,Customer Changed Mind,14907.2,2072.1008,12835.0992,12808.1492,,,,,,,
ORD-10981,CUST-1364,Daniel Ribeiro,Grace Taylor,east,UK,Direct,PROD-134,Mouse,Electronics,2024-02-30,6,249.52,0.078,23.46,Bank Transfer,Completed,,8176.94,45.0,Small Business,WH-04,No,3.0,Customer Changed Mind,1497.12,116.77536,1380.34464,1356.88464,,,,,,,
ORD-10511,CUST-1085,Eduardo Teixeira,Frank Miller,North,UK,Retail,PROD-109,Laptop,Furniture,2025-06-06 00:00:00,2,1765.2,0.175,17.27,Debit Card,Completed,1.6,9671.68,46.0,Corporate,WH-02,No,8.0,Wrong Item,3530.4,617.8199999999999,2912.58,2895.31,,,,,,,
ORD-10565,CUST-1329,Manuela Santana,Daniel Brown,South,Brazil,Wholesale,PROD-139,Printer,Electronics,2022-01-30 00:00:00,10,634.44,0.011,52.52,PayPal,Completed,3.7,9326.17,37.0,Corporate,WH-02,No,3.0,Late Delivery,6344.400000000001,69.7884,6274.6116,6222.0916,,,,,,,manual review
ORD-10721,CUST-1190,Henrique Azevedo,Emma Wilson,East,UK,Wholesale,PROD-112,Printer,Office Supplies,2025-10-11 00:00:00,19,1989.07,0.042,110.1,Cash,Completed,3.7,9356.16,24.0,Small Business,WH-03,No,13.0,Late Delivery,37792.33,1587.27786,36205.05214,36094.95214,,,,,,,
,,Leticia Martins,,,,,,,,,,,,,,,,,,,,,,,,,,,,,,,,,
ORD-10506,CUST-1348,Rafael Costa,Emma Wilson,West,France,Direct,PROD-147,Desk,Office Supplies,2024-11-17 00:00:00,11,2091.02,0.012,33.45,PayPal,Completed,2.7,9882.06,35.0,Corporate,WH-02,No,13.0,Late Delivery,23001.22,276.01464000000004,22725.20536,22691.75536,,,,,,,
ORD-10491,CUST-1238,Pedro Teixeira,Bob Smith,Central,Canada,Direct,PROD-118,Notebook,Food,2025-05-02 00:00:00,9,1454.71,0.10,21.39,PayPal,Completed,2.0,1997.78,22.0,Consumer,WH-02,No,4.0,Customer Changed Mind,13092.39,1060.48359,12031.90641,12010.51641,,,Follow up,,,,
ORD-10539,CUST-1249,Eduardo Ribeiro,Grace Taylor,North,France,Online,PROD-141,Keyboard,Clothing,2022-04-11 00:00:00,12,1084.84,0.001,73.27,Credit Card,Completed,3.3,8268.89,49.0,Corporate,WH-01,Yes,9.0,Late Delivery,13018.079999999998,13.018079999999998,13005.061919999998,12931.791919999998,,,,,,,
ORD-10782,CUST-1396,Caio Silva,Alice Johnson,South,Australia,Online,PROD-108,Printer,Electronics,2023-04-06 00:00:00,10,1404.23,0.163,5.5,Cash,Completed,2.4,1469.28,53.0,Enterprise,WH-02,YES,10.0,Wrong Item,14042.3,2288.8949,11753.4051,11747.9051,,,,,,,
ORD-10461,CUST-1349,Daniel Teixeira,Daniel Brown,East,Germany,Direct,PROD-139,Coffee Maker,N/A,2025-03-21 00:00:00,14,108.54,,67.35,Cash,Returned,1.2,3270.9,50.0,Enterprise,WH-04,No,2.0,,1519.5600000000002,173.22984000000002,1346.3301600000002,1278.9801600000003,,,,,,,
ORD-10341,CUST-1157,Clara Costa,Emma Wilson,Central,USA,Wholesale,PROD-144,Monitor,Electronics,2024-12-25 00:00:00,8,USD 1073.17,0.139,120.37,Cash,Completed,4.4,5118.97,68.0,Consumer,WH-03,No,2.0,Damaged,8585.36,1193.36504,7391.99496,7271.62496,,,,,,,
ORD-10954,CUST-1213,Andre Ferreira  ,Henry Moore,West,Australia,Wholesale,PROD-105,Phone,Clothing,2025-01-18 00:00:00,19,2081.43,0.299,26.52,Credit Card,Completed,3.2,5675.75,47.0,Corporate,WH-01,No,10.0,Customer Changed Mind,39547.17,11824.603829999998,27722.56617,27696.04617,,,,,,,
ORD-10767,CUST-1135,Beatriz Mendes,Henry Moore,Central,Australia,Wholesale,PROD-120,Mouse,Office Supplies,2024-08-24 00:00:00,17,1806.63,0.101,41.17,Cash,Returned,2.3,621.77,32.0,Corporate,WH-02,No,8.0,Customer Changed Mind,30712.710000000003,3101.9837100000004,27610.72629,27569.556290000004,,,,,,,
ORD-10248,CUST-1279,Camila Mendes,Emma Wilson,Central,,Online,PROD-102,Desk,Clothing,2024-10-24 00:00:00,15,1899.77,0.168,7.87,Debit Card,Completed,1.4,6664.06,34.0,Corporate,WH-01,No,4.0,,28496.55,4787.4204,23709.1296,23701.2596,,,,,,,
ORD-10083,CUST-1270,Camila Azevedo,Daniel Brown,North,Germany,Online,PROD-121,Printer,furniture,2025-10-24 00:00:00,9,,0.158,80.9,Credit Card,Completed,1.2,8680.02,thirty-two,Corporate,WH-04,No,1.0,Customer Changed Mind,21618.18,3415.6724400000003,18202.50756,18121.60756,,,,,,,
ORD-10258,CUST-1123,Rafael Costa,Bob Smith,East,Canada,Wholesale,PROD-122,Notebook,Food,2023-05-23 00:00:00,-1,966.63,0.084,126.3,Bank Transfer,Returned,3.1,6037.28,70.0,Corporate,WH-04,No,1.0,,3866.52,324.78768,3541.73232,3415.43232,,,,,,,
ORD-10356,CUST-1303,Mariana Cardoso,Henry Moore,West,USA,ONLINE,PROD-144,  Monitor ,Electronics,"September 02, 2025",,1805.12,0.258,106.03,PayPal,Completed,2.6,2846.71,29.0,Enterprise,WH-03,No,7.0,Damaged,32492.16,8382.97728,24109.18272,24003.15272,,,,,,,
ORD-10947,CUST-1217,Eduardo Moraes,Emma Wilson,South,USA,Direct,PROD-140,Notebook,Office Supplies,2024-12-18 00:00:00,4,611.21,0.106,17.22,Cash,Completed,2.4,5179.79,71.0,Enterprise,WH-03,No,7.0,Customer Changed Mind,2444.84,259.15304000000003,2185.68696,2168.46696,,,,,,,
ORD-10846,CUST-1071,Matheus Lima,Grace Taylor,South,UK,Direct,PROD-103,Monitor,Clothing,2023-11-29 00:00:00,16,2241.95,0.24,122.47,PayPal,Completed,2.4,9131.64,60.0,Consumer,WH-02,No,13.0,Customer Changed Mind,35871.2,8609.088,27262.112,27139.642,,,,,,,
ORD-11153,CUST-1077,Murilo Carvalho,Daniel Brown,Central,CANADA,Online,PROD-113,Keyboard,Food,2023-05-08 00:00:00,10,1299.0,0.204,123.52,PayPal,Completed,2.5,6281.42,40.0,Enterprise,WH-01,Yes,12.0,Late Delivery,12990.0,2649.96,10340.04,10216.52,,,,,,,
ORD-10806,CUST-1176,Bruno Castro,Carla Davis,East,Australia,Direct,PROD-126,Notebook,CLOTHING,2023-02-17 00:00:00,18,1235.11,0.081,130.34,Credit Card,Completed,2.7,3061.65,,Enterprise,WH-02,No,5.0,Damaged,22231.98,1800.79038,20431.18962,20300.84962,,,,,,,
ORD-10843,CUST-1033,Natalia Santana,Daniel Brown,,Germany,Retail,PROD-105,Chair,Food,2022-08-02 00:00:00,13,136.34,0.077,113.47,PayPal,Completed,4.1,1666.85,32.0,Consumer,WH-04,Yes,4.0,,1772.42,136.47634,1635.94366,1522.47366,,,,,,,
ORD-10884,CUST-1165,Fernanda Carvalho,Alice Johnson,North,Australia,Wholesale,PROD-130,Laptop,Electronics,2023-01-10 00:00:00,10,1097.72,0.268,143.12,Credit Card,Completed,4.8,9422.36,72.0,Consumer,WH-01,No,13.0,Late Delivery,10977.2,2941.8896000000004,8035.3104,7892.1904,,,Check address,,,,
,,Caio Mendes,,,,,,,,,,,,,,,,,,,,,,,,,,,,,,,,,
ORD-11043,CUST-1069,Bruno Carvalho,Daniel Brown,South,Germany,Retail,PROD-137,Notebook,Office Supplies,2023-12-18 00:00:00,14,1013.53,0.107,123.17,Credit Card,Completed,2.1,6275.24,63.0,Consumer,WH-01,no,8.0,Late Delivery,14189.42,1518.26794,12671.15206,12547.98206,,,,,,,
ORD-10625,CUST-1186,Felipe Souza,Bob Smith,Central,Canada,Wholesale,PROD-116,Mouse,Office Supplies,2022-05-02 00:00:00,16,1205.05,0.285,121.76,Cash,Completed,4.4,8671.14,56.0,Enterprise,WH-01,No,13.0,Late Delivery,19280.8,5495.027999999999,13785.772,13664.012,,,,,,,
,,,,,,,,,,,,,,,,,,,,,,,,,,,,,,,,,,,
ORD-10676,CUST-1169,Felipe Castro,Carla Davis,North,Australia,Online,PROD-126,Headphones,Food,2024-06-05 00:00:00,5,596.27,0.08,3.63,Bank Transfer,Completed,3.6,4979.41,54.0,Small Business,WH-01,No,3.0,,2981.35,238.508,2742.842,2739.212,,,,,,,
ORD-10174,CUST-1169,Matheus Teixeira,Alice Johnson,Central,Brazil,Wholesale,PROD-138,Laptop,Office Supplies,2023-06-09 00:00:00,2,586.96,0.251,30.67,Cash,Completed,3.1,3074.0,66.0,Corporate,WH-02,No,4.0,,1173.92,294.65392,879.2660800000001,848.5960800000001,,,,,,,
ORD-10355,CUST-1316,Diego Lima,Henry Moore,West,USA,Online,PROD-113,Desk,Electronics,2023-09-20 00:00:00,7,1258.18,0.005,2.86,Cash,N/A,2.0,6444.81,57.0,Consumer,WH-01,Yes,8.0,Customer Changed Mind,8807.26,44.0363,8763.2237,8760.3637,,,,,,,
ORD-10496,CUST-1047,Carolina Castro,Henry Moore,Central,Germany,Direct,PROD-139,Printer,Clothing,2022-01-11 00:00:00,5,449.16,0.027,139.71,Debit Card,Completed,1.9,2927.28,29.0,Enterprise,WH-04,No,11.0,Late Delivery,2245.8,60.6366,2185.1634000000004,2045.4534000000003,,,,,,,
ORD-10444,CUST-1304,Isabela Santana,Daniel Brown,South,France,Wholesale,PROD-136,Desk,Office Supplies,2023-09-22 00:00:00,6,1650.32,,123.41,Cash,completed,1.9,6496.07,72.0,Small Business,WH-02,No,1.0,,9901.92,2663.61648,7238.303519999999,7114.89352,,,,,,,follow up
ORD-10675,CUST-1167,Natalia Azevedo,Alice Johnson,North,France,Wholesale,PROD-100,Notebook,Clothing,2025-07-08 00:00:00,6,352.2,0.046,132.99,Bank Transfer,Completed,2.1,2802.04,64.0,Enterprise,WH-01,No,7.0,Damaged,2113.2,97.2072,2015.9928,1883.0028,,,,,,,
ORD-10934,CUST-1091,Daniel Moreira,Henry Moore,West,Brazil,Retail,PROD-115,Desk,Food,2023-09-11 00:00:00,10,2451.13,0.079,14.39,Bank Transfer,Completed,4.0,7508.77,62.0,Consumer,WH-02,Yes,11.0,Late Delivery,24511.300000000003,1936.3927000000003,22574.907300000003,22560.517300000003,,,,,,,
ORD-10780,CUST-1219,Rafael Souza,Emma Wilson,North,France,Wholesale,PROD-136,Keyboard,Furniture,2022-01-25 00:00:00,1,$993.61,0.063,133.02,Credit Card,Completed,4.6,5800.93,38.0,Enterprise,WH-02,No,8.0,Wrong Item,993.61,62.59743,931.01257,797.99257,,,,,,,
ORD-11159,CUST-1088,Juliana Silva,Grace Taylor,East,France,Retail,PROD-102,  Tablet ,  Office Supplies ,2024-05-03 00:00:00,12,1440.32,0.242,86.8,Cash,Pending,1.4,7435.1,59.0,Consumer,WH-03,No,8.0,Customer Changed Mind,17283.84,4182.68928,13101.15072,13014.350720000002,,,,,,,
ORD-10960,CUST-1047,Mariana Correia,Carla Davis,East,France,Online,PROD-112,Printer,Furniture,2022-02-21 00:00:00,18,896.92,0.294,89.04,Cash,Completed,1.8,2536.23,35.0,Corporate,WH-02,No,6.0,,16144.56,4746.500639999999,11398.05936,11309.019359999998,,,,,,,
ORD-10304,CUST-1160,Patricia Teixeira,Daniel Brown,Central,USA,Retail,PROD-142,Phone,Clothing,2024-10-23 00:00:00,20,250.59,0.026,99.65,Cash,Completed,1.1,1594.96,35.0,Corporate,WH-02,No,6.0,Late Delivery,5011.8,130.3068,4881.4932,4781.8432,,,,,,,
ORD-10169,CUST-1186,Patricia Lima,Alice Johnson,East,USA,Wholesale,PROD-109,Printer,Food,2022-06-08 00:00:00,18,306.34,0.025,99.1,Cash,Completed,3.9,7216.82,34.0,Consumer,WH-02,No,3.0,Damaged,5514.12,137.853,5376.267,5277.167,,,,,,,
ORD-10864,CUST-1302,Leonardo Freitas,Henry Moore,Central,UK,Retail,PROD-107,Desk,Furniture,2025-08-08 00:00:00,3,1655.82,0.091,149.86,Credit Card,Completed,1.8,6679.16,67.0,Enterprise,WH-02,No,12.0,Wrong Item,4967.46,452.03886,4515.42114,4365.561140000001,,,,,,,
ORD-10597,CUST-1191,Leonardo Santos,Frank Miller,North,Germany,Wholesale,PROD-146,Chair,Office Supplies,2022-07-11 00:00:00,7,696.11,10%,51.56,Debit Card,Completed,2.7,5587.42,20.0,Consumer,WH-03,No,13.0,Customer Changed Mind,4872.77,652.9511800000001,4219.81882,4168.25882,,,,,,,
ORD-11183,CUST-1178,Daniel Martins,Carla Davis,North,UK,Direct,PROD-101,Phone,Food,2024-12-18 00:00:00,12,857.06,0.164,138.49,Cash,Pending,1.8,2679.31,49.0,Small Business,WH-02,Yes,7.0,Damaged,10284.72,1686.69408,8598.02592,8459.53592,,,,,,,
ORD-10397,CUST-1287,Bianca  Cardoso,Alice Johnson,Central,USA,Wholesale,PROD-124,Mouse,Electronics,2022-01-13 00:00:00,15,2010.07,0.202,13.12,Bank Transfer,Cancelled,4.4,9249.83,31.0,Consumer,WH-01,No,11.0,Customer Changed Mind,30151.05,6090.5121,24060.5379,24047.4179,,,,,,,
ORD-10730,CUST-1172,Juliana Carvalho,,South,UK,Wholesale,PROD-112,Desk,Electronics,2025-07-29 00:00:00,19,225.77,,145.53,Cash,Completed,4.5,7295.93,47.0,Consumer,WH-04,No,8.0,Wrong Item,4289.63,772.1333999999999,3517.4966000000004,3371.9666,,,,,,,
ORD-10330,CUST-1383,Laura Costa,Alice Johnson,North,Australia,Direct,PROD-129,Printer,Clothing,2022-03-05 00:00:00,9,,0.081,61.52,Debit Card,Returned,3.7,4125.31,54.0,Consumer,WH-01,No,9.0,Late Delivery,11883.87,962.59347,10921.27653,10859.75653,,,,,,,
ORD-10288,CUST-1384,Rafael Barbosa,,North,Brazil,Wholesale,PROD-116,Laptop,Food,2022-12-18 00:00:00,7,1053.08,,54.9,PayPal,Completed,4.0,1141.26,35.0,Enterprise,WH-01,No,1.0,Customer Changed Mind,7371.559999999999,412.80736,6958.75264,6903.85264,,,,,,,
ORD-10768,CUST-1185,Carolina Santana,Daniel Brown,West,USA,Wholesale,PROD-138,Notebook,Food,2024-07-26 00:00:00,16,439.59,0.001,131.84, nan ,Completed,1.7,9531.13,23.0,Enterprise,WH-04,No,2.0,Damaged,7033.44,7.03344,7026.406559999999,6894.566559999999,,,,,,,
ORD-10235,CUST-1129,Thiago Mendes,Henry Moore,Central,Canada,Direct,PROD-118,Chair,Office Supplies,2024-07-01 00:00:00,19,1382.64,0.225,148.2,Cash,Cancelled,2.7,7996.36,19.0,Corporate,WH-01,Yes,6.0,Late Delivery,26270.160000000003,5910.786000000001,20359.374000000003,20211.174000000003,,,,,,,
ORD-10838,CUST-1172,Beatriz Vieira,   ,West,Canada,Direct,PROD-106,Tablet,Furniture,2023-12-14 00:00:00,17,746.26,0.289,24.06,Bank Transfer,Completed,1.2,6102.68,54.0,Enterprise,WH-03,No,10.0,Customer Changed Mind,12686.42,3666.37538,9020.04462,8995.984620000001,,,,,,,
ORD-10033,CUST-1169,Ramon Ribeiro,Daniel Brown,West,Australia,direct,PROD-145,Headphones,Food,2023-12-01 00:00:00,17,1883.26,29.1%,81.98,Cash,Completed,3.4,9845.07,67.0,Small Business,WH-01,Yes,2.0,Customer Changed Mind,32015.42,9316.48722,22698.93278,22616.95278,,,,,,,
ORD-10815,CUST-1176,Henrique Cardoso,Emma Wilson,South,UK,Wholesale,PROD-115,Monitor,Office Supplies,2023-10-05 00:00:00,8,1538.53,0.203,106.83,PayPal,Completed,2.5,8784.51,29.0,Small Business,WH-03,Yes,8.0,Wrong Item,12308.24,2498.57272,9809.66728,9702.83728,,,,,,,
ORD-11012,CUST-1024,Priscila Oliveira,Emma Wilson,East,Australia,Retail,PROD-132,Mouse,Food,2025-02-19 00:00:00,11,1016.48,0.094,22.7,PayPal,Cancelled,4.9,4785.89,22.0,Small Business,WH-03,No,7.0,,11181.28,1051.04032,10130.23968,10107.53968,,,,,,,
ORD-10429,CUST-1353,Ramon Vieira,Emma Wilson,South,Canada,Retail,PROD-126,Monitor,Furniture,2025-10-10 00:00:00,19,937.95,0.2,40.38,Debit Card,Cancelled,4.9,3852.77,49.0,Small Business,WH-03,No,8.0,Wrong Item,17821.05,3564.21,14256.84,14216.46,,,,,,,
ORD-10338,CUST-1374,Daniel Cardoso,Grace Taylor,North,UK,Direct,PROD-117,Keyboard,Clothing,2024-09-11 00:00:00,10,1720.0,0.162,141.75,Bank Transfer,Returned,4.8,3757.83,59.0,Corporate,WH-01,Yes,9.0,Damaged,17200.0,2786.4,14413.6,14271.85,,,,,,,
ORD-11018,CUST-1145,Manuela Rocha,Henry Moore,South,Brazil,Wholesale,PROD-140,Headphones,Electronics,2023-03-27 00:00:00,14,1279.29,0.07,108.59,Debit Card,Completed,1.6,9969.74,23.0,Consumer,WH-04,No,4.0,Customer Changed Mind,17910.059999999998,1253.7042,16656.355799999998,16547.765799999997,,,,,,,
ORD-10922,CUST-1280,Priscila Pereira,Alice Johnson,Central,UK,Online,PROD-122,Monitor,Clothing,2025-04-16 00:00:00,15,743.68,0.012,52.51,Credit Card,Completed,1.9,2102.66,20.0,Corporate,WH-04,No,11.0,Customer Changed Mind,11155.2,133.86239999999998,11021.3376,10968.8276,,,,,,,
ORD-11134,CUST-1000,Amanda Ferreira,Grace Taylor,Central,Germany,Online,PROD-148,Mouse,Food,2023-05-05 00:00:00,13,1681.37,0.238,16.93,Bank Transfer,Completed,1.7,5414.12,44.0,Enterprise,WH-03,No,3.0,Damaged,21857.81,5202.158779999999,16655.65122,16638.72122,,,,,,,
ORD-10539,CUST-1249,Eduardo Ribeiro,Grace Taylor,North,France,Online,PROD-141,Keyboard,Clothing,2022-04-11 00:00:00,12,1084.84,0.001,73.27,Credit Card,Completed,3.3,8268.89,49.0,Corporate,WH-01,Yes,9.0,Late Delivery,13018.079999999998,13.018079999999998,13005.061919999998,12931.791919999998,,,,,,,
ORD-10109,CUST-1135,Vinicius Oliveira,Daniel Brown,West,Canada,Online,PROD-108,Monitor,Food,2025-11-11 00:00:00,13,375.26,0.234,111.49,PayPal,Completed,2.5,3273.69,58.0,Small Business,WH-03,No,14.0,Wrong Item,4878.38,1141.54092,3736.83908,3625.34908,,,,,,,
ORD-10195,CUST-1232,Juliana Correia,Emma Wilson,North,France,Direct,PROD-130,Mouse,Food,2025-03-25 00:00:00,5,626.08,0.0,74.78,Credit Card,Completed,3.7,8449.84,51.0,Enterprise,WH-03,No,6.0,Damaged,3130.4,0.0,3130.4,3055.62,,,,,,,
ORD-10257,CUST-1200,Leticia Freitas,Frank Miller,North,Australia,Online,PROD-107,Printer,Furniture,,1,1044.65,0.211,44.51,Bank Transfer,Completed,3.3,3457.35,55.0,Small Business,WH-01,No,11.0,Wrong Item,1044.65,220.42115,824.2288500000001,779.7188500000001,,,,,,,
ORD-10223,CUST-1080,Diego Lima,Carla Davis,South,USA,Direct,PROD-104,Phone,Electronics,2025-05-18 00:00:00,11,1275.51,0.284,52.75,Credit Card,Completed,2.7,3796.21,64.0,Small Business,WH-02,No,11.0,,14030.61,3984.69324,10045.91676,9993.16676,,,,,,,
ORD-10888,CUST-1105,Fernanda Oliveira,,Central,Brazil,Direct,PROD-116,Tablet,Electronics,2023-03-25 00:00:00,3,2063.86,0.162,84.65,Debit Card,Completed,4.6,3447.25,56.0,Consumer,WH-03,No,7.0,Damaged,6191.58,1003.03596,5188.54404,5103.89404,,,,,,,
ORD-10144,CUST-1282,Laura Santos,Daniel Brown,Central,Germany,Online,PROD-111,Laptop,Food,31/02/2025,1,2083.16,0.226,142.96,Cash,Cancelled,3.7,6247.79,58.0,Corporate,WH-01,No,6.0,Damaged,2083.16,470.79416,1612.36584,1469.40584,,,,,,,
ORD-10871,CUST-1102,Beatriz Costa,Henry Moore,West,France,Direct,PROD-118,Desk,Electronics,2022-04-27 00:00:00,10,1143.49,0.05,14.66,Cash,Completed,4.9,4399.72,63.0,Small Business,WH-01,No,14.0,Damaged,11434.9,571.745,10863.155,10848.495,,,,,,,
ORD-10059,CUST-1339,Renata Ramos,Daniel Brown,North,Canada,Wholesale,PROD-135,  Laptop ,Clothing,2024-12-24 00:00:00,7,652.73,0.119,14.02,Credit Card,Completed,3.9,7316.0,35.0,Consumer,WH-03,No,4.0,Late Delivery,4569.110000000001,543.72409,4025.38591,4011.36591,,,,,,,
ORD-10445,CUST-1179,Leticia Dias,Emma Wilson,Central,France,Online,PROD-127,Notebook,Food,2023-03-10 00:00:00,1,2286.57,0.267,101.32,Bank Transfer,Completed,4.9,5899.3,56.0,Small Business,WH-03,No,5.0,Damaged,2286.57,610.5141900000001,1676.05581,1574.73581,,,,,,,
ORD-11078,CUST-1172,Manuela Pereira,Emma Wilson,Central,Germany,Online,PROD-144,Keyboard, ,2025-05-05 00:00:00,20,2083.29,0.203,149.01,Debit Card,Completed,2.8,4776.96,23.0,Consumer,WH-01,No,1.0,Customer Changed Mind,41665.8,8458.157400000002,33207.6426,33058.6326,,,,,,,
ORD-11035,CUST-1314,Mariana Monteiro,Alice Johnson,South,Australia,Wholesale,PROD-125,  Phone ,Electronics,2024-03-07 00:00:00,4,1228.1,0.179,12.75,Credit Card,Completed,3.9,4643.97,48.0,Small Business,WH-04,Yes,2.0,Damaged,4912.4,879.3195999999999,4033.0804,4020.3304,,,,,,,
ORD-10210,CUST-1095,Natalia Santos,Emma Wilson,West,Canada,Direct,PROD-120,Coffee Maker,Food,2025-09-16 00:00:00,6,1930.11,0.185,26.2,PayPal,Completed,4.0,8898.81,61.0,Consumer,WH-03,No,4.0,Customer Changed Mind,11580.66,2142.4221,9438.2379,9412.0379,,,,,,,
ORD-11094,CUST-1319,Beatriz Nogueira,Henry Moore,West,Australia,Online,PROD-114,Notebook,Furniture,2025-01-10 00:00:00,5,901.11,0.202,18.81,,Completed,2.3,8679.89,54.0,Consumer,WH-02,No,10.0,Wrong Item,4505.55,910.1211,3595.4289,3576.6189,,,,,,,
ORD-10582,CUST-1089,Aline Teixeira,Frank Miller,Central,USA,Retail,PROD-124,  Coffee Maker ,Office Supplies,2025-01-24 00:00:00,13,467.46,0.06,106.81,N/A,Completed,4.7,4789.36,26.0,Small Business,WH-04,No,11.0,Late Delivery,6076.98,364.6188,5712.361199999999,5605.551199999999,,,,,,,
ORD-10494,CUST-1125,Bruno Dias,Alice Johnson,West,USA,Direct,PROD-115,Desk,Office Supplies,2023-10-26 00:00:00,13,1855.87,0.214,58.87,PayPal,Completed,4.6,2965.14,57.0,Enterprise,WH-03,Yes,2.0,,24126.31,5163.030339999999,18963.27966,18904.40966,,,,,,,
ORD-11136,CUST-1319,Mariana Rocha,Bob Smith,East,USA,Retail,PROD-109,Desk,Electronics,2023-06-13 00:00:00,12,1257.89,0.09,103.04,Cash,Returned,3.2,7428.78,19.0,Small Business,WH-04,No,10.0,Damaged,15094.68,1358.5212,13736.1588,13633.1188,,,Check address,,,,
ORD-11055,CUST-1386,Amanda Mendes,Grace Taylor,North,Canada,Wholesale,PROD-123,Notebook,Office Supplies,2024-09-20 00:00:00,17,970.73,0.245,44.48,Debit Card,Completed,4.4,2506.92,69.0,Consumer,WH-01,No,8.0,,16502.41,4043.09045,12459.31955,12414.83955,,,,,,,
ORD-11064,CUST-1219,Gabriel Martins,Emma Wilson,West,France,Direct,PROD-110,Keyboard,Office Supplies,2023-10-25 00:00:00,13,740.69,0.289,143.71,Credit Card,Completed,2.4,2531.43,53.0,Small Business,WH-04,Yes,13.0,Wrong Item,9628.97,2782.77233,6846.197670000001,6702.487670000001,,,,,,,
ORD-10905,CUST-1234,Ramon Pereira,Henry Moore,West,Usa,Direct,PROD-105,Headphones,Clothing,2025-12-21 00:00:00,5,792.91,0.067,4.99,Debit Card,Completed,2.5,6614.51,45.0,Enterprise,WH-04,No,2.0,Wrong Item,3964.55,265.62485,3698.92515,3693.93515,,,,,,,
ORD-10122,CUST-1200,Eduardo Barbosa,Henry Moore,East,USA,Online,PROD-128,Chair,Office Supplies,2023-08-07 00:00:00,11,,0.06,111.25,Credit Card,Completed,3.1,5506.37,38.0,Consumer,WH-01,No,14.0,Damaged,726.88,43.6128,683.2672,572.0172,,,,,,,
ORD-11037,CUST-1228,Bianca Castro,Daniel Brown,West,Australia,Wholesale,PROD-110,Notebook,Furniture,2022-03-21 00:00:00,15,2070.43,0.019,19.1,PayPal,Cancelled,2.5,6441.27,47.0,Corporate,WH-01,No,12.0,Customer Changed Mind,31056.45,590.07255,30466.37745,30447.27745,,,,,,,
ORD-10593,CUST-1248,vinicius freitas,Carla Davis,South,Germany,Direct,PROD-104,Coffee Maker,Furniture,2024-01-05 00:00:00,15,2333.61,0.017,18.43,Bank Transfer,Completed,4.5,1764.46,45.0,Consumer,WH-01,No,5.0,,35004.15,595.07055,34409.079450000005,34390.649450000004,,,,,,,
ORD-10479,CUST-1345,Patricia Barbosa,Frank Miller,West,Canada,Wholesale,PROD-124,Laptop,Furniture,2022-11-20 00:00:00,20,1083.73,0.03,113.71,PayPal,Completed,2.8,9620.64,,Consumer,WH-04,No,3.0,Late Delivery,21674.6,650.2379999999999,21024.362,20910.652,,,,,,,
ORD-10811,CUST-1216,Pedro Santana,Alice Johnson,East,Germany,Direct,PROD-141,Notebook,Furniture,2023-02-24 00:00:00,8,78.54,0.055,32.89,Bank Transfer,Returned,2.3,3907.13,30.0,Consumer,WH-04,No,12.0,,628.32,34.5576,593.7624000000001,560.8724000000001,,,,,,,
,,Leonardo Ribeiro,,,,,,,,,,,,,,,,,,,,,,,,,,,,,,,,,
ORD-10373,CUST-1279,Felipe Mendes,Bob Smith,South,Canada,Wholesale,PROD-136,Chair,Electronics,2024-08-28 00:00:00,6,290.79,0.275,76.5,Bank Transfer,Completed,2.1,3312.6,62.0,Corporate,WH-04,No,4.0,Wrong Item,1744.7400000000002,479.8035000000001,1264.9365000000005,1188.4365000000005,,,,,,,
ORD-11172,CUST-1152,Caio Vieira,Bob Smith,West,Australia,Wholesale,PROD-112,Desk,  Electronics ,2024-11-08 00:00:00,14,1065.85,0.073,88.1,Debit Card,Pending,4.6,9251.54,52.0,Consumer,WH-02,No,12.0,Wrong Item,14921.899999999998,1089.2986999999998,13832.601299999998,13744.501299999998,,,,,,,
ORD-10797,CUST-1364,Priscila Ferreira,Henry Moore,East,UK,Online,PROD-117,Monitor,Electronics,2022-03-10 00:00:00,15,USD 2007.68,0.157,99.33,Bank Transfer,Completed,2.5,627.82,34.0,Small Business,WH-03,No,2.0,Late Delivery,30115.2,4728.0864,25387.1136,25287.7836,,,,,,,
ORD-10369,CUST-1098,Vinicius Mendes,Alice Johnson,South,Canada,Direct,PROD-132,Phone,Furniture,2023-09-15 00:00:00,20,1718.03,0.204,88.55,cash,Returned,4.9,858.71,21.0,Small Business,WH-04,No,3.0,Customer Changed Mind,34360.6,7009.562399999999,27351.0376,27262.4876,,,,,,,
ORD-11027,CUST-1082,Fernanda Oliveira,Frank Miller,South,USA,Direct,PROD-135,Chair,Office Supplies,2022-11-29 00:00:00,1,2287.31,0.201,145.11,Bank Transfer,Completed,1.9,5480.22,61.0,Consumer,WH-03,No,14.0,Late Delivery,2287.31,459.74931,1827.56069,1682.4506899999997,,,,,,,
ORD-11170,CUST-1062,Vinicius Carvalho,Emma Wilson,Central,Canada,Direct,PROD-143,Keyboard,Food,2023-12-01 00:00:00,20,991.41,0.144,92.33,Debit Card,Returned,3.8,2709.93,28.0,Small Business,WH-03,No,9.0,Wrong Item,19828.2,2855.2608,16972.9392,16880.6092,,,,,,,
ORD-10029,CUST-1235,Laura Silva,Emma Wilson,North,Canada,Wholesale,PROD-145,Desk,Furniture,2024-10-29 00:00:00,16,USD 920.18,0.098,77.68,Bank Transfer,Completed,3.6,9155.12,67.0,Enterprise,WH-02,No,12.0,Damaged,14722.88,1442.84224,13280.03776,13202.35776,,,,,,,
ORD-10049,CUST-1273,Camila Mendes,  Henry Moore ,West,France,Online,PROD-122,Notebook,Clothing,2024-03-29 00:00:00,7,1281.15,0.151,133.8,Debit Card,Completed,2.2,8137.61,,Enterprise,WH-02,No,14.0,Wrong Item,8968.050000000001,1354.1755500000002,7613.874450000001,7480.074450000001,,,,,,,
ORD-11112,CUST-1129,Murilo Silva,Alice Johnson,North,Australia,Direct,PROD-132,Coffee Maker,Food,2023-02-12 00:00:00,12,1805.51,0.131,87.94,Cash,Completed,4.2,7612.87,45.0,Consumer,WH-01,No,8.0,Late Delivery,21666.12,2838.26172,18827.85828,18739.91828,,,,,,,
ORD-10368,CUST-1005,Carolina Nogueira,Bob Smith,North,Brazil,Direct,PROD-127,Notebook,Food,2022-02-18 00:00:00,16,161.92,0.248,23.64,Cash,Completed,2.6,6386.08,47.0,Enterprise,WH-02,Yes,14.0,Damaged,2590.72,642.49856,1948.22144,1924.58144,,,,,,,
ORD-10832,CUST-1144,Amanda Vieira,Henry Moore,North,Brazil,wholesale,PROD-117,Chair,Furniture,2023-01-09 00:00:00,10,454.99,0.063,43.58,PayPal,Completed,2.1,5471.81,55.0,Corporate,WH-04,Yes,8.0,Late Delivery,4549.9,286.6437,4263.2563,4219.6763,,,,,,,
ORD-10255,CUST-1143,Aline Mendes,Grace Taylor,West,UK,Wholesale,PROD-102,Monitor,Clothing,2022-08-01 00:00:00,1,1758.85,0.004,104.48,Credit Card,Completed,1.7,9624.15,66.0,Consumer,WH-01,No,8.0,,1758.85,7.0354,1751.8146,1647.3346,,,,,,,
ORD-10442,CUST-1057,Beatriz Souza,Alice Johnson,North,Australia,Online,PROD-122,Monitor,Clothing,2025-07-26 00:00:00,13,2319.12,0.255,118.72,Cash,Completed,1.8,9494.59,23.0,Enterprise,WH-03,Yes,6.0,Late Delivery,30148.56,7687.882799999999,22460.6772,22341.9572,,,Manual review,,,,
ORD-10295,CUST-1232,Laura Nogueira,Henry Moore,central,USA,Retail,PROD-122,Chair,Electronics,2024-02-02 00:00:00,7,2061.33,0.211,37.63,Bank Transfer,Pending,3.0,809.72,65.0,Corporate,WH-04,No,6.0,,14429.31,3044.58441,11384.72559,11347.09559,,,,,,,
ORD-11097,CUST-1381,Carolina Ribeiro,Bob Smith,East,France,Retail,PROD-127,Notebook,Furniture,2024-12-01 00:00:00,12,145.41,0.059,101.13,Credit Card,Completed,,2907.1,43.0,Small Business,WH-01,No,3.0,Damaged,1744.92,102.95028,1641.96972,1540.83972,,,,,,,
ORD-10261,CUST-1348,Priscila Monteiro,Carla Davis,South,Canada,Direct,PROD-102,Keyboard,Office Supplies,2022-07-24 00:00:00,20,1460.64,0.081,59.08,Debit Card,Completed,4.4,6810.46,46.0,Enterprise,WH-03,No,10.0,Late Delivery,29212.800000000003,2366.2368,26846.563200000004,26787.4832,,,,,,,
ORD-10679,CUST-1121,Leticia Ferreira,Daniel Brown,East,Brazil,Online,PROD-106,  Tablet ,Clothing,2022-10-14 00:00:00,5,675.15,0.284,101.75,PayPal,Pending,2.6,9662.89,71.0,Enterprise,WH-03,No,12.0,Damaged,3375.75,958.713,2417.0370000000003,2315.2870000000003,,,,,,,
,,,,,,,,,,,,,,,,,,,,,,,,,,,,,,,,,,,
ORD-10805,CUST-1238,Leticia Teixeira,Henry Moore,South,UK,Online,PROD-117,Coffee Maker,Office Supplies,12/11/2022,-1,1946.07,0.067,2.74,Bank Transfer,Completed,2.6,4364.62,54.0,Enterprise,WH-01,No,9.0,Damaged,38921.4,2607.7338000000004,36313.6662,36310.9262,,,,,,,
ORD-11116,CUST-1100,Renata Freitas,Frank Miller,South,Canada,Wholesale,PROD-143,Mouse,Clothing,2024-11-10 00:00:00,10,2406.06,0.178,121.13,PayPal,Completed,3.4,8022.81,73.0,Corporate,WH-02,No,10.0,Customer Changed Mind,24060.6,4282.7868,19777.8132,19656.6832,,,,,,,
ORD-10663,CUST-1234,Thiago Lima,Alice Johnson,Central,USA,Wholesale,PROD-108,Phone,Furniture,2023-11-08 00:00:00,18,1894.87,0.3,11.64,Credit Card,Completed,,874.94,28.0,Small Business,WH-01,No,3.0,Late Delivery,34107.66,10232.298,23875.362,23863.722,,,,,,,
ORD-10592,CUST-1276,Laura Barbosa,Bob Smith,South,Australia,Retail,PROD-119,Headphones,Furniture,2023-02-16 00:00:00,4,275.03,0.18,50.61,PayPal,Returned,3.9,615.1,66.0,Small Business,WH-01,Yes,1.0,,1100.12,198.0216,902.0984,851.4883999999998,,,,,,,
ORD-11013,CUST-1067,Camila Azevedo,Carla Davis,West,Brazil,Direct,PROD-109,Headphones,Electronics,2025-06-04 00:00:00,16,846.36,0.145,15.49,Credit Card,Completed,4.3,1976.62,51.0,Corporate,WH-01,No,6.0,Wrong Item,13541.76,1963.5552,11578.2048,11562.7148,,,,,,,
ORD-10940,CUST-1132,Clara Gomes,Grace Taylor,Central,Germany,Direct,PROD-149,Desk,Furniture,2023-08-30 00:00:00,9,1470.84,0.028,15.28,Credit Card,Completed,2.6,9543.69,73.0,Corporate,WH-02,No,14.0,Wrong Item,13237.56,370.65168,12866.90832,12851.628319999998,,,Check address,,,,
ORD-11188,CUST-1288,Juliana Rocha,Bob Smith,North,Brazil,Online,PROD-112,Phone,Furniture,2025-07-25 00:00:00,0,203.74,0.049,77.91,PayPal,Cancelled,2.1,4577.56,27.0,Corporate,WH-01,No,9.0,Damaged,1833.66,89.84934000000001,1743.81066,1665.90066,,,,,,,
ORD-10861,CUST-1312,Daniel Silva,Bob Smith,North,Germany,Retail,PROD-123,Phone,Office Supplies,2024-03-30 00:00:00,,686.96,0.174,29.85,PayPal,Completed,4.5,6275.14,53.0,Consumer,WH-01,No,14.0,Customer Changed Mind,3434.8,597.6552,2837.1448,2807.2948,,,,,,,
ORD-10159,CUST-1221,Joao Moreira,Alice Johnson,West,France,Online,PROD-123,Phone,Furniture,2023-04-22 00:00:00,14,538.28,0.206,135.33,Bank Transfer,Completed,4.4,2710.73,45.0,Small Business,WH-04,Yes,2.0,Wrong Item,7535.92,1552.39952,5983.52048,5848.19048,,,,,,,
ORD-10266,CUST-1146,Sofia Dias,Grace Taylor,East,Brazil,Online,PROD-106,Mouse,Furniture,2024-03-26 00:00:00,12,1668.26,0.288,4.66,Debit Card,Completed,1.3,9158.58,unknown,Consumer,WH-02,No,12.0,Wrong Item,20019.12,5765.506559999999,14253.61344,14248.95344,,,Manual review,,,,
ORD-11182,CUST-1390,Gabriel Pereira,Alice Johnson,North,France,Retail,PROD-139,Phone,Office Supplies,2023-03-03 00:00:00,10,1620.38,0.078,63.5,Debit Card,Cancelled,1.8,4877.11,73.0,Corporate,WH-02,No,2.0,Customer Changed Mind,16203.8,1263.8964,14939.9036,14876.4036,,,,,,,
ORD-10116,CUST-1378,Rodrigo Lima,Bob Smith,South,France,Direct,PROD-142,Laptop,Furniture,2025-07-25 00:00:00,3,1718.0,0.214,66.0,Debit Card,Completed,4.7,6411.77,49.0,Small Business,WH-03,No,12.0,Wrong Item,5154.0,1102.956,4051.044,3985.044,,,,,,,
ORD-10850,CUST-1161,Murilo Mendes,Daniel Brown,West,Australia,Wholesale,PROD-142,Tablet,Clothing,2025-12-09 00:00:00,18,2086.14,,85.57,Cash,Completed,1.1,593.89,60.0,Corporate,WH-01,Yes,3.0,,37550.52,10514.1456,27036.3744,26950.8044,,,,,,,
ORD-10457,CUST-1195,Leonardo Souza,Henry Moore,North,Germany,Retail,PROD-144,Keyboard,Food,2025-04-10 00:00:00,17,1271.55,0.142,89.18,,Completed,2.4,3582.8,74.0,Consumer,WH-02,No,7.0,Customer Changed Mind,21616.35,3069.5217,18546.8283,18457.6483,,,,,,,
ORD-10201,CUST-1164,Amanda Gomes,Grace Taylor,North,Germany,Wholesale,PROD-133,Keyboard,Electronics,2023-01-17 00:00:00,12,2269.5,0.101,62.53,Debit Card,Pending,3.6,6821.09,44.0,Small Business,WH-01,No,3.0,Damaged,27234.0,2750.634,24483.366,24420.836000000003,,,,,,,
ORD-10827,CUST-1022,Lucas Barbosa,Grace Taylor,North,France,Retail,PROD-142,Monitor,Food,2022-09-04 00:00:00,7,1911.79,0.1,113.86,Debit Card,Completed,3.3,2759.3,61.0,Consumer,WH-04,No,11.0,Late Delivery,13382.53,1338.253,12044.276999999998,11930.416999999998,,,,,,,
ORD-10673,CUST-1173,Bruno Silva,,Central,Germany,Wholesale,PROD-106,Laptop,Electronics,2025-09-24 00:00:00,12,2103.41,0.187,75.7,Credit Card,Completed,3.2,3753.97,74.0,Enterprise,WH-01,No,4.0,Late Delivery,25240.92,4720.05204,20520.86796,20445.16796,,,,,,,
ORD-10594,CUST-1163,Carolina Santos,Bob Smith,Central,USA,Direct,PROD-118,Printer,Office Supplies,2024-09-07 00:00:00,5,837.11,0.233,12.7,PayPal,Completed,4.7,8571.91,54.0,Small Business,WH-01,No,12.0,Wrong Item,4185.55,975.23315,3210.31685,3197.6168500000003,,,,,,,
ORD-10102,CUST-1300,Amanda Cardoso,Daniel Brown,East,Brazil,Retail,PROD-142,Coffee Maker,Furniture,2025/02/27,8,556.59,0.062,53.61,Bank Transfer,Cancelled,4.4,2392.75,23.0,Enterprise,WH-03,No,2.0,,4452.72,276.06864,4176.65136,4123.04136,,,,,,,
ORD-10907,CUST-1239,Gabriel Ramos,Bob Smith,West,Brazil,Retail,PROD-100,Chair,Electronics,2025-04-08 00:00:00,13,1615.55,0.131,23.18,Cash,Completed,3.3,1670.91,28.0,Corporate,WH-03,Yes,3.0,Wrong Item,21002.15,2751.28165,18250.86835,18227.68835,,,,,,,
ORD-10114,CUST-1162,Leonardo Ribeiro,Grace Taylor,Central,Germany,Direct,PROD-135,Notebook,Office Supplies,2022-02-12 00:00:00,7,-50,28.9%,75.96,Credit Card,Completed,4.4,5411.75,65.0,Consumer,WH-04,No,14.0,,15433.46,4460.26994,10973.19006,10897.230060000002,,,,,,,
ORD-10912,CUST-1182,Clara Teixeira,Henry Moore,North,Australia,Wholesale,PROD-143,Monitor,Electronics,2023-10-15 00:00:00,11,1679.13,0.004,105.0,Credit Card,Completed,4.7,3662.56,56.0,Consumer,WH-01,No,6.0,Damaged,18470.43,73.88172,18396.54828,18291.54828,,,,,,,
ORD-10073,CUST-1259,Murilo Carvalho,Emma Wilson,North,Canada,Wholesale,PROD-145,Mouse,Office Supplies,2025/07/13,2,1048.24,0.123,38.88,Credit Card,Completed,1.7,5015.38,N/A,Enterprise,WH-02,No,5.0,Late Delivery,2096.48,257.86704,1838.61296,1799.7329599999998,,,,,,,
ORD-10973,CUST-1126,Joao Correia,Emma Wilson,Central,Brazil,Direct,PROD-132,Printer,Electronics,2025-07-07 00:00:00,17,-50,0.013,28.18,Debit Card,Returned,4.9,9638.83,,Consumer,WH-04,No,7.0,Customer Changed Mind,12397.76,161.17087999999998,12236.58912,12208.40912,,,,,,,
ORD-10961,CUST-1060,Camila Moraes,Henry Moore,West,Canada,Retail,PROD-106,Printer,Furniture,2025-09-23 00:00:00,2,1824.92,0.166,77.7,Debit Card,Completed,3.1,4974.78,35.0,Corporate,WH-02,No,1.0,,3649.84,605.8734400000001,3043.96656,2966.26656,,,,,,,
ORD-10931,CUST-1050,Gabriel Lima,Carla Davis,Central,Brazil,Online,PROD-103,  Phone ,Clothing,2023-11-19 00:00:00,11,1540.95,0.04,103.78,Cash,Returned,2.6,3359.37,44.0,Small Business,WH-04,No,5.0,Damaged,16950.45,678.018,16272.432,16168.652,,,,,,,
ORD-11022,CUST-1033,Carolina Barbosa,Carla Davis,North,Canada,Direct,PROD-127,Notebook,Office Supplies,2022-11-30 00:00:00,8,1117.64,0.13,102.72,Debit Card,Returned,4.3,2603.0,57.0,Enterprise,WH-04,Yes,3.0,,8941.12,1162.3456,7778.7744,7676.0544,,,,,,,
ORD-10933,CUST-1004,Rafael Nogueira,Alice Johnson,Central,Canada,Online,PROD-113,Phone,Office Supplies,16/02/2022,-1,2376.58,0.015,79.01,Debit Card,Completed,1.3,4107.57,24.0,Corporate,WH-02,No,9.0,Late Delivery,21389.22,320.8383,21068.3817,20989.371700000003,,,,,,,
ORD-10787,CUST-1081,Murilo Dias,Alice Johnson,South,Germany,Direct,PROD-142,Desk,Electronics,2025-03-27 00:00:00,7,1285.47,0.113,130.15,PayPal,Cancelled,4.7,4012.18,23.0,Small Business,WH-02,No,11.0,Customer Changed Mind,8998.29,1016.80677,7981.483230000001,7851.333230000001,,,,,,,
ORD-11024,CUST-1263,Ramon Correia,Bob Smith,East,Australia,Direct,PROD-145,Phone,Clothing,2025-03-11 00:00:00,5,1818.52,0.212,106.16,Debit Card,Completed,2.6,3372.51,67.0,Consumer,WH-02,No,8.0,Damaged,9092.6,1927.6312,7164.968800000001,7058.808800000001,,,,,,,
ORD-10838,CUST-1172,Henrique Carvalho,   ,West,Canada,Direct,PROD-106,Tablet,Furniture,2023-12-14 00:00:00, 5 ,746.26,0.289,24.06,Bank Transfer,Completed,1.2,6102.68,54.0,Enterprise,WH-03,No,10.0,Customer Changed Mind,12686.42,3666.37538,9020.04462,8995.984620000001,,,,,,,
ORD-10060,CUST-1091,Beatriz Vieira,Bob Smith,East,Australia,Online,PROD-113,Laptop,Clothing,2024-06-18 00:00:00,18,$nan,0.109,106.02,Credit Card,Pending,1.4,6746.0,63.0,Enterprise,WH-01,Yes,11.0,Damaged,19423.44,2117.15496,17306.28504,17200.26504,,,,,,,
ORD-10093,CUST-1052,Daniel Moreira,Emma Wilson,South,USA,Online,PROD-137,Coffee Maker,Clothing,2023-06-04 00:00:00,10,25.45,0.168,40.79,CREDIT CARD,Completed,2.1,5635.86,26.0,Small Business,WH-01,No,3.0,Customer Changed Mind,254.5,42.756,211.744,170.954,,,,,,,
ORD-10421,CUST-1019,Laura Costa,Frank Miller,West,Germany,Online,PROD-123,Notebook,Electronics,2023-06-21 00:00:00,13,1149.35,0.056,53.44,bank transfer,Completed,2.6,826.5,50.0,Corporate,WH-04,No,13.0,Late Delivery,14941.55,836.7268,14104.8232,14051.383199999998,,,,,,,
ORD-10951,CUST-1248,Renata Ribeiro,Frank Miller,West,France,Direct,PROD-105,Chair,Electronics,2025-04-21 00:00:00,17,639.17,0.285,110.16,Bank Transfer,Completed,4.9,4876.64,24.0,Enterprise,WH-01,No,12.0,Late Delivery,10865.89,3096.77865,7769.111349999999,7658.951349999999,,,,,,,
ORD-11058,CUST-1039,Joao Barbosa,  Henry Moore ,   ,UK,Wholesale,PROD-116,Chair,Furniture,2022-03-08 00:00:00,9,1070.7,0.103,3.94,Credit Card,Completed,2.4,8942.35,thirty-two,Small Business,WH-04,No,9.0,Wrong Item,9636.3,992.5389,8643.761100000002,8639.821100000001,,,,,,,
ORD-10619,CUST-1061,Andre Vieira,Carla Davis,North,Germany,Direct,PROD-107,Monitor,Food,2022-01-13 00:00:00,4,780.52,0.093,129.46,PayPal,Completed,4.6,3351.52,62.0,Enterprise,WH-03,No,6.0,Customer Changed Mind,3122.08,290.35344,2831.72656,2702.26656,,,,,,,
ORD-10024,CUST-1276,Sofia Castro,Bob Smith,South,Germany,Wholesale,PROD-103,Tablet,Electronics,2022-08-24 00:00:00,7,1505.46,0.011,26.24,Credit Card,Completed,1.4,1450.12,58.0,Enterprise,WH-02,No,3.0,,10538.22,115.92042,10422.29958,10396.05958,,,,,,,
ORD-10795,CUST-1241,Laura Nogueira,Bob Smith,North,Germany,Direct,PROD-145,Tablet,Clothing,2023-07-31 00:00:00,2,129.84,0.156,95.91,Cash,Returned,1.1,7623.47,30.0,Consumer,WH-04,No,10.0,Late Delivery,259.68,40.51008,219.16992,123.25992,,,,,,,
ORD-10577,CUST-1214,Leticia Rocha,Frank Miller,West,Brazil,Direct,PROD-119,Desk,Furniture,2024-03-13 00:00:00,1,1052.58,0.262,91.92,Bank Transfer,Completed,2.0,2468.22,37.0,Enterprise,WH-01,no,11.0,,1052.58,275.77596,776.80404,684.88404,,,,,,,
ORD-10885,CUST-1334,Natalia Almeida,Alice Johnson,South,Brazil,Retail,PROD-129,Chair,Clothing,2022-03-04 00:00:00,18,890.71,0.149,135.35,Debit Card,Cancelled,4.9,7392.3,39.0,Enterprise,WH-01,No,3.0,Wrong Item,16032.78,2388.88422,13643.89578,13508.54578,,,,,,,
ORD-10380,CUST-1115,Priscila Barbosa,Carla Davis,Central,Germany,Direct,PROD-137,Notebook,Furniture,2022-04-21 00:00:00,15,"$1,394.42",0.254,89.5,,Completed,4.9,5190.06,39.0,Corporate,WH-02,No,14.0,Customer Changed Mind,20916.300000000003,5312.740200000001,15603.559800000005,15514.059800000005,,,,,,,
ORD-10403,CUST-1272,Priscila Souza,Alice Johnson,North,France,Online,PROD-142,Chair,Electronics,2025-04-29 00:00:00,19," 1,521.23 ",0.068,9.77,PayPal,Completed,1.6,9485.61,37.0,Corporate,WH-04,No,3.0,Wrong Item,28903.37,1965.42916,26937.94084,26928.17084,,,,,,,
ORD-10838,CUST-1172,Henrique Carvalho,   ,West,Canada,Direct,PROD-106,Tablet,Furniture,2023-12-14 00:00:00, 5 ,746.26,0.289,24.06,Bank Transfer,Completed,1.2,6102.68,54.0,Enterprise,WH-03,No,10.0,Customer Changed Mind,12686.42,3666.37538,9020.04462,8995.984620000001,,,,,,,
ORD-10099,CUST-1040,Larissa Rocha,Carla Davis,West,Canada,Wholesale,PROD-103,Printer,Office Supplies,2024/11/09,13,"$1,636.14",0.01,45.12,Cash,Completed,3.0,854.53,68.0,Corporate,WH-03,Yes,3.0,,21269.82,212.6982,21057.1218,21012.0018,,,,,,,
ORD-11029,CUST-1100,Priscila Vieira,Carla Davis,West,Australia,Retail,PROD-106,Chair,Electronics,11/20/2025,11,142.32,0.006,82.4,Debit Card,Completed,3.8,8377.36,40.0,Corporate,WH-01,No,7.0,Wrong Item,1565.52,9.39312,1556.12688,1473.72688,,,,,,,
ORD-11028,CUST-1041,Renata Azevedo,,North,Australia,Direct,PROD-149,Keyboard,Electronics,2024-09-24 00:00:00,13,165.69,twenty percent,147.95,debit card,Returned,3.8,3057.49,69.0,Consumer,WH-02,No,14.0,Late Delivery,2153.97,163.70172,1990.26828,1842.31828,,,,,,,
ORD-10702,CUST-1201,Daniel Dias,Grace Taylor,North,France,Direct,PROD-130,Coffee Maker,Electronics,2022-03-14 00:00:00,2,"$1,695.28",0.187,132.62,Cash,Completed,4.0,3934.01,47.0,Corporate,WH-03,No,1.0,Customer Changed Mind,3390.56,634.03472,2756.52528,2623.90528,,,,,,,
ORD-10464,CUST-1310,Felipe Cardoso,Carla Davis,South,Brazil,Wholesale,PROD-132,Desk,Clothing,2025-11-23 00:00:00,2,1403.08,0.194,19.59,Bank Transfer,Pending,4.6,2739.04,56.0,Corporate,WH-01,No,12.0,Late Delivery,2806.16,544.39504,2261.76496,2242.17496,,,,,,,
ORD-11019,CUST-1110,Laura Moreira,,East,Brazil,Direct,PROD-131,Desk,Office Supplies,2024-12-20 00:00:00,15,1140.26,0.269,61.77,Bank Transfer,Pending,2.9,7460.38,18.0,Enterprise,WH-03,Yes,4.0,,17103.9,4600.949100000001,12502.9509,12441.1809,,,,,,,
ORD-10546,CUST-1279,Isabela Rocha,Carla Davis,East,Brazil,Direct,PROD-147,Tablet, Office Supplies ,2022-04-02 00:00:00,20,1561.6,0.282,26.12,Bank Transfer,Completed,3.3,1946.57,57.0,Enterprise,WH-04,No,7.0,Wrong Item,31232.0,8807.423999999999,22424.576,22398.456,,,,,,,
ORD-10178,CUST-1283,Rafael Ferreira,Alice Johnson,South,USA,Direct,PROD-128,Keyboard,Electronics,2025-12-13 00:00:00,11,1902.85,0.04,23.99,Debit Card,Completed,3.9,4350.75,42.0,Consumer,WH-02,No,13.0,Wrong Item,20931.35,837.2539999999999,20094.096,20070.106,,,,,,,
ORD-10269,CUST-1198,Camila Costa,Emma Wilson,West,USA,Retail,PROD-137,Phone,Office Supplies,2022-04-16 00:00:00,5,1996.69,0.231,81.57,Cash,Completed,3.4,3960.13,66.0,Corporate,WH-01,No,9.0,Late Delivery,9983.45,2306.1769500000005,7677.27305,7595.70305,,,,,,,
ORD-10297,CUST-1146,Clara Martins,Bob Smith,West,UK,Retail,PROD-105,Printer,Office Supplies,2023-09-16 00:00:00,3,,0.073,31.21,Credit Card,Pending,2.7,5539.81,59.0,Corporate,WH-02,No,3.0,Customer Changed Mind,6247.62,456.07626,5791.54374,5760.33374,,,,,,,
ORD-10279,CUST-1098,Diego Castro,Emma Wilson,East,USA,Wholesale,PROD-142,Mouse,Food,2023-08-01 00:00:00,3,2480.64,0.008,52.21,Debit Card,Completed,1.8,8696.6,41.0,Enterprise,WH-01,No,11.0,Customer Changed Mind,7441.92,59.53536,7382.38464,7330.17464,,,,,,,
ORD-10303,CUST-1119,Renata Moraes,Emma Wilson,East,USA,Wholesale,PROD-112,Phone,Office Supplies,2022-09-21 00:00:00,16,564.52,0.058,114.46,Debit Card,Completed,3.9,1818.22,27.0,Consumer,WH-03,No,4.0,Wrong Item,9032.32,523.87456,8508.44544,8393.98544,,,,,,,
ORD-10183,CUST-1285,Clara Barbosa,Frank Miller,East,Canada,Wholesale,PROD-138,Printer,Furniture,2023-02-20 00:00:00,4,496.35,0.159,110.93,Cash,Cancelled,3.6,6202.76,74.0,Consumer,WH-03,No,3.0,Wrong Item,1985.4,315.6786,1669.7214,1558.7914,,,,,,,
ORD-10365,CUST-1157,Gustavo Santana,Daniel Brown,East,France,Retail,PROD-117,Keyboard,Clothing,2022-12-04 00:00:00,15,CONFIDENTIAL,0.037,50.97,Bank Transfer,Returned,1.3,4720.96,31.0,Small Business,WH-04,No,9.0,Late Delivery,7786.35,288.09495,7498.255050000001,7447.28505,,,,,,,
ORD-10168,CUST-1326,Manuela Azevedo,  Alice Johnson ,West,Germany,Retail,PROD-132,Notebook,Electronics,2023-06-15 00:00:00,19,1122.75,,38.4,Debit Card,Completed,1.1,7014.41,25.0,Enterprise,WH-03,No,2.0,,21332.25,3967.7985,17364.4515,17326.051499999998,,,,,,,
ORD-10039,CUST-1363,Rodrigo Ribeiro,Daniel Brown,West,France,Online,PROD-110,Printer,Clothing,2025-10-04 00:00:00,9,1222.66,0.178,101.38,Cash,Completed,4.2,1121.91,58.0,Enterprise,WH-04,No,6.0,Late Delivery,11003.94,1958.70132,9045.23868,8943.858680000001,,,,,,,
ORD-10423,CUST-1263,Ramon Lima,Daniel Brown,,UK,Retail,PROD-139,Desk,Furniture,2025-11-29 00:00:00,20,1701.13,0.156,46.75,Cash,Completed,4.9,9235.49,69.0,Corporate,WH-02,Yes,14.0,Damaged,34022.600000000006,5307.525600000001,28715.074400000005,28668.324400000005,,,,,,,
ORD-11187,CUST-1156,Manuela Freitas,Carla Davis,Central,UK,Wholesale,PROD-114,Desk,Electronics,2023-10-23 00:00:00,-5,622.53,0.278,48.6,PayPal,completed,5.0,8036.52,35.0,Enterprise,WH-04,No,12.0,Wrong Item,2490.12,692.25336,1797.8666399999995,1749.2666399999998,,,,,,,
ORD-10575,CUST-1241,Bianca Cardoso,Emma Wilson,Central,,Retail,PROD-130,Keyboard,  Clothing ,2023-11-29 00:00:00,15,429.82,0.249,69.34,Debit Card,Completed,2.0,5599.71,46.0,Enterprise,WH-04,No,13.0,,6447.3,1605.3777,4841.9223,4772.5823,,,,,,,
ORD-10362,CUST-1016,Vinicius Carvalho,  Bob Smith ,West,Germany,Direct,PROD-121,Tablet,Electronics,2025-08-08 00:00:00,3,1055.09,0.06,39.29,PayPal,Completed,3.5,6052.67,,Enterprise,WH-04,Yes,9.0,,3165.2699999999995,189.9162,2975.3537999999994,2936.0637999999994,,,,,,,
ORD-10056,CUST-1345,Eduardo Rocha,Daniel Brown,East,USA,Wholesale,PROD-128,Headphones,Furniture,2025-02-03 00:00:00,ten,2086.11,0.294,5.1,Debit Card,Completed,1.3,6569.98,24.0,Corporate,WH-04,Yes,12.0,Late Delivery,10430.55,3066.5817,7363.9683,7358.8683,,,,,,,
ORD-10814,CUST-1282,Leonardo Azevedo,Henry Moore,South,USA,Wholesale,PROD-105,Chair,  Clothing ,2023-03-10 00:00:00,7,1789.12,0.003,105.66,Cash,Completed,4.0,4089.27,34.0,Enterprise,WH-02,No,11.0,Late Delivery,12523.84,37.57152,12486.26848,12380.60848,,,,,,,
ORD-10635,CUST-1222,Priscila Moreira, ,West,USA,Online,PROD-123,Keyboard,Furniture,"July 13, 2024",1,1282.97,0.194,105.5,Bank Transfer,Pending,2.3,1669.98,37.0,Consumer,WH-04,Yes,13.0,Damaged,1282.97,248.89618,1034.07382,928.57382,,,,,,,
ORD-10561,CUST-1267,Ramon Moreira,Frank Miller,CENTRAL,Australia,Online,PROD-106,Notebook,Office Supplies,2023-04-11 00:00:00,3,628.75,twenty percent,30.01,,Completed,4.7,6727.15,71.0,Consumer,WH-01,Yes,10.0,Late Delivery,1886.25,164.10375,1722.14625,1692.13625,,,,,,,
ORD-10689,CUST-1144,Aline Pereira,Daniel Brown,South,France,Retail,PROD-140,Monitor,Electronics,2022-11-21 00:00:00,17,2473.85,0.174,68.39,PayPal,Returned,2.2,8643.38,57.0,Consumer,WH-02,Yes,12.0,Damaged,42055.45,7317.648299999999,34737.8017,34669.4117,,,,,,,
ORD-10432,CUST-1214,Manuela Santana,Henry Moore,Central,UK,Wholesale,PROD-108,Mouse,Electronics,2023-11-20 00:00:00,3,107.86,0.179,145.58,Credit Card,returned,1.5,7578.19,73.0,Consumer,WH-02,No,12.0,Damaged,323.58,57.92081999999999,265.65918,120.07917999999998,,,,,,,
ORD-10966,CUST-1007,Manuela Carvalho,Frank Miller,West,France,Retail,PROD-132,Desk,Food,2024-02-17 00:00:00,8,57.23,0.257,56.89,Cash,Completed,2.5,2789.04,48.0,Consumer,WH-01,Yes,12.0,Customer Changed Mind,457.84,117.66488,340.17512,283.28512,,,,,,,
ORD-10844,CUST-1347,Clara Lima,Carla Davis,North,France,Wholesale,PROD-121,Chair,Office Supplies,2022-03-15 00:00:00,9,152.98,0.279,65.11,PayPal,Completed,4.6,9672.74,19.0,Enterprise,WH-01,No,2.0,Wrong Item,1376.82,384.13278,992.68722,927.57722,,,,,,,
ORD-10070,CUST-1389,Gustavo Oliveira,  Grace Taylor ,Central,France,Wholesale,PROD-128,Desk,Electronics,2022-12-20 00:00:00,17,2218.33,0.036,10.35,Credit Card,Completed,2.1,9304.49,53.0,Enterprise,WH-03,No,8.0,,37711.61,1357.6179599999998,36353.99204,36343.64204,,,,,,,
ORD-10064,CUST-1205,Natalia Moreira,Grace Taylor,West,USA,Online,PROD-127,Coffee Maker,Food,2025-09-28 00:00:00,16,1358.66,0.181,62.7,PayPal,Completed,3.2,5612.09,46.0,Corporate,WH-02,No,14.0,Late Delivery,21738.56,3934.67936,17803.880640000003,17741.180640000002,,,,,,,
ORD-10581,CUST-1092,Larissa Ferreira,Frank Miller,Central,Canada,Direct,PROD-101,Keyboard,Food,01/04/2025,12,1962.34,N/A,84.95,Cash,Completed,2.5,9752.53,47.0,Small Business,WH-01,No,5.0,,23548.08,3744.14472,19803.93528,19718.98528,,,,,,,
ORD-10647,CUST-1052,Gabriel Oliveira,Grace Taylor,East,USA,Retail,PROD-127,Chair,Clothing,2024-02-09 00:00:00,2,798.79,0.166,139.32,Credit Card,Returned,2.6,3812.12,43.0,Enterprise,WH-04,No,14.0,,1597.58,265.19828,1332.38172,1193.06172,,,,,,,VIP
ORD-10434,CUST-1050,Leonardo Gomes,Alice Johnson,East,Australia,Retail,PROD-130,Keyboard,clothing,2025-07-04 00:00:00,18,,,125.22,Cash,Completed,4.8,3402.55,40.0,Corporate,WH-01,No,7.0,Wrong Item,31064.58,7921.4679,23143.1121,23017.8921,,,,,,,
ORD-10242,CUST-1323,Isabela Ribeiro,Bob Smith,West,Australia,Wholesale,PROD-111,Printer,Food,2022-10-18 00:00:00,10,1515.33,0.211,27.09,Credit Card,Returned,3.7,7063.09,64.0,Consumer,WH-02,No,10.0,Damaged,15153.3,3197.3463,11955.9537,11928.8637,,,,,,,
ORD-10935,CUST-1169,Rodrigo Oliveira,Emma Wilson,East,Australia,Direct,PROD-106,Phone,Food,2023-04-09 00:00:00,17,1365.91,,60.3,Bank Transfer,Completed,2.6,1925.23,74.0,Small Business,WH-02,Yes,4.0,Late Delivery,23220.47,464.4094,22756.0606,22695.7606,,,,,,,
ORD-10967,CUST-1112,Carolina Azevedo,Daniel Brown,South,Canada,Online,PROD-114,Printer,Food,not a date,19,1512.27,0.145,115.75,Bank Transfer,Completed,2.6,4741.23,54.0,Corporate,WH-01,No,11.0,,28733.13,4166.30385,24566.82615,24451.07615,,,,,,,
ORD-10076,CUST-1217,Andre Nogueira,Emma Wilson,Central,Germany,Retail,PROD-141,Keyboard,Furniture,2025-03-02 00:00:00,13,1243.52,0.237,69.17,Cash,Completed,2.9,6435.67,46.0,Enterprise,WH-01,No,11.0,Late Delivery,16165.76,3831.28512,12334.47488,12265.30488,,,,,,,
ORD-11062,CUST-1005,Juliana Rocha, ,Central,Brazil,retail,PROD-129,Printer,Furniture,2023-04-15 00:00:00,16,2109.48,0.06,143.66,Credit Card,Cancelled,1.1,2943.53,63.0,Corporate,WH-03,No,4.0,Wrong Item,33751.68,2025.1008,31726.5792,31582.9192,,,,,,,
ORD-11196,CUST-1085,Luana Ramos,Emma Wilson,West,France,Wholesale,PROD-102,Headphones,Office Supplies,2025-02-20 00:00:00,4,891.74,0.114,91.81,Credit Card,Completed,4.0,8810.33,72.0,Small Business,WH-03,No,14.0,Late Delivery,3566.96,406.63344,3160.32656,3068.51656,,,,,,,
ORD-10867,CUST-1340,  Joao Oliveira,Alice Johnson,North,Germany,Direct,PROD-148,Desk,Electronics,2023-05-08 00:00:00,18,1442.32,0.208,130.61,Debit Card,Completed,2.1,4349.94,47.0,Small Business,WH-04,No,13.0,Customer Changed Mind,25961.76,5400.046079999999,20561.71392,20431.10392,,,,,,,
ORD-10462,CUST-1046,Felipe Moraes,Emma Wilson,Central,Australia,Retail,PROD-102,Laptop,Furniture,2023-09-15 00:00:00,10,707.37,N/A,49.5,paypal,Returned,5.0,4844.3,24.0,Enterprise,WH-01,No,4.0,Customer Changed Mind,7073.7,813.4755,6260.2245,6210.7245,,,,,,,
ORD-10559,CUST-1178,Gustavo Oliveira,Frank Miller,Central,France,Online,PROD-109,Chair,Food,2024-10-06 00:00:00,10,1724.71,0.09,86.48,PayPal,Completed,4.8,5824.64,42.0,Small Business,WH-02,No,14.0,Wrong Item,17247.1,1552.2389999999998,15694.861,15608.381,,,,,,,
ORD-10813,CUST-1314,Andre Silva,Grace Taylor,North,UK,Wholesale,PROD-135,Chair,Furniture,2024-07-04 00:00:00,8,2466.19,0.268,146.29,Bank Transfer,Completed,2.9,9490.63,64.0,Corporate,WH-01,No,7.0,Wrong Item,19729.52,5287.51136,14442.00864,14295.71864,,,,,,,
ORD-10285,CUST-1059,Patricia Souza,Daniel Brown,West,Australia,Online,PROD-149,Coffee Maker,Food,2025-10-23 00:00:00,5,2301.08,0.154,0.16,Debit Card,Completed,4.5,3799.78,43.0,Enterprise,WH-04,No,1.0,Wrong Item,11505.4,1771.8316,9733.5684,9733.4084,,,,,,,
ORD-10289,CUST-1303,Joao Carvalho,,East,Germany,Retail,PROD-125,Coffee Maker,Clothing,2023-06-29 00:00:00,11,1521.85,0.246,124.38,Cash,Completed,1.1,2563.06,56.0,Consumer,WH-03,No,3.0,Damaged,16740.35,4118.1261,12622.2239,12497.8439,,,,,,,
ORD-10699,CUST-1181,Priscila Azevedo,Daniel Brown,South,France,Online,PROD-113,Phone,Office Supplies,2022-12-31 00:00:00,20,2393.5,0.031,142.67,Cash,Pending,,4204.0,38.0,Corporate,WH-03,Yes,12.0,Damaged,47870.0,1483.97,46386.03,46243.36,,,,,,,
ORD-10974,CUST-1055,Andre Vieira,Grace Taylor,East,Australia,Wholesale,PROD-115,Phone,Office Supplies,2023-08-14 00:00:00,12,1967.43,0.226,39.19,Credit Card,Completed,1.1,5461.18,66.0,Corporate,WH-04,Yes,14.0,,23609.16,5335.67016,18273.48984,18234.299840000003,,,,,,,
ORD-10493,CUST-1095,Isabela Barbosa,Frank Miller,South,Australia,Direct,PROD-133,Tablet,Office Supplies,2025-11-27 00:00:00,10,2030.47,0.154,47.89,Cash,Completed,3.7,853.71, 42 ,Enterprise,WH-03,Yes,14.0,Customer Changed Mind,20304.7,3126.9238,17177.7762,17129.8862,,,,,,,
ORD-10523,CUST-1038,Thiago Moraes,Frank Miller,East,Germany,Retail,PROD-125,Mouse,Furniture,not a date,16,259.68,0.265,145.22,Bank Transfer,Completed,1.8,3838.23,50.0,Enterprise,WH-03,No,5.0,Late Delivery,4154.88,1101.0432,3053.8368,2908.6168,,,,,,,
ORD-10058,CUST-1385,Rafael Silva,Emma Wilson,Central,Australia,Online,PROD-132,Phone,Electronics,2022-10-04 00:00:00,3,866.93,0.172,69.89,Debit Card,Completed,2.6,9879.77,60.0,Consumer,WH-02,Yes,10.0,Customer Changed Mind,2600.79,447.33588,2153.45412,2083.56412,,,,,,,
ORD-10333,CUST-1194,Rafael Freitas,Emma Wilson,North,Brazil,Wholesale,PROD-104,Notebook,Furniture,2022-09-06 00:00:00,8,849.62,0.147,5.83,Bank Transfer,Completed,4.7,3811.62,21.0,Consumer,WH-03,No,11.0,Damaged,6796.96,999.15312,5797.80688,5791.97688,,,,,,,
ORD-10549,CUST-1257,Felipe Gomes,Alice Johnson,West,Canada,Retail,PROD-129,Laptop,Clothing,2022-11-13 00:00:00,2,1611.52,0.024,120.0,Bank Transfer,Completed,1.3,5903.46,61.0,Enterprise,WH-04,No,5.0,Damaged,3223.04,77.35296,3145.68704,3025.68704,,,,,,,
ORD-10126,CUST-1047,Lucas Gomes,Frank Miller,West,Germany,Wholesale,PROD-130,Phone,Furniture,28/07/2024,8,19.78,0.238,80.49,Credit Card,Completed,1.6,3136.52,25.0,Enterprise,WH-04,Yes,3.0,,158.24,37.66112,120.57888,40.08888,,,,,,,
ORD-10835,CUST-1365,Priscila Santos,Alice Johnson,West,Australia,Retail,PROD-133,Keyboard,Electronics,2024-12-24 00:00:00,16,783.76,0.098,134.38,Credit Card,pending,1.6,2829.59,19.0,Enterprise,WH-04,No,3.0,Wrong Item,12540.16,1228.93568,11311.22432,11176.84432,,,,,,,
ORD-10809,CUST-1281,Isabela Moraes,Alice Johnson,North,UK,Direct,PROD-132,Tablet,Electronics,2025-03-14 00:00:00,1,2306.94,0.257,24.01,Debit Card,Completed,2.3,8338.37,49.0,Enterprise,WH-03,No,5.0,,2306.94,592.88358,1714.05642,1690.04642,,,,,,,
ORD-11156,CUST-1088,Daniel Oliveira,Carla Davis,,UK,Wholesale,PROD-125,Desk,Furniture,2023-02-15 00:00:00,4,411.48,0.124,77.69,Cash,Completed,3.2,6061.79,49.0,Enterprise,WH-01,Yes,12.0,Wrong Item,1645.92,204.09408,1441.82592,1364.13592,,,,,,,
ORD-10796,CUST-1250,Isabela Freitas,Bob Smith,North,Brazil,Retail,PROD-132,Notebook,Clothing,2022-09-25 00:00:00,13,USD 178.14,0.299,67.13,PayPal,Completed,1.2,2185.42,35.0,Consumer,WH-03,Yes,1.0,,2315.82,692.4301799999998,1623.38982,1556.2598199999998,,,,,,,
ORD-11162,CUST-1294,Carolina Gomes,Carla Davis,East,USA,Wholesale,PROD-110,Phone,Electronics,2024-11-26 00:00:00,5,674.36,0.01,94.75,Credit Card,Completed,1.1,3577.01,42.0,Corporate,WH-03,No,11.0,Late Delivery,3371.8,33.718,3338.0820000000003,3243.3320000000003,,,,,,,
,,,,,,,,,,,,,,,,,,,,,,,,,,,,,,,,,,,
ORD-10005,CUST-1188,Clara Rocha,Emma Wilson,South,Canada,Wholesale,PROD-110,Mouse,Furniture,2025-04-14 00:00:00,18,705.37,0.204,138.4,Bank Transfer,Completed,3.3,3304.67,62.0,Small Business,WH-02,No,7.0,Late Delivery,12696.66,2590.11864,10106.54136,9968.14136,,,,,,,
ORD-10882,CUST-1307,Pedro Silva,Frank Miller,Central,UK,Online,PROD-133,Mouse,Office Supplies,2023-11-16 00:00:00,19,,0.109,54.75,Credit Card,Completed,5.0,6114.07,42.0,Small Business,WH-01,No,1.0,Late Delivery,42169.92999999999,4596.522369999999,37573.40763,37518.65763,,,,,,,
ORD-10886,CUST-1029,Gabriel Martins,Bob Smith,Central,Canada,Wholesale,PROD-147,Phone,  FOOD ,2023-05-19 00:00:00,13,186.0,0.18,118.54,Debit Card,Completed,4.2,9290.76,55.0,Consumer,WH-02,No,11.0,Late Delivery,2418.0,435.24,1982.76,1864.22,,,,,,,
ORD-10051,CUST-1088,Carolina Santana,Henry Moore,Central,USA,Retail,PROD-127,Coffee Maker,Office Supplies,2024-01-12 00:00:00,13,260.05,0.195,134.31,PayPal,Completed,3.4,1303.18,74.0,Small Business,WH-04,No,9.0,Wrong Item,3380.65,659.22675,2721.42325,2587.11325,,,,,,,
,,Murilo Pereira,,,,,,,,,,,,,,,,,unknown,,,,,,,,,,,,,,,,
ORD-10405,CUST-1392,Camila Gomes,Henry Moore,North,USA,Wholesale,PROD-122,Headphones,Clothing,2025-11-17 00:00:00,12,666.96,0.127,20.28,Cash,Completed,4.3,2510.87,51.0,Enterprise,WH-01,NO,5.0,,8003.52,1016.44704,6987.07296,6966.792960000001,,,,,,,
ORD-10152,CUST-1062,Natalia Monteiro,Carla Davis,East,Brazil,Retail,PROD-122,Phone,Electronics,not a date,20,1708.4,0.163,143.48,Debit Card,Completed,2.1,4858.18,19.0,Corporate,WH-03,No,3.0,Wrong Item,34168.0,5569.384,28598.616,28455.136,,,,,,,
ORD-10736,CUST-1212,Carolina Monteiro,Grace Taylor,South,Canada,Wholesale,PROD-128,Headphones,Electronics,2023-01-30 00:00:00,10,452.85,0.23,49.92,Credit Card,Completed,2.8,8055.59,49.0,Consumer,WH-03,No,5.0,Late Delivery,4528.5,1041.555,3486.945,3437.025,,,,,,,
ORD-10822,CUST-1196,Leonardo Silva,Emma Wilson,Central,Germany,Direct,PROD-112,Desk,Clothing,2025-04-08 00:00:00,12,1452.2,0.169,126.94,Debit Card,Completed,4.2,2457.67,43.0,Small Business,WH-04,No,6.0,Wrong Item,17426.4,2945.0616000000005,14481.3384,14354.3984,,,,,,,
ORD-10874,CUST-1225,Daniel Teixeira,Bob Smith,Central,Germany,Wholesale,PROD-129,Headphones,Office Supplies,2024-03-24 00:00:00,5,178.42,0.077,63.97,Bank Transfer,Completed,1.8,2841.13,27.0,Small Business,WH-01,No,5.0,Wrong Item,892.0999999999999,68.6917,823.4082999999999,759.4382999999999,,,,,,,
ORD-10101,CUST-1014,Carolina Azevedo,Grace Taylor,South,Brazil,Direct,PROD-103,Phone,Clothing,2024-08-26 00:00:00,14,163.7,0.231,82.8,Credit Card,Completed,1.7,8452.45,67.0,Corporate,WH-02,No,1.0,Damaged,2291.8,529.4058,1762.3941999999995,1679.5941999999998,,,,,,,
ORD-10553,CUST-1151,Vinicius Freitas,Frank Miller,East,UK,Wholesale,PROD-141,Keyboard,Office Supplies,2022-08-06 00:00:00,7,1073.14,0.076,76.09,Bank Transfer,Completed,1.1,6805.28,65.0,Consumer,WH-02,YES,1.0,Late Delivery,7511.98,570.91048,6941.069520000001,6864.979520000001,,,,,,,
ORD-10072,CUST-1105,Mariana Costa,Frank Miller,South,USA,Retail,PROD-114,Headphones,Food,2022-11-13 00:00:00,20,949.71,,133.08,Cash,Completed,3.5,8499.07,65.0,Enterprise,WH-04,No,1.0,Damaged,18994.2,4482.6312,14511.5688,14378.4888,,,,,,,
ORD-10143,CUST-1358,Beatriz Almeida,,Central,USA,Online,PROD-143,Printer,Furniture,2025-03-23 00:00:00,13,1794.46,twenty percent,129.11,Debit Card,Completed,2.3,6074.15,21.0,Small Business,WH-03,No,8.0,Late Delivery,23327.98,886.4632399999999,22441.51676,22312.40676,,,,,,,
ORD-11070,CUST-1368,Daniel Barbosa,Carla Davis,Central,Germany,Wholesale,PROD-109,Laptop,Clothing,2024-08-22 00:00:00,16,2008.63,0.232,31.33,Bank Transfer,Pending,3.5,2931.56,30.0,Enterprise,WH-03,No,3.0,Damaged,32138.08,7456.034560000001,24682.04544,24650.71544,,,,,,,
ORD-10759,CUST-1357,Ramon Santos,Henry Moore,South,Brazil,Retail,PROD-115,Notebook,Office Supplies,2023-10-02 00:00:00,2,449.73,0.214,84.28,PayPal,Completed,1.3,8683.73,55.0,Corporate,WH-01,No,14.0,Customer Changed Mind,899.46,192.48444,706.9755600000001,622.6955600000001,,,,,,,
ORD-10894,CUST-1137,Murilo Freitas,Daniel Brown,West,USA,Direct,PROD-145,Tablet,Electronics,2023-11-11 00:00:00,9,1119.27,0.154,71.92,Debit Card,Returned,1.3,1150.24,20.0,Corporate,WH-02,No,10.0,Damaged,10073.43,1551.30822,8522.12178,8450.20178,,,,,,,
ORD-10137,CUST-1130,Manuela Correia,Bob Smith,West,UK,Wholesale,PROD-103,Desk,Clothing,2025-07-23 00:00:00,19,2265.4,0.289,61.48,Debit Card,Completed,2.0,6338.94,43.0,Small Business,WH-01,No,10.0,,43042.6,12439.3114,30603.2886,30541.8086,,,,,,,
ORD-10345,CUST-1050,Natalia Lima,Bob Smith,East,UK,Online,PROD-146,Notebook,Furniture,2023-07-12 00:00:00,16,53.71,0.188,21.38,Bank Transfer,Pending,2.1,1682.19,49.0,Corporate,WH-02,No,3.0,Customer Changed Mind,859.36,161.55968,697.80032,676.4203200000001,,,,,,,
ORD-10906,CUST-1042,Patricia Carvalho,Daniel Brown,South,UK,Wholesale,PROD-136,Tablet,  Clothing ,2023-09-30 00:00:00,14,1486.72,0.225,36.16,Cash,Completed,,3074.06,27.0,Enterprise,WH-03,No,3.0,Late Delivery,20814.08,4683.168000000001,16130.912,16094.752,,,,,,,
ORD-10579,CUST-1089,Henrique Teixeira,Bob Smith,Central,Canada,Wholesale,PROD-116,Phone,Electronics,2022-12-17 00:00:00,12,162.11,0.002,18.26,Credit Card,Cancelled,3.3,6693.17,18.0,Consumer,WH-02,No,11.0,Damaged,1945.32,3.89064,1941.42936,1923.16936,,,Check address,,,,
ORD-10526,CUST-1253,Juliana Oliveira,Grace Taylor,West,Australia,retail,PROD-115,Monitor,Electronics,2024-11-20 00:00:00,2,303.96,0.246,52.15,Credit Card,Completed,1.1,4439.18,63.0,Corporate,WH-01,No,1.0,,607.92,149.54832,458.37168,406.22168,,,Follow up,,,,
ORD-10758,CUST-1271,Manuela Barbosa,Daniel Brown,South,Germany,Retail,PROD-136,Tablet,Furniture,31/11/2022,1,2109.75,0.134,123.32,Credit Card,Completed,2.8,8067.61,74.0,Enterprise,WH-03,No,5.0,Wrong Item,2109.75,282.7065,1827.0435,1703.7235,,,,,,,
ORD-10613,CUST-1216,Natalia Azevedo,Henry Moore,East,USA,Retail,PROD-118,Tablet,Food,2024-10-11 00:00:00,17,422.42,0.197,3.49,Debit Card,Completed,1.6,8302.47,59.0,Consumer,WH-01,No,2.0,Customer Changed Mind,7181.14,1414.68458,5766.45542,5762.96542,,,,,,,
ORD-10965,CUST-1256,Priscila Castro,Alice Johnson,South,France,Direct,PROD-125,Chair,Electronics,2023-11-03 00:00:00,7,568.11,0.24,66.0,PayPal,Completed,1.1,6026.61,69.0,Consumer,WH-04,Yes,12.0,Customer Changed Mind,3976.77,954.4248,3022.3452,2956.3452,,,,,,,
ORD-10970,CUST-1179,Joao Dias,Bob Smith,North,USA,Online,PROD-126,Desk,Clothing,2024-12-27 00:00:00,13,182.95,0.148,133.56,Bank Transfer,Completed,2.5,3545.58,49.0,Consumer,WH-02,No,10.0,Wrong Item,2378.35,351.9958,2026.3542,1892.7942,,,,,,,
ORD-10136,CUST-1100,Lucas Martins,  Bob Smith ,East,Australia,Wholesale,PROD-140,Printer,Food,2022-10-26 00:00:00,11,1871.78,0.103,47.8,Bank Transfer,Completed,1.4,3249.09,,Corporate,WH-04,N,8.0,Wrong Item,20589.58,2120.72674,18468.85326,18421.05326,,,,,,,
ORD-10262,CUST-1258,Gabriel Azevedo,,East,France,Online,PROD-147,Mouse,Food,2023-01-16 00:00:00,9,158.58,0.151,44.76,PayPal,Completed,1.9,9043.15,25.0,Enterprise,WH-02,Yes,13.0,Wrong Item,1427.22,215.51022,1211.70978,1166.94978,,,,,,,
ORD-10484,CUST-1126,Mariana Costa,Emma Wilson,South,France,Wholesale,PROD-122,Mouse,Clothing,2022-12-12 00:00:00,19,2100.21,0.238,78.36,Credit Card,Completed,3.1,8313.2,71.0,Enterprise,WH-04,No,9.0,,39903.99,9497.149619999998,30406.84038,30328.48038,,,,,,,
ORD-10120,CUST-1027,Diego Nogueira,Henry Moore,South,Brazil,Online,PROD-117,Chair,Electronics,2024-06-30 00:00:00,7,1517.47,0.166,115.34,Debit Card,Returned,1.2,4327.22,71.0,Corporate,WH-04,No,8.0,Damaged,10622.29,1763.3001400000005,8858.989860000001,8743.649860000001,,,Follow up,,,,
ORD-11107,CUST-1137,Murilo Moraes,Carla Davis,West,Australia,Online,PROD-148,Monitor,Electronics,2024-04-25 00:00:00,1,356.24,0.074,108.6,Credit Card,Pending,4.7,5415.13,39.0,Corporate,WH-03,No,13.0,Late Delivery,356.24,26.36176,329.87824,221.27824,,,,,,,
ORD-10205,CUST-1171,Carolina Mendes,Alice Johnson,West,USA,Retail,PROD-101,Phone,Furniture,2022-09-27 00:00:00,4,1340.46,0.225,84.25,Cash,Completed,3.2,6719.42,36.0,Consumer,WH-02,No,4.0,Late Delivery,5361.84,1206.414,4155.426,4071.176,,,,,,,
ORD-10069,CUST-1001,Aline Souza,Alice Johnson,South,Germany,Retail,PROD-129,Phone,Office Supplies,2023-06-29 00:00:00,4,1264.66,0.108,79.49,Credit Card,Completed,1.5,3099.05,29.0,Consumer,WH-02,No,10.0,Late Delivery,5058.64,546.33312,4512.30688,4432.81688,,,,,,,
ORD-11191,CUST-1037,Bianca Oliveira,   ,Central,Canada,Direct,PROD-147,Laptop,Electronics,2023-04-02 00:00:00,20,2348.45,0.198,87.56,Credit Card,Pending,3.0,1383.29,29.0,Corporate,WH-03,No,9.0,Wrong Item,46969.0,9299.862,37669.138,37581.578,,,,,,,
ORD-11032,CUST-1281,Vinicius Rocha,Alice Johnson,North,,Wholesale,PROD-124,Desk,Clothing,2024-05-19 00:00:00,14,CONFIDENTIAL,0.123,133.85,PayPal,Completed,3.3,6249.79,33.0,Corporate,WH-04,No,2.0,,18233.6,2242.7328,15990.867200000002,15857.017200000002,,,,,,,
ORD-10101,CUST-1014,Thiago Silva  ,Grace Taylor,South,Brazil,Direct,PROD-103,Phone,Clothing,2024-08-26 00:00:00,14,163.7,0.231,82.8,Credit Card,Completed,1.7,8452.45,67.0,Corporate,WH-02,No,1.0,Damaged,2291.8,529.4058,1762.3941999999995,1679.5941999999998,,,,,,,
ORD-10089,CUST-1207,Felipe Moraes,Frank Miller,Central,Australia,Direct,PROD-109,Monitor,Furniture,2025-09-05 00:00:00,-5,990.03,0.101,37.88,Credit Card,completed,4.5,2077.61,34.0,Enterprise,WH-04,No,2.0,Customer Changed Mind,5940.18,599.9581800000001,5340.221820000001,5302.341820000001,,,,,,,
ORD-10336,CUST-1175,Bianca Carvalho,Carla Davis,West,Canada,Retail,PROD-117,Mouse,Office Supplies,2022-06-06 00:00:00,5,-50,0.145,42.35,Credit Card,Completed,3.7,1763.54,40.0,Enterprise,WH-02,Yes,1.0,Wrong Item,6655.299999999999,965.0184999999998,5690.281499999999,5647.931499999999,,,,,,,
ORD-10344,CUST-1364,Priscila Mendes,Alice Johnson,North,Canada,Direct,PROD-111,Headphones,Electronics,2022-02-02 00:00:00,11,2013.51,0.007,8.78,Debit Card,Completed,2.1,4562.46,32.0,Corporate,WH-03,No,2.0,Late Delivery,22148.61,155.04027000000002,21993.56973,21984.78973,,,,,,,
ORD-11075,CUST-1202,Murilo Ferreira,Frank Miller,Central,UK,Wholesale,PROD-147,Tablet,Furniture,2024-08-22 00:00:00,18,1272.09,0.165,3.62,Bank Transfer,Completed,1.3,6656.83,28.0,Enterprise,WH-04,No,2.0,Damaged,22897.62,3778.1073,19119.5127,19115.8927,,,,,,,
ORD-10002,CUST-1270,Bianca Martins,Bob Smith,West,Germany,Retail,PROD-125,Monitor,Food,2025-11-26 00:00:00,16,1112.75,0.247,58.41,Debit Card,Completed,1.2,4559.63,27.0,Enterprise,WH-02,No,14.0,Customer Changed Mind,17804.0,4397.588,13406.412,13348.002,,,,,,,
,,,,,,,,,,,,,,,,,,,,,,,,,,,,,,,,,,,
ORD-10335,CUST-1032,Larissa Martins,Grace Taylor,North,Brazil,Retail,PROD-119,Monitor,Clothing,2024-07-28 00:00:00,11,912.08,0.063,96.77,Credit Card,Completed,1.2,4457.68,51.0,Consumer,WH-03,No,2.0,Wrong Item,10032.88,632.07144,9400.80856,9304.03856,,,,,,,
ORD-10395,CUST-1279,Beatriz Teixeira,Carla Davis,North,France,Direct,PROD-139,Headphones,  Clothing ,2025-11-24 00:00:00,9,2385.46,0.156,112.87,Debit Card,Completed,4.6,732.72,30.0,Small Business,WH-03,No,12.0,Wrong Item,21469.14,3349.18584,18119.95416,18007.084160000002,,,,,,,
ORD-10998,CUST-1191,Larissa Monteiro,Grace Taylor,South,UK,Online,PROD-140,Tablet,Food,2022-08-29 00:00:00,6,1100.83,0.035,63.32,Debit Card,Cancelled,2.8,5475.63,24.0,Small Business,WH-03,No,10.0,Customer Changed Mind,6604.98,231.1743,6373.8057,6310.4857,,,,,,,
ORD-10385,CUST-1322,Andre Teixeira,Emma Wilson,Central,USA,Wholesale,PROD-127,Notebook,Furniture,2022-11-25 00:00:00,16,1934.82,0.147,98.05,Debit Card,Completed,3.1,4111.11,68.0,Corporate,WH-03,No,8.0,Customer Changed Mind,30957.12,4550.696639999999,26406.42336,26308.37336,,,,,,,
ORD-11021,CUST-1110,Ramon Gomes,Bob Smith,West,Germany,Direct,PROD-126,Laptop,Electronics,2024-02-29 00:00:00,4,1651.21,0.153,5.11,Cash,Completed,2.1,2058.79,,Enterprise,WH-03,No,8.0,Late Delivery,6604.84,1010.54052,5594.29948,5589.18948,,,,,,,
ORD-10419,CUST-1035,Felipe Ribeiro,Henry Moore,West,UK,Wholesale,PROD-143,Desk,Food,2023-08-29 00:00:00,17,1722.14,0.004,65.44,Debit Card,Completed,3.1,6050.08,62.0,Corporate,WH-04,No,1.0,Wrong Item,29276.38,117.10552,29159.27448,29093.83448,,,,,,,
ORD-10772,CUST-1219,Beatriz Ramos  ,Alice Johnson,West,UK,Direct,PROD-116,Desk,Clothing,2024-04-28 00:00:00,15,1736.23,0.248,115.29,Credit Card,Completed,2.4,9836.97,25.0,Consumer,WH-04,No,9.0,,26043.45,6458.7756,19584.6744,19469.3844,,,,,,,
ORD-10074,CUST-1309,Luana Moraes,Emma Wilson,North,Brazil,Online,PROD-124,Monitor,Food,2024-12-24 00:00:00,18,1368.83,0.247,18.35,PayPal,completed,1.0,7323.76,27.0,Enterprise,WH-04,No,11.0,Wrong Item,24638.94,6085.818179999999,18553.12182,18534.77182,,,,,,,
ORD-10291,CUST-1139,Matheus Mendes,Emma Wilson,North,France,Online,PROD-147,Coffee Maker,Electronics,2022-06-01 00:00:00,18,1138.3,0.161,5.11,Bank Transfer,Completed,2.5,6240.29,33.0,Consumer,WH-02,No,7.0,,20489.4,3298.7934,17190.6066,17185.4966,,,,,,,
ORD-10852,CUST-1258,Matheus Almeida,Carla Davis,Central,Germany,Wholesale,PROD-120,Notebook,Office Supplies,2025-03-29 00:00:00,11,536.58,0.002,64.53,Debit Card,Completed,,3375.13,32.0,Corporate,WH-02,No,6.0,Customer Changed Mind,5902.38,11.80476,5890.57524,5826.04524,,,,,,,
ORD-10739,CUST-1228,Carolina Ribeiro,Emma Wilson,Central,Australia,Online,PROD-106,Tablet,Furniture,2025-09-22 00:00:00,18,-50,0.192,10.47,PayPal,Completed,2.5,8262.26,54.0,Consumer,WH-03,No,5.0,Customer Changed Mind,39640.86,7611.045120000001,32029.81488,32019.34488,,,,,,,
ORD-10610,CUST-1182,Bianca Nogueira,Frank Miller,South,Australia,Direct,PROD-135,Coffee Maker,Office Supplies,2024-07-22 00:00:00,10,26.38,0.239,45.83,Debit Card,Returned,2.6,3604.79,,Small Business,WH-01,Yes,11.0,,263.8,63.0482,200.7518,154.92180000000002,,,,,,,
ORD-10487,CUST-1128,Patricia Azevedo,Grace Taylor,North,UK,Wholesale,PROD-115,Phone,Food,2025-04-30 00:00:00,3,897.67,0.071,54.64,Credit Card,Completed,3.3,3441.73,67.0,Corporate,WH-03,No,2.0,Wrong Item,2693.01,191.20371,2501.80629,2447.16629,,,,,,,
ORD-10514,CUST-1219,Aline Lima,Henry Moore,NORTH,France,Wholesale,PROD-123,Phone,Electronics,2025-12-25 00:00:00,19,1870.62,0.225,10.65,,Completed,4.7,6472.08,24.0,Corporate,WH-02,No,10.0,Late Delivery,35541.78,7996.9005,27544.8795,27534.2295,,,,,,,
ORD-10112,CUST-1080,Daniel Ribeiro,Bob Smith,West,UK,Wholesale,PROD-123,Printer,Office Supplies,2025-05-23 00:00:00,3,2497.25,0.247,23.39,Cash,Completed,5.0,4750.0,34.0,Corporate,WH-02,No,2.0,,7491.75,1850.46225,5641.28775,5617.897749999999,,,,,,,
ORD-11161,CUST-1327,Leticia Azevedo,Daniel Brown,South,Germany,Retail,PROD-125,Keyboard,Furniture,2025-02-07 00:00:00,20,1146.63,0.077,119.35,PayPal,Completed,3.6,6663.53,20.0,Consumer,WH-03,No,14.0,Late Delivery,22932.6,1765.8102,21166.7898,21047.439800000004,,,,,,,
ORD-10071,CUST-1053,Beatriz Oliveira,Carla Davis,West,USA,Online,PROD-144,Chair,Furniture,2024-01-13 00:00:00,9,898.57,,145.26,Bank Transfer,CANCELLED,3.0,5157.19,69.0,Consumer,WH-02,No,2.0,,8087.13,2418.05187,5669.07813,5523.81813,,,,,,,
ORD-10150,CUST-1379,Bianca Monteiro,Alice Johnson,West,Australia,Retail,PROD-100,Mouse,Electronics,N/A,4,2252.16,0.272,142.48,Credit Card,Completed,1.1,1191.91,64.0,Corporate,WH-03,No,9.0,Damaged,9008.64,2450.35008,6558.289919999999,6415.80992,,,,,,,
ORD-11152,CUST-1378,Joao Vieira,Daniel Brown,West,Brazil,Direct,PROD-125,Coffee Maker,Electronics,2023-02-25 00:00:00,5,335.95,0.291,44.96,Credit Card,Completed,4.5,2478.67,42.0,Consumer,WH-04,No,12.0,Damaged,1679.75,488.80725,1190.9427500000002,1145.98275,,,,,,,
ORD-10853,CUST-1378,Fernanda Moraes,Bob Smith,South,Canada,Online,PROD-125,Coffee Maker,Furniture,2024-09-27 00:00:00,12,1542.15,0.033,87.99,PayPal,Completed,1.6,8746.93,thirty-two,Consumer,WH-04,No,6.0,Damaged,18505.800000000003,610.6914000000002,17895.108600000003,17807.1186,,,,,,,
ORD-10929,CUST-1060,Larissa Monteiro,Daniel Brown,West,France,Retail,PROD-145,Laptop,Electronics,2023-01-26 00:00:00,14,189.9,,84.11,Cash,Completed,3.5,3862.73,63.0,Enterprise,WH-02,No,8.0,Damaged,2658.6,592.8678,2065.7322,1981.6222,,,,,,,
ORD-10588,CUST-1113,Murilo Lima,Alice Johnson,Central,France,Online,PROD-102,Notebook,Clothing,2024-03-10 00:00:00,5,530.1,0.196,50.65,N/A,Completed,2.0,9660.11,46.0,Consumer,WH-01,Yes,14.0,Damaged,2650.5,519.498,2131.002,2080.352,,,,,,,
ORD-10334,CUST-1127,Fernanda Moraes,Bob Smith,Central,USA,Direct,PROD-124,Coffee Maker,Food,2025-06-23 00:00:00,19,56.18,0.122,108.68,Cash,Completed,2.2,5188.41,31.0,Small Business,WH-04,Yes,6.0,Late Delivery,1067.42,130.22524,937.19476,828.51476,,,,,,,
ORD-10294,CUST-1008,Mariana Cardoso,Carla Davis,West,France,Direct,PROD-135,Mouse,Furniture,2024-08-15 00:00:00,7,1960.88,0.183,50.72,Bank Transfer,Completed,3.9,893.15,52.0,Small Business,WH-02,Yes,1.0,Damaged,13726.16,2511.88728,11214.27272,11163.552720000002,,,,,,,
ORD-10937,CUST-1021,Fernanda Correia,Bob Smith,East,Canada,Direct,PROD-118,Coffee Maker,Electronics,2022-05-14 00:00:00,6,,0.25,149.33,bank transfer,Completed,4.9,2517.05,26.0,Small Business,WH-01,No,11.0,Customer Changed Mind,2716.32,679.08,2037.24,1887.9100000000003,,,Follow up,,,,
ORD-10182,CUST-1339,Larissa Ramos,Emma Wilson,North,Brazil,Retail,PROD-101,Monitor,Furniture,2022-03-26 00:00:00,8,1871.07,0.278,24.3,Cash,Completed,4.1,5011.82,56.0,Consumer,WH-02,No,1.0,,14968.56,4161.25968,10807.300319999998,10783.00032,,,,,,,
ORD-11181,CUST-1066,Leticia Vieira,Frank Miller,Central,,Retail,PROD-135,Laptop,Electronics,09/29/2023,14,2104.33,0.105,103.53,Debit Card,Completed,2.8,3542.39,72.0,Enterprise,WH-03,No,2.0,Customer Changed Mind,29460.62,3093.3651,26367.2549,26263.7249,,,,,,,
ORD-10564,CUST-1167,Patricia Moreira,Frank Miller,Central,Australia,Retail,PROD-138,Mouse,Electronics,2024-04-17 00:00:00,6,1699.72,0.1,117.46,Bank Transfer,Completed,2.0,4100.71,51.0,Corporate,WH-03,No,1.0,Customer Changed Mind,10198.32,1019.832,9178.488,9061.028,,,,,,,
ORD-11179,CUST-1197,Aline Costa,Frank Miller,Central,Brazil,Direct,PROD-127,Keyboard,Office Supplies,2023-08-03 00:00:00,17,1607.85,0.272,116.81,Cash,Completed,4.7,7119.04,65.0,Small Business,WH-04,No,3.0,Late Delivery,27333.45,7434.698399999999,19898.7516,19781.941599999995,,,,,,,
ORD-10655,CUST-1185,NATALIA SILVA,Grace Taylor,North,USA,Online,PROD-138,Laptop,office supplies,2023-08-24 00:00:00,4,2057.73,0.062,90.28,Debit Card,Completed,2.0,3003.45,69.0,Consumer,WH-03,yes,11.0,Wrong Item,8230.92,510.31704,7720.60296,7630.32296,,,,,,,
ORD-11087,CUST-1019,Beatriz Moraes,Alice Johnson,South,France,Wholesale,PROD-117,Notebook,Clothing,2022-07-19 00:00:00,15,936.58,0.031,60.54,Bank Transfer,Cancelled,4.6,8671.4,20.0,Small Business,WH-04,No,2.0,Wrong Item,14048.7,435.5097,13613.1903,13552.6503,,,,,,,
ORD-10372,CUST-1036,Lucas Souza,Daniel Brown,West,Canada,Online,PROD-148,Notebook,  Electronics ,2024-03-05 00:00:00,6,2411.14,0.086,127.62,PayPal,Completed,3.4,5727.51,52.0,Consumer,WH-02,No,14.0,Late Delivery,14466.84,1244.14824,13222.69176,13095.07176,,,,,,,
ORD-10022,CUST-1385,Andre Santana,Bob Smith,East,Germany,Direct,PROD-110,Desk,Food,2023-07-22 00:00:00,6,366.86,,10.54,Credit Card,Pending,4.3,6767.31,39.0,Corporate,WH-01,No,7.0,Late Delivery,2201.16,504.06564,1697.0943599999998,1686.55436,,,,,,,
ORD-10652,CUST-1108,Juliana Oliveira,Frank Miller,South,Germany,Direct,PROD-125,Mouse,Furniture,2023-12-13 00:00:00,10,-50,,122.87,Debit Card,Completed,2.8,5808.91,57.0,Corporate,WH-01,No,11.0,Damaged,13341.2,1093.9784,12247.2216,12124.351599999998,,,,,,,
ORD-10423,CUST-1263,Felipe Freitas,Daniel Brown,,UK,Retail,PROD-139,Desk,Furniture,2025-11-29 00:00:00,20,1701.13,,46.75,Cash,Completed,4.9,9235.49,69.0,Corporate,WH-02,Yes,14.0,Damaged,34022.600000000006,5307.525600000001,28715.074400000005,28668.324400000005,,,,,,,
ORD-10119,CUST-1040,Luana Lima,Grace Taylor,North,USA,Online,PROD-113,Chair,Clothing,2025/02/03,3,777.03,,15.79,Credit Card,Completed,3.7,4222.99,66.0,Enterprise,WH-01,Yes,12.0,Wrong Item,2331.09,125.87886,2205.2111400000003,2189.4211400000004,,,,,,,
ORD-10944,CUST-1045,Vinicius Dias,Alice Johnson,Central,USA,Wholesale,PROD-105,Keyboard,Food,2024-08-22 00:00:00,16,765.28,0.041,132.58,PayPal,Completed,3.8,6679.59,72.0,Corporate,WH-04,No,4.0,Customer Changed Mind,12244.48,502.02368,11742.45632,11609.87632,,,,,,,
ORD-10599,CUST-1176,Amanda Monteiro,Bob Smith,West,Canada,Wholesale,PROD-123,Keyboard,Electronics,,16,874.53,0.101,28.22,debit card,Completed,1.2,1987.52,65.0,Corporate,WH-04,No,9.0,Late Delivery,13992.48,1413.24048,12579.23952,12551.01952,,,,,,,
ORD-10757,CUST-1223,Murilo Azevedo,Emma Wilson,North,USA,Direct,PROD-134,Chair,Food,2023-13-10,17,2443.54,0.259,29.01,Credit Card, Completed ,3.2,4686.71,,Corporate,WH-04,No,5.0,Late Delivery,41540.18,10758.90662,30781.27338,30752.26338,,,,,,,
ORD-11057,CUST-1030,Daniel Ramos,Frank Miller,West,Canada,Direct,PROD-103,Printer,Office Supplies,2025-02-17 00:00:00,13,USD 2008.40,0.152,100.15,Debit Card,Completed,3.1,4976.75,,Consumer,WH-03,Yes,3.0,Wrong Item,26109.2,3968.5984,22140.6016,22040.4516,,,,,,,
ORD-11023,CUST-1110,Isabela Ribeiro,Alice Johnson,West,USA,Online,PROD-116,Phone,Clothing,2024-06-09 00:00:00,19,565.53,0.113,125.66,Credit Card,Completed,3.6,1970.71,28.0,Corporate,WH-04,No,11.0,,10745.07,1214.19291,9530.87709,9405.21709,,,,,,,
ORD-10701,CUST-1090,AMANDA LIMA,Frank Miller,East,Canada,Retail,PROD-130,Keyboard,Furniture,2025-05-29 00:00:00,10,552.95,,4.27,PayPal,Completed,1.2,7458.41,55.0,Small Business,WH-01,Yes,12.0,Wrong Item,5529.5,724.3645,4805.1355,4800.8655,,,,,,,
ORD-11061,CUST-1222,  Lucas Silva,Bob Smith,North,uk,Online,PROD-147,  Laptop ,Clothing,2023-12-04 00:00:00,1,2391.64,0.291,37.89,Credit Card,Cancelled,3.2,5991.9,,Consumer,WH-01,No,10.0,Wrong Item,2391.64,695.96724,1695.67276,1657.7827599999998,,,Follow up,,,,
ORD-10302,CUST-1053,Camila Santos,Alice Johnson,North,Australia,Online,PROD-117,Notebook,Food,2022-02-12 00:00:00,4,1792.3,0.297,113.87,Credit Card,Completed,4.6,4306.6,34.0,Enterprise,WH-02,No,6.0,,7169.2,2129.2524,5039.9476,4926.0776,,,,,,,
ORD-10543,CUST-1324,Renata Dias,Alice Johnson,South,france,Direct,PROD-140,Chair,Clothing,2023-01-28 00:00:00,ten,2007.9,0.274,139.67,Cash,Completed,1.8,7166.49,30.0,Enterprise,WH-04,No,4.0,Customer Changed Mind,40158.0,11003.292,29154.708,29015.038,,,,,,,
ORD-10930,CUST-1121,Andre Mendes,Henry Moore,East,Brazil,Direct,PROD-144,Keyboard,Food,2024-06-14 00:00:00,16,1164.49,0.04,122.68,Cash,Completed,2.5,7382.96,65.0,Enterprise,WH-01,Yes,11.0,Wrong Item,18631.84,745.2736,17886.5664,17763.8864,,,,,,,
ORD-10624,CUST-1396,Natalia Ribeiro,Emma Wilson,West,Brazil,Retail,PROD-141,Notebook,Clothing,2022-05-29 00:00:00,10,2108.73,0.141,71.93,PayPal,Completed,3.6,7236.99,69.0,Enterprise,WH-02,No,12.0,,21087.3,2973.3092999999994,18113.9907,18042.0607,,,,,,,
ORD-10447,CUST-1325,Beatriz Azevedo,Daniel Brown,West,USA,Wholesale,PROD-127,Phone,Office Supplies,2022-10-16 00:00:00,13,1927.35,0.21,102.46,Cash,Completed,4.6,7636.82,69.0,Small Business,WH-04,No,7.0,Damaged,25055.55,5261.6655,19793.8845,19691.4245,,,,,,,
ORD-10016,CUST-1130,Patricia Vieira,Carla Davis,North,,Wholesale,PROD-100,Keyboard,Furniture,2023-03-17 00:00:00,15,2012.58,0.029,103.48,PayPal,Completed,4.1,9566.38,55.0,Enterprise,WH-02,No,11.0,Late Delivery,30188.7,875.4722999999999,29313.2277,29209.7477,,,,,,,
ORD-10078,CUST-1161,Clara Moreira,Alice Johnson,South,Germany,Retail,PROD-137,Coffee Maker,Food,2024-02-22 00:00:00,1,2318.38,0.025,73.55,Cash,Pending,3.0,3987.59,27.0,Small Business,WH-02,No,7.0,,2318.38,57.959500000000006,2260.4205,2186.8705,,,,,,,
,,Gabriel Mendes,,,,,,,,,,,,,,,,,,,,,,,,,,,,,,,,,
ORD-10521,CUST-1217,Carolina Martins,Daniel Brown,North,Germany,Direct,PROD-144,Chair,CLOTHING,2024-07-28 00:00:00,17,950.32,0.018,108.44,PayPal,cancelled,1.5,6396.75,36.0,Consumer,WH-01,Yes,5.0,Damaged,16155.44,290.79792,15864.64208,15756.20208,,,,,,,
ORD-10953,CUST-1120,Isabela Pereira,Frank Miller,South,USA,Wholesale,PROD-117,Chair,Food,2024-07-23 00:00:00,7,2415.42,0.028,47.72,Bank Transfer,Completed,1.6,9102.65,57.0,Corporate,WH-04,No,5.0,Wrong Item,16907.940000000002,473.42232000000007,16434.51768,16386.79768,,,,,,,
ORD-10371,CUST-1232,Priscila Monteiro,Carla Davis,central,Australia,Retail,PROD-127,Chair,Furniture,2024-01-01 00:00:00,20,1890.7,0.092,137.53,Credit Card,Returned,2.5,4430.02,56.0,Consumer,WH-02,No,6.0,Late Delivery,37814.0,3478.888,34335.112,34197.582,,,,,,,
ORD-10454,CUST-1107,Laura Silva,Emma Wilson,North,USA,Wholesale,PROD-110,Chair,Office Supplies,2025-05-15 00:00:00,9,1336.14,0.263,66.94,Cash,Cancelled,1.2,2351.26,unknown,Consumer,WH-03,No,13.0,,12025.26,3162.64338,8862.61662,8795.67662,,,,,,,
ORD-10994,CUST-1293,Carolina Nogueira,Carla Davis,West,Brazil,Direct,PROD-130,Laptop,Clothing,2022-07-08 00:00:00,13,625.8,0.222,88.37,Credit Card,Completed,1.1,5503.89,24.0,Small Business,WH-01,No,5.0,Damaged,8135.4,1806.0588,6329.3412,6240.9712,,,,,,,
ORD-10234,CUST-1125,Bruno Mendes,Bob Smith,West,,Wholesale,PROD-102,Desk,Food,2022-08-16 00:00:00,10,371.54,0.274,114.21,PayPal,CANCELLED,1.2,3585.82,22.0,Consumer,WH-01,No,10.0,Late Delivery,3715.4,1018.0196,2697.3804,2583.1704,,,,,,,
ORD-10043,CUST-1130,Caio Souza,Grace Taylor,south,UK,Online,PROD-145,Chair,Electronics,2024-01-27 00:00:00,18,1061.73,0.01,131.57,Cash,Completed,1.4,4541.44,56.0,Small Business,WH-04,No,13.0,,19111.14,191.1114,18920.0286,18788.4586,,,,,,,
ORD-10674,CUST-1140,Leonardo Gomes,Carla Davis,North,Germany,Wholesale,PROD-126,Mouse,Electronics,2024-03-08 00:00:00,2,1286.18,0.103,132.83,Cash,Completed,2.3,9554.21,65.0,Enterprise,WH-04,No,2.0,Wrong Item,2572.36,264.95308,2307.4069200000004,2174.5769200000004,,,,,,,
ORD-10987,CUST-1006,Diego Nogueira,Emma Wilson,North,Germany,Retail,PROD-132,Notebook,Clothing,2023-05-28 00:00:00,16,1608.12,0.009,49.39,Credit Card,Completed,2.4,4239.16,39.0,Small Business,WH-01,No,4.0,,25729.92,231.56928,25498.35072,25448.96072,,,Follow up,,,,
ORD-10923,CUST-1194,Thiago Correia,Bob Smith,Central,,Direct,PROD-106,Coffee Maker,Office Supplies,2022-08-30 00:00:00,6,1777.51,0.038,66.61,Debit Card,Pending,4.1,655.58,69.0,Small Business,WH-04,No,4.0,,10665.06,405.27228,10259.78772,10193.17772,,,,,,,
ORD-10749,CUST-1000,Larissa Lima,,Central,Canada,Direct,PROD-136,Headphones,Clothing,2023-01-20 00:00:00, 5 ,2369.1,0.258,77.79,CASH,Completed,5.0,7164.44,23.0,Corporate,WH-03,No,4.0,Late Delivery,7107.299999999999,1833.6834,5273.616599999999,5195.826599999999,,,,,,,
ORD-10976,CUST-1013,Daniel Almeida,Carla Davis,Central,France,Retail,PROD-137,Headphones,Food,2023-09-12 00:00:00,12,USD 115.01,0.197,55.51,Bank Transfer,Completed,2.4,9445.21,30.0,Enterprise,WH-03,No,12.0,Wrong Item,1380.12,271.88364,1108.23636,1052.72636,,,,,,,
ORD-10834,CUST-1077,Sofia Santana,Henry Moore,Central,Germany,Retail,PROD-129,Desk,office supplies,2024-01-08 00:00:00,4,32.52,0.101,100.08,Cash,Completed,1.4,5756.76,47.0,Consumer,WH-01,No,14.0,Late Delivery,130.08,13.138080000000002,116.94192,16.861920000000012,,,,,,,
ORD-10170,CUST-1242,Patricia Ferreira,Alice Johnson,North,UK,Direct,PROD-136,Laptop,Food,2025-12-20 00:00:00,19,1068.16,0.247,54.68,Cash,Completed,2.2,2709.51,47.0,Enterprise,WH-03,No,13.0,Wrong Item,20295.04,5012.87488,15282.16512,15227.48512,,,,,,,
ORD-10240,CUST-1197,Daniel Dias,Emma Wilson,North,Canada,Wholesale,PROD-134,Phone,Electronics,2025-03-08 00:00:00,13,392.58,0.016,136.73,Bank Transfer,Completed,4.7,3208.98,27.0,Consumer,WH-04,No,3.0,,5103.54,81.65664,5021.88336,4885.15336,,,,,,,
ORD-10023,CUST-1191,SOFIA MARTINS,Emma Wilson,West,France,Wholesale,PROD-138,Notebook,Clothing,2024-07-07 00:00:00,9,1843.33,0.175,103.34,Cash,Completed,2.3,9617.05,56.0,Small Business,WH-02,No,3.0,Wrong Item,16589.97,2903.24475,13686.72525,13583.38525,,,,,,,
ORD-10283,CUST-1345,Gabriel Souza,Frank Miller,East,Canada,Online,PROD-148,Headphones,Clothing,2022-05-22 00:00:00,18,,0.21,147.46,PayPal,Completed,3.1,8972.81,49.0,Consumer,WH-03,No,12.0,Late Delivery,22394.340000000004,4702.8114000000005,17691.528600000005,17544.068600000006,,,,,,,
ORD-10735,CUST-1373,Beatriz Freitas,  Henry Moore ,West,Germany,Retail,PROD-113,Coffee Maker,Clothing,2022-11-02 00:00:00,17,164.89,0.019,99.17,Bank Transfer,Completed,,9802.71,55.0,Small Business,WH-02,No,8.0,Late Delivery,2803.13,53.25946999999999,2749.87053,2650.70053,,,,,,,
ORD-10984,CUST-1186,Caio Costa,Emma Wilson,West,Germany,Retail,PROD-122,Desk,Furniture,31/02/2025,4,778.4,0.217,17.63,Cash,Completed,4.1,666.21,47.0,Small Business,WH-01,Yes,4.0,Customer Changed Mind,3113.6,675.6512,2437.9488,2420.3188,,,,,,,
ORD-11081,CUST-1325,Gustavo Oliveira,Frank Miller,Central,Germany,Online,PROD-108,Desk,  Furniture ,2024-02-11 00:00:00,1,1332.23,0.214,16.23,Debit Card,Completed,1.3,708.72,50.0,Enterprise,WH-01,Yes,14.0,Wrong Item,1332.23,285.09722,1047.13278,1030.90278,,,,,,,
ORD-10084,CUST-1214,Joao Monteiro,Emma Wilson,North,Brazil,Retail,PROD-116,Keyboard,Clothing,2024-06-27 00:00:00,7,1251.38,0.221,129.88,Debit Card,Completed,1.7,2907.96,71.0,Small Business,WH-01,No,8.0,Wrong Item,8759.66,1935.88486,6823.77514,6693.89514,,,,,,,
ORD-10299,CUST-1207,Rodrigo Moraes,Frank Miller,North,USA,Online,PROD-104,Desk,Electronics,2023-03-26 00:00:00,3,1132.85,0.223,95.48,PayPal,Completed,,5193.26,72.0,Corporate,WH-01,No,11.0,Damaged,3398.55,757.8766499999999,2640.67335,2545.19335,,,,,,,
ORD-10525,CUST-1288,Gabriel Correia,Henry Moore,South,UK,Online,PROD-116,Coffee Maker,  Food ,2025-09-20 00:00:00,13,2185.19,0.106,20.49,debit card,Completed,2.7,6600.27,71.0,Consumer,WH-02,Yes,11.0,Customer Changed Mind,28407.47,3011.19182,25396.27818,25375.78818,,,,,,,manual review
ORD-10629,CUST-1395,Isabela Ramos,Daniel Brown,East,UK,Wholesale,PROD-126,Tablet,Office Supplies,2025-03-25 00:00:00,20,386.84,0.127,105.11,PayPal,Completed,2.8,4888.98,68.0,Corporate,WH-04,No,9.0,Late Delivery,7736.799999999999,982.5736,6754.2264,6649.1164,,,,,,,
ORD-10617,CUST-1272,Murilo Ramos,   ,West,USA,Direct,PROD-146,Notebook,Office Supplies,2025-04-24 00:00:00,9,2479.49,,36.63,Debit Card,Completed,4.4,8113.71,74.0,Enterprise,WH-03,No,11.0,Damaged,22315.41,5534.221679999999,16781.188319999997,16744.558319999996,,,,,,,
ORD-10997,CUST-1014,Lucas Moreira,Frank Miller,North,France,Direct,PROD-106,Headphones,Electronics,2023-01-23 00:00:00,20,31.68,0.194,81.98,Credit Card,Completed,3.5,3582.31,29.0,Consumer,WH-03,Yes,5.0,,633.6,122.9184,510.6816,428.7016,,,,,,,
ORD-10358,CUST-1003,Gabriel Ferreira,Bob Smith,west,Germany,Wholesale,PROD-123,Laptop,Food,2023-10-24 00:00:00,11,1483.14,0.251,22.25,PayPal,Completed,4.9,9591.27,32.0,Consumer,WH-01,No,8.0,,16314.54,4094.94954,12219.59046,12197.34046,,,,,,,
ORD-11124,CUST-1304,Priscila Correia,Grace Taylor,North,,Direct,PROD-134,Keyboard,Food,2023-01-19 00:00:00,10,-50,0.253,48.7,PayPal,Completed,4.5,5223.94,52.0,Small Business,WH-04,Yes,1.0,Wrong Item,8010.900000000001,2026.7577,5984.1423,5935.442300000001,,,,,,,
ORD-10485,CUST-1392,Camila Teixeira,Emma Wilson,Central,Australia,Online,PROD-118,Phone,Clothing,2025-01-31 00:00:00,5,2492.94,0.277,64.61,Credit Card,Completed,4.7,9736.79,50.0,Enterprise,WH-02,No,6.0,Damaged,12464.7,3452.7219000000005,9011.9781,8947.3681,,,,,,,
ORD-10687,CUST-1320,Laura Lima,Alice Johnson,East,Brazil,Direct,PROD-135,Phone,Furniture,2024-03-05 00:00:00,10,1894.72,0.081,8.15,Debit Card,Completed,4.5,8850.01,52.0,Consumer,WH-01,No,11.0,Wrong Item,18947.2,1534.7232,17412.4768,17404.3268,,,,,,,
ORD-10855,CUST-1267,Thiago Lima,Emma Wilson,Central,Germany,Online,PROD-108,Notebook,Clothing,2025-04-19 00:00:00,13,2460.56,0.007,28.27,Bank Transfer,Returned,5.0,3963.42,33.0,Enterprise,WH-01,Y,1.0,Customer Changed Mind,31987.28,223.91096,31763.36904,31735.09904,,,,,,,
ORD-10327,CUST-1397,Carolina Moraes,Frank Miller,Central,USA,Direct,PROD-123,Chair,Food,2025-07-18 00:00:00,4,1259.59,0.125,45.99,Bank Transfer,Completed,1.5,6472.36,38.0,Consumer,WH-04,No,7.0,,5038.36,629.795,4408.565,4362.575,,,,,,,
ORD-10318,CUST-1337,Aline Oliveira,Henry Moore,North,Canada,Wholesale,PROD-103,Tablet,Food,2025-08-05 00:00:00,11,156.98,0.185,92.27,Debit Card,Completed,1.8,9118.79,39.0,Enterprise,WH-01,No,3.0,Customer Changed Mind,1726.78,319.4543,1407.3257,1315.0557,,,,,,,
ORD-10747,CUST-1013,Larissa Rocha,Emma Wilson,North,France,Direct,PROD-101,Headphones,Clothing,2023-04-04 00:00:00,11,1235.08,0.097,97.81,Debit Card,Completed,4.4,6900.29,24.0,Small Business,WH-04,No,4.0,,13585.88,1317.83036,12268.04964,12170.23964,,,,,,,
ORD-10228,CUST-1219,Bianca Silva,Bob Smith,Central,Australia,Wholesale,PROD-109,Coffee Maker,Furniture,2023-12-13 00:00:00,13,,0.212,110.93,Bank Transfer,Completed,1.7,5366.69, 42 ,Consumer,WH-04,No,13.0,Late Delivery,16293.29,3454.17748,12839.11252,12728.182519999998,,,,,,,
ORD-10968,CUST-1354,Henrique Castro,Emma Wilson,North,UK,Retail,PROD-135,  Keyboard ,  Clothing ,2022-08-20 00:00:00,18,1678.4,0.235,77.69,Cash,Completed,2.9,1665.7,37.0,Small Business,WH-01,No,4.0,Wrong Item,30211.2,7099.632,23111.568,23033.878,,,,,,,
ORD-11158,CUST-1041,Rafael Lima,Frank Miller,North,USA,Wholesale,PROD-119,Mouse,Clothing,2022-01-04 00:00:00,2,1388.97,0.277,86.89,Credit Card,Completed,4.5,2357.71,41.0,Consumer,WH-01,No,7.0,Customer Changed Mind,2777.94,769.4893800000001,2008.45062,1921.56062,,,Manual review,,,,
,,Thiago Lima,,,,,,,,,,,,,,,,,,,,,,,,,,,,,,,,,
ORD-10011,CUST-1087,Mariana Nogueira,Daniel Brown,West,Brazil,Wholesale,PROD-145,Chair,Office Supplies,2024-04-12 00:00:00,8,543.43,0.032,37.92,PayPal,Completed,3.1,2271.96,62.0,Corporate,WH-02,No,11.0,Wrong Item,4347.44,139.11808,4208.321919999999,4170.401919999999,,,,,,,
ORD-10176,CUST-1061,Manuela Nogueira,,West,France,Retail,PROD-120,Monitor,Clothing,2022-05-24 00:00:00,6,81.78,0.027,93.0,Credit Card,N/A,2.9,5958.39,65.0,Corporate,WH-04,No,5.0,Damaged,490.68,13.24836,477.43164,384.43164,,,,,,,
ORD-10633,CUST-1283,Lucas Ramos,Emma Wilson,East,USA,Online,PROD-124,Printer,Food,2023-05-07 00:00:00,20,319.51,0.183,47.75,Bank Transfer,Completed,4.4,7017.38,31.0,Small Business,WH-01,No,9.0,,6390.2,1169.4066,5220.7934,5173.0434,,,Follow up,,,,
ORD-10761,CUST-1372,Leonardo Silva,Emma Wilson,West,France,Online,PROD-148,Keyboard,Food,2022-11-21 00:00:00,10,854.96,0.013,19.5,,Completed,2.9,3473.59,68.0,Consumer,WH-03,No,10.0,Wrong Item,8549.6,111.1448,8438.4552,8418.9552,,,,,,,
ORD-10932,CUST-1276,Manuela Vieira,Frank Miller,West,Germany,Direct,PROD-113,Desk,Clothing,2025-02-23 00:00:00,20,242.14,0.007,99.46,Cash,Completed,3.2,511.05,32.0,Small Business,WH-03,No,2.0,,4842.799999999999,33.89959999999999,4808.9004,4709.4404,,,,,,,
ORD-10217,CUST-1294,Rafael Santana,Henry Moore,Central,France,Direct,PROD-127,Headphones,Office Supplies,2023-02-22 00:00:00,20,45.19,0.066,35.64,Debit Card,Completed,2.7,4812.43,37.0,Enterprise,WH-01,No,11.0,Late Delivery,903.8,59.6508,844.1492,808.5092,,,,,,,
ORD-10475,CUST-1318,Luana Silva,Grace Taylor,East,USA,Direct,PROD-144,Tablet,Office Supplies,2023-01-08 00:00:00,7,1045.55,0.218,94.96,CASH,Completed,2.9,6699.0,44.0,Consumer,WH-01,No,13.0,Late Delivery,7318.849999999999,1595.5093,5723.3407,5628.3807,,,,,,,
ORD-10225,CUST-1112,Diego Carvalho,Henry Moore,East,Brazil,Direct,PROD-104,Tablet,Furniture,2025-07-28 00:00:00,17,894.18,0.272,93.38,Bank Transfer,COMPLETED,1.7,2712.21,56.0,Consumer,WH-03,Yes,1.0,,15201.06,4134.68832,11066.37168,10972.99168,,,,,,,
ORD-10481,CUST-1116,Bianca Teixeira,Bob Smith,East,USA,Wholesale,PROD-133,Laptop,ELECTRONICS,2023-07-29 00:00:00,4,2319.27,0.279,123.95,Bank Transfer,Returned,2.1,4573.23,49.0,Small Business,WH-02,No,2.0,Customer Changed Mind,9277.08,2588.3053200000004,6688.77468,6564.82468,,,,,,,
ORD-10854,CUST-1305,Rodrigo Nogueira,Emma Wilson,Central,Brazil,Online,PROD-113,Desk,Office Supplies,2022-08-25 00:00:00,10,941.24,0.172,136.43,PayPal,Completed,3.5,5526.67,68.0,Enterprise,WH-02,Yes,1.0,Late Delivery,9412.4,1618.9327999999998,7793.4672,7657.0372,,,,,,,
ORD-10348,CUST-1026,Beatriz Freitas,Bob Smith,Central,USA,Online,PROD-146,Mouse,Food,2025-09-28 00:00:00,6,2436.82,0.224,99.65,Debit Card,Completed,1.7,1810.27,38.0,Consumer,WH-04,No,12.0,Late Delivery,14620.920000000002,3275.0860800000005,11345.83392,11246.18392,,,,,,,
